"../../../Engine/Plugins/2D/Paper2D/Content/PlaceholderTextures/DummySpriteTexture.ubulk" 0
"../../../Engine/Plugins/2D/Paper2D/Content/PlaceholderTextures/DummySpriteTexture.uasset" 1
"../../../Engine/Plugins/2D/Paper2D/Content/PlaceholderTextures/DummySpriteTexture.uexp" 2
"../../../Engine/Plugins/2D/Paper2D/Content/DummySprite.uasset" 3
"../../../Engine/Plugins/2D/Paper2D/Content/DummySprite.uexp" 4
"../../../Engine/Plugins/2D/Paper2D/Content/DefaultPaperTerrainMaterial.uasset" 5
"../../../Engine/Plugins/2D/Paper2D/Content/DefaultPaperTerrainMaterial.uexp" 6
"../../../Engine/Plugins/Animation/ACLPlugin/Content/ACLAnimBoneCompressionSettings.uasset" 7
"../../../Engine/Plugins/Animation/ACLPlugin/Content/ACLAnimBoneCompressionSettings.uexp" 8
"../../../Engine/Content/EngineMaterials/DefaultDestructiblePhysicalMaterial.uasset" 9
"../../../Engine/Content/EngineMaterials/DefaultDestructiblePhysicalMaterial.uexp" 10
"../../../Engine/Content/EngineMaterials/DefaultPhysicalMaterial.uasset" 11
"../../../Engine/Content/EngineMaterials/DefaultPhysicalMaterial.uexp" 12
"../../../Engine/Content/EngineMaterials/T_Default_Material_Grid_M.ubulk" 13
"../../../Engine/Content/EngineMaterials/T_Default_Material_Grid_M.uasset" 14
"../../../Engine/Content/EngineMaterials/T_Default_Material_Grid_M.uexp" 15
"../../../Engine/Content/EngineMaterials/T_Default_Material_Grid_N.ubulk" 16
"../../../Engine/Content/EngineMaterials/T_Default_Material_Grid_N.uasset" 17
"../../../Engine/Content/EngineMaterials/T_Default_Material_Grid_N.uexp" 18
"../../../Engine/Content/Functions/Engine_MaterialFunctions01/Opacity/CameraDepthFade.uasset" 19
"../../../Engine/Content/Functions/Engine_MaterialFunctions01/Opacity/CameraDepthFade.uexp" 20
"../../../Engine/Content/EngineMaterials/WorldGridMaterial.uasset" 21
"../../../Engine/Content/EngineMaterials/WorldGridMaterial.uexp" 22
"../../../Engine/Plugins/Animation/ControlRig/Content/Controls/ControlRig_Circle_solid.ubulk" 23
"../../../Engine/Plugins/Animation/ControlRig/Content/Controls/ControlRig_Circle_solid.uasset" 24
"../../../Engine/Plugins/Animation/ControlRig/Content/Controls/ControlRig_Circle_solid.uexp" 25
"../../../Engine/Content/EditorMaterials/PreviewShadowIndicator.ubulk" 26
"../../../Engine/Content/EditorMaterials/PreviewShadowIndicator.uasset" 27
"../../../Engine/Content/EditorMaterials/PreviewShadowIndicator.uexp" 28
"../../../Engine/Content/EditorMaterials/PreviewShadowIndicatorMaterial.uasset" 29
"../../../Engine/Content/EditorMaterials/PreviewShadowIndicatorMaterial.uexp" 30
"../../../Engine/Plugins/Interchange/Assets/Content/Functions/MX_SheenBSDF.uasset" 31
"../../../Engine/Plugins/Interchange/Assets/Content/Functions/MX_SheenBSDF.uexp" 32
"../../../Engine/Plugins/Animation/DeformerGraph/Content/DeformerFunctions/DG_Function_LinearBlendSkin_Morph_Cloth.uasset" 33
"../../../Engine/Plugins/Animation/DeformerGraph/Content/DeformerFunctions/DG_Function_LinearBlendSkin_Morph_Cloth.uexp" 34
"../../../Engine/Plugins/Animation/DeformerGraph/Content/Deformers/DG_LinearBlendSkin_Morph_Cloth.uasset" 35
"../../../Engine/Plugins/Animation/DeformerGraph/Content/Deformers/DG_LinearBlendSkin_Morph_Cloth.uexp" 36
"../../../Engine/Plugins/Animation/ControlRig/Content/Controls/ControlRig_Diamond_1mm.ubulk" 37
"../../../Engine/Plugins/Animation/ControlRig/Content/Controls/ControlRig_Diamond_1mm.uasset" 38
"../../../Engine/Plugins/Animation/ControlRig/Content/Controls/ControlRig_Diamond_1mm.uexp" 39
"../../../Engine/Plugins/Animation/DeformerGraph/Content/DeformerFunctions/DG_Function_ComputeNormalsTangents.uasset" 40
"../../../Engine/Plugins/Animation/DeformerGraph/Content/DeformerFunctions/DG_Function_ComputeNormalsTangents.uexp" 41
"../../../Engine/Plugins/Animation/DeformerGraph/Content/DeformerFunctions/DG_Function_LinearBlendSkin_Morph_Cloth_PositionOnly.uasset" 42
"../../../Engine/Plugins/Animation/DeformerGraph/Content/DeformerFunctions/DG_Function_LinearBlendSkin_Morph_Cloth_PositionOnly.uexp" 43
"../../../Engine/Plugins/Animation/DeformerGraph/Content/Deformers/DG_LinearBlendSkin_Morph_Cloth_RecomputeNormals.uasset" 44
"../../../Engine/Plugins/Animation/DeformerGraph/Content/Deformers/DG_LinearBlendSkin_Morph_Cloth_RecomputeNormals.uexp" 45
"../../../Engine/Content/EngineMeshes/Sphere.ubulk" 46
"../../../Engine/Content/EngineMeshes/Sphere.uasset" 47
"../../../Engine/Content/EngineMeshes/Sphere.uexp" 48
"../../../Engine/Plugins/Animation/ControlRig/Content/Controls/ControlRig_Diamond_3mm.ubulk" 49
"../../../Engine/Plugins/Animation/ControlRig/Content/Controls/ControlRig_Diamond_3mm.uasset" 50
"../../../Engine/Plugins/Animation/ControlRig/Content/Controls/ControlRig_Diamond_3mm.uexp" 51
"../../../Engine/Plugins/Animation/ControlRig/Content/Controls/ControlRig_Diamond_solid.ubulk" 52
"../../../Engine/Plugins/Animation/ControlRig/Content/Controls/ControlRig_Diamond_solid.uasset" 53
"../../../Engine/Plugins/Animation/ControlRig/Content/Controls/ControlRig_Diamond_solid.uexp" 54
"../../../Engine/Plugins/Interchange/Assets/Content/Functions/MX_SubsurfaceBSDF.uasset" 55
"../../../Engine/Plugins/Interchange/Assets/Content/Functions/MX_SubsurfaceBSDF.uexp" 56
"../../../Engine/Plugins/Animation/ControlRig/Content/Controls/ControlRig_HalfCircle_1mm.ubulk" 57
"../../../Engine/Plugins/Animation/ControlRig/Content/Controls/ControlRig_HalfCircle_1mm.uasset" 58
"../../../Engine/Plugins/Animation/ControlRig/Content/Controls/ControlRig_HalfCircle_1mm.uexp" 59
"../../../Engine/Plugins/Interchange/Assets/Content/Functions/MX_Surface.uasset" 60
"../../../Engine/Plugins/Interchange/Assets/Content/Functions/MX_Surface.uexp" 61
"../../../Engine/Plugins/Interchange/Assets/Content/Functions/MX_SurfaceUnlit.uasset" 62
"../../../Engine/Plugins/Interchange/Assets/Content/Functions/MX_SurfaceUnlit.uexp" 63
"../../../Engine/Plugins/Animation/ControlRig/Content/Controls/ControlRig_HalfCircle_3mm.ubulk" 64
"../../../Engine/Plugins/Animation/ControlRig/Content/Controls/ControlRig_HalfCircle_3mm.uasset" 65
"../../../Engine/Plugins/Animation/ControlRig/Content/Controls/ControlRig_HalfCircle_3mm.uexp" 66
"../../../Engine/Plugins/2D/Paper2D/Content/DefaultSpriteMaterial.uasset" 67
"../../../Engine/Plugins/2D/Paper2D/Content/DefaultSpriteMaterial.uexp" 68
"../../../Engine/Plugins/2D/Paper2D/Content/MaskedUnlitSpriteMaterial.uasset" 69
"../../../Engine/Plugins/2D/Paper2D/Content/MaskedUnlitSpriteMaterial.uexp" 70
"../../../Engine/Plugins/Animation/ControlRig/Content/Controls/ControlRig_HalfCircle_solid.ubulk" 71
"../../../Engine/Plugins/Animation/ControlRig/Content/Controls/ControlRig_HalfCircle_solid.uasset" 72
"../../../Engine/Plugins/Animation/ControlRig/Content/Controls/ControlRig_HalfCircle_solid.uexp" 73
"../../../Engine/Plugins/2D/Paper2D/Content/OpaqueUnlitSpriteMaterial.uasset" 74
"../../../Engine/Plugins/2D/Paper2D/Content/OpaqueUnlitSpriteMaterial.uexp" 75
"../../../Engine/Content/BasicShapes/Cube.ubulk" 76
"../../../Engine/Content/BasicShapes/Cube.uasset" 77
"../../../Engine/Content/BasicShapes/Cube.uexp" 78
"../../../Engine/Content/BasicShapes/BasicShapeMaterial.uasset" 79
"../../../Engine/Content/BasicShapes/BasicShapeMaterial.uexp" 80
"C:/Tidy/TidyPrototype/Content/Blueprints/BP_GameStartCollider.uasset" 81
"C:/Tidy/TidyPrototype/Content/Blueprints/BP_GameStartCollider.uexp" 82
"../../../Engine/Plugins/Interchange/Assets/Content/Functions/MX_TranslucentBSDF.uasset" 83
"../../../Engine/Plugins/Interchange/Assets/Content/Functions/MX_TranslucentBSDF.uexp" 84
"../../../Engine/Plugins/Animation/ControlRig/Content/Controls/ControlRig_Hexagon_1mm.ubulk" 85
"../../../Engine/Plugins/Animation/ControlRig/Content/Controls/ControlRig_Hexagon_1mm.uasset" 86
"../../../Engine/Plugins/Animation/ControlRig/Content/Controls/ControlRig_Hexagon_1mm.uexp" 87
"../../../Engine/Content/Functions/Engine_MaterialFunctions02/WorldPositionOffset/CameraOffset.uasset" 88
"../../../Engine/Content/Functions/Engine_MaterialFunctions02/WorldPositionOffset/CameraOffset.uexp" 89
"../../../Engine/Plugins/Animation/ControlRig/Content/M_Manip.uasset" 90
"../../../Engine/Plugins/Animation/ControlRig/Content/M_Manip.uexp" 91
"../../../Engine/Plugins/Interchange/Assets/Content/Functions/MX_UniformEDF.uasset" 92
"../../../Engine/Plugins/Interchange/Assets/Content/Functions/MX_UniformEDF.uexp" 93
"../../../Engine/Plugins/Animation/ControlRig/Content/Controls/ControlRig_Hexagon_3mm.ubulk" 94
"../../../Engine/Plugins/Animation/ControlRig/Content/Controls/ControlRig_Hexagon_3mm.uasset" 95
"../../../Engine/Plugins/Animation/ControlRig/Content/Controls/ControlRig_Hexagon_3mm.uexp" 96
"../../../Engine/Plugins/Interchange/Assets/Content/Functions/MX_UsdPreviewSurface.uasset" 97
"../../../Engine/Plugins/Interchange/Assets/Content/Functions/MX_UsdPreviewSurface.uexp" 98
"../../../Engine/Plugins/Animation/ControlRig/Content/Controls/ControlRig_Hexagon_solid.ubulk" 99
"../../../Engine/Plugins/Animation/ControlRig/Content/Controls/ControlRig_Hexagon_solid.uasset" 100
"../../../Engine/Plugins/Animation/ControlRig/Content/Controls/ControlRig_Hexagon_solid.uexp" 101
"../../../Engine/Content/EngineResources/Black.uasset" 102
"../../../Engine/Content/EngineResources/Black.uexp" 103
"C:/Tidy/TidyPrototype/Content/Assets/House/Roof_Base_color.ubulk" 104
"C:/Tidy/TidyPrototype/Content/Assets/House/Roof_Base_color.uasset" 105
"C:/Tidy/TidyPrototype/Content/Assets/House/Roof_Base_color.uexp" 106
"C:/Tidy/TidyPrototype/Content/Assets/House/Roof_Base_color_Mat.uasset" 107
"C:/Tidy/TidyPrototype/Content/Assets/House/Roof_Base_color_Mat.uexp" 108
"C:/Tidy/TidyPrototype/Content/SM_MergedRoof2.uasset" 109
"C:/Tidy/TidyPrototype/Content/SM_MergedRoof2.uexp" 110
"../../../Engine/Plugins/Animation/ControlRig/Content/Controls/ControlRig_Octagon_1mm.ubulk" 111
"../../../Engine/Plugins/Animation/ControlRig/Content/Controls/ControlRig_Octagon_1mm.uasset" 112
"../../../Engine/Plugins/Animation/ControlRig/Content/Controls/ControlRig_Octagon_1mm.uexp" 113
"../../../Engine/Plugins/Animation/ControlRig/Content/Controls/ControlRig_Octagon_3mm.ubulk" 114
"../../../Engine/Plugins/Animation/ControlRig/Content/Controls/ControlRig_Octagon_3mm.uasset" 115
"../../../Engine/Plugins/Animation/ControlRig/Content/Controls/ControlRig_Octagon_3mm.uexp" 116
"../../../Engine/Content/EngineResources/DefaultTextureCube.uasset" 117
"../../../Engine/Content/EngineResources/DefaultTextureCube.uexp" 118
"../../../Engine/Plugins/Animation/ControlRig/Content/Controls/ControlRig_Octagon_solid.ubulk" 119
"../../../Engine/Plugins/Animation/ControlRig/Content/Controls/ControlRig_Octagon_solid.uasset" 120
"../../../Engine/Plugins/Animation/ControlRig/Content/Controls/ControlRig_Octagon_solid.uexp" 121
"../../../Engine/Content/EngineResources/DefaultVolumeTexture2D.uasset" 122
"../../../Engine/Content/EngineResources/DefaultVolumeTexture2D.uexp" 123
"../../../Engine/Content/EngineResources/DefaultVolumeTexture.uasset" 124
"../../../Engine/Content/EngineResources/DefaultVolumeTexture.uexp" 125
"../../../Engine/Plugins/Animation/ControlRig/Content/Controls/ControlRig_Pyramid_1mm.ubulk" 126
"../../../Engine/Plugins/Animation/ControlRig/Content/Controls/ControlRig_Pyramid_1mm.uasset" 127
"../../../Engine/Plugins/Animation/ControlRig/Content/Controls/ControlRig_Pyramid_1mm.uexp" 128
"C:/Tidy/TidyPrototype/Content/SM_ShowerDoorCube.uasset" 129
"C:/Tidy/TidyPrototype/Content/SM_ShowerDoorCube.uexp" 130
"../../../Engine/Content/Functions/Engine_MaterialFunctions02/Utility/VectorLength.uasset" 131
"../../../Engine/Content/Functions/Engine_MaterialFunctions02/Utility/VectorLength.uexp" 132
"../../../Engine/Content/Functions/Engine_MaterialFunctions02/WorldPositionOffset/ObjectScale.uasset" 133
"../../../Engine/Content/Functions/Engine_MaterialFunctions02/WorldPositionOffset/ObjectScale.uexp" 134
"../../../Engine/Content/Functions/Engine_MaterialFunctions02/Utility/BreakOutFloat3Components.uasset" 135
"../../../Engine/Content/Functions/Engine_MaterialFunctions02/Utility/BreakOutFloat3Components.uexp" 136
"../../../Engine/Plugins/Editor/SpeedTreeImporter/Content/SpeedTree9/Empty.uasset" 137
"../../../Engine/Plugins/Editor/SpeedTreeImporter/Content/SpeedTree9/Empty.uexp" 138
"../../../Engine/Plugins/Editor/SpeedTreeImporter/Content/SpeedTree9/EmptyNormal.uasset" 139
"../../../Engine/Plugins/Editor/SpeedTreeImporter/Content/SpeedTree9/EmptyNormal.uexp" 140
"../../../Engine/Plugins/Editor/SpeedTreeImporter/Content/SpeedTree9/game_wind_noise.ubulk" 141
"../../../Engine/Plugins/Editor/SpeedTreeImporter/Content/SpeedTree9/game_wind_noise.uasset" 142
"../../../Engine/Plugins/Editor/SpeedTreeImporter/Content/SpeedTree9/game_wind_noise.uexp" 143
"../../../Engine/Plugins/Editor/SpeedTreeImporter/Content/SpeedTree9/SpeedTreeBillboard.uasset" 144
"../../../Engine/Plugins/Editor/SpeedTreeImporter/Content/SpeedTree9/SpeedTreeBillboard.uexp" 145
"../../../Engine/Content/Functions/Engine_MaterialFunctions02/SafeNormalize.uasset" 146
"../../../Engine/Content/Functions/Engine_MaterialFunctions02/SafeNormalize.uexp" 147
"../../../Engine/Plugins/Editor/SpeedTreeImporter/Content/SpeedTree9/SpeedTreeWindMotion.uasset" 148
"../../../Engine/Plugins/Editor/SpeedTreeImporter/Content/SpeedTree9/SpeedTreeWindMotion.uexp" 149
"../../../Engine/Plugins/Editor/SpeedTreeImporter/Content/SpeedTree9/UnpackDirection.uasset" 150
"../../../Engine/Plugins/Editor/SpeedTreeImporter/Content/SpeedTree9/UnpackDirection.uexp" 151
"../../../Engine/Plugins/Editor/SpeedTreeImporter/Content/SpeedTree9/UnpackInteger3.uasset" 152
"../../../Engine/Plugins/Editor/SpeedTreeImporter/Content/SpeedTree9/UnpackInteger3.uexp" 153
"../../../Engine/Plugins/Editor/SpeedTreeImporter/Content/SpeedTree9/SpeedTreeBranchMotion.uasset" 154
"../../../Engine/Plugins/Editor/SpeedTreeImporter/Content/SpeedTree9/SpeedTreeBranchMotion.uexp" 155
"../../../Engine/Content/Functions/Engine_MaterialFunctions02/ObjectLocalBounds.uasset" 156
"../../../Engine/Content/Functions/Engine_MaterialFunctions02/ObjectLocalBounds.uexp" 157
"../../../Engine/Content/Functions/Engine_MaterialFunctions02/UVs/BoundingBoxBased_0-1_UVW.uasset" 158
"../../../Engine/Content/Functions/Engine_MaterialFunctions02/UVs/BoundingBoxBased_0-1_UVW.uexp" 159
"../../../Engine/Plugins/Editor/SpeedTreeImporter/Content/SpeedTree9/SpeedTreeWind.uasset" 160
"../../../Engine/Plugins/Editor/SpeedTreeImporter/Content/SpeedTree9/SpeedTreeWind.uexp" 161
"../../../Engine/Plugins/Editor/SpeedTreeImporter/Content/SpeedTree9/SpeedTreeBillboardMaster.uasset" 162
"../../../Engine/Plugins/Editor/SpeedTreeImporter/Content/SpeedTree9/SpeedTreeBillboardMaster.uexp" 163
"../../../Engine/Plugins/Animation/ControlRig/Content/Controls/ControlRig_Pyramid_3mm.ubulk" 164
"../../../Engine/Plugins/Animation/ControlRig/Content/Controls/ControlRig_Pyramid_3mm.uasset" 165
"../../../Engine/Plugins/Animation/ControlRig/Content/Controls/ControlRig_Pyramid_3mm.uexp" 166
"../../../Engine/Content/EngineResources/GradientTexture0.uasset" 167
"../../../Engine/Content/EngineResources/GradientTexture0.uexp" 168
"../../../Engine/Plugins/Animation/ControlRig/Content/Controls/ControlRig_Pyramid_solid.ubulk" 169
"../../../Engine/Plugins/Animation/ControlRig/Content/Controls/ControlRig_Pyramid_solid.uasset" 170
"../../../Engine/Plugins/Animation/ControlRig/Content/Controls/ControlRig_Pyramid_solid.uexp" 171
"../../../Engine/Content/EngineMaterials/BlendFunc_DefBase.uasset" 172
"../../../Engine/Content/EngineMaterials/BlendFunc_DefBase.uexp" 173
"../../../Engine/Content/EngineMaterials/BlendFunc_DefBlend.uasset" 174
"../../../Engine/Content/EngineMaterials/BlendFunc_DefBlend.uexp" 175
"../../../Engine/Content/Functions/Engine_MaterialFunctions03/Blends/Blend_Overlay.uasset" 176
"../../../Engine/Content/Functions/Engine_MaterialFunctions03/Blends/Blend_Overlay.uexp" 177
"C:/Tidy/TidyPrototype/Content/Assets/MiscHouse/standardSurface2SG_Base_color.ubulk" 178
"C:/Tidy/TidyPrototype/Content/Assets/MiscHouse/standardSurface2SG_Base_color.uasset" 179
"C:/Tidy/TidyPrototype/Content/Assets/MiscHouse/standardSurface2SG_Base_color.uexp" 180
"C:/Tidy/TidyPrototype/Content/Assets/MiscHouse/standardSurface2SG_Metallic.ubulk" 181
"C:/Tidy/TidyPrototype/Content/Assets/MiscHouse/standardSurface2SG_Metallic.uasset" 182
"C:/Tidy/TidyPrototype/Content/Assets/MiscHouse/standardSurface2SG_Metallic.uexp" 183
"C:/Tidy/TidyPrototype/Content/Assets/MiscHouse/standardSurface2SG_Normal_OpenGL.ubulk" 184
"C:/Tidy/TidyPrototype/Content/Assets/MiscHouse/standardSurface2SG_Normal_OpenGL.uasset" 185
"C:/Tidy/TidyPrototype/Content/Assets/MiscHouse/standardSurface2SG_Normal_OpenGL.uexp" 186
"C:/Tidy/TidyPrototype/Content/Assets/MiscHouse/standardSurface2SG_Roughness.ubulk" 187
"C:/Tidy/TidyPrototype/Content/Assets/MiscHouse/standardSurface2SG_Roughness.uasset" 188
"C:/Tidy/TidyPrototype/Content/Assets/MiscHouse/standardSurface2SG_Roughness.uexp" 189
"C:/Tidy/TidyPrototype/Content/Assets/MiscHouse/M_ModularDinningRoom+twoPics.uasset" 190
"C:/Tidy/TidyPrototype/Content/Assets/MiscHouse/M_ModularDinningRoom+twoPics.uexp" 191
"C:/Tidy/TidyPrototype/Content/Assets/MiscHouse/MI_Railings.uasset" 192
"C:/Tidy/TidyPrototype/Content/Assets/MiscHouse/MI_Railings.uexp" 193
"C:/Tidy/TidyPrototype/Content/SM_Staircase.uasset" 194
"C:/Tidy/TidyPrototype/Content/SM_Staircase.uexp" 195
"../../../Engine/Plugins/Animation/ControlRig/Content/Controls/ControlRig_QuarterCircle_1mm.ubulk" 196
"../../../Engine/Plugins/Animation/ControlRig/Content/Controls/ControlRig_QuarterCircle_1mm.uasset" 197
"../../../Engine/Plugins/Animation/ControlRig/Content/Controls/ControlRig_QuarterCircle_1mm.uexp" 198
"../../../Engine/Plugins/Editor/SpeedTreeImporter/Content/SpeedTree9/SpeedTreeCameraFacing.uasset" 199
"../../../Engine/Plugins/Editor/SpeedTreeImporter/Content/SpeedTree9/SpeedTreeCameraFacing.uexp" 200
"../../../Engine/Plugins/Editor/SpeedTreeImporter/Content/SpeedTree9/SpeedTreeMaster.uasset" 201
"../../../Engine/Plugins/Editor/SpeedTreeImporter/Content/SpeedTree9/SpeedTreeMaster.uexp" 202
"../../../Engine/Plugins/Animation/ControlRig/Content/Controls/ControlRig_QuarterCircle_3mm.ubulk" 203
"../../../Engine/Plugins/Animation/ControlRig/Content/Controls/ControlRig_QuarterCircle_3mm.uasset" 204
"../../../Engine/Plugins/Animation/ControlRig/Content/Controls/ControlRig_QuarterCircle_3mm.uexp" 205
"../../../Engine/Plugins/Animation/ControlRig/Content/Controls/ControlRig_QuarterCircle_solid.ubulk" 206
"../../../Engine/Plugins/Animation/ControlRig/Content/Controls/ControlRig_QuarterCircle_solid.uasset" 207
"../../../Engine/Plugins/Animation/ControlRig/Content/Controls/ControlRig_QuarterCircle_solid.uexp" 208
"../../../Engine/Content/EngineResources/LandscapeVisibilityLayerInfo.uasset" 209
"../../../Engine/Content/EngineResources/LandscapeVisibilityLayerInfo.uexp" 210
"../../../Engine/Plugins/Animation/ControlRig/Content/Controls/ControlRig_RoundedSquare_1mm.ubulk" 211
"../../../Engine/Plugins/Animation/ControlRig/Content/Controls/ControlRig_RoundedSquare_1mm.uasset" 212
"../../../Engine/Plugins/Animation/ControlRig/Content/Controls/ControlRig_RoundedSquare_1mm.uexp" 213
"../../../Engine/Content/EngineMaterials/DefaultMaterial.uasset" 214
"../../../Engine/Content/EngineMaterials/DefaultMaterial.uexp" 215
"../../../Engine/Content/BasicShapes/Cone.ubulk" 216
"../../../Engine/Content/BasicShapes/Cone.uasset" 217
"../../../Engine/Content/BasicShapes/Cone.uexp" 218
"../../../Engine/Plugins/Animation/ControlRig/Content/Controls/ControlRig_RoundedSquare_3mm.ubulk" 219
"../../../Engine/Plugins/Animation/ControlRig/Content/Controls/ControlRig_RoundedSquare_3mm.uasset" 220
"../../../Engine/Plugins/Animation/ControlRig/Content/Controls/ControlRig_RoundedSquare_3mm.uexp" 221
"../../../Engine/Plugins/Animation/ControlRig/Content/Controls/ControlRig_RoundedSquare_solid.ubulk" 222
"../../../Engine/Plugins/Animation/ControlRig/Content/Controls/ControlRig_RoundedSquare_solid.uasset" 223
"../../../Engine/Plugins/Animation/ControlRig/Content/Controls/ControlRig_RoundedSquare_solid.uexp" 224
"../../../Engine/Plugins/Animation/ControlRig/Content/Controls/ControlRig_RoundedTriangle_1mm.ubulk" 225
"../../../Engine/Plugins/Animation/ControlRig/Content/Controls/ControlRig_RoundedTriangle_1mm.uasset" 226
"../../../Engine/Plugins/Animation/ControlRig/Content/Controls/ControlRig_RoundedTriangle_1mm.uexp" 227
"../../../Engine/Plugins/Animation/ControlRig/Content/Controls/ControlRig_RoundedTriangle_3mm.ubulk" 228
"../../../Engine/Plugins/Animation/ControlRig/Content/Controls/ControlRig_RoundedTriangle_3mm.uasset" 229
"../../../Engine/Plugins/Animation/ControlRig/Content/Controls/ControlRig_RoundedTriangle_3mm.uexp" 230
"../../../Engine/Content/BasicShapes/Cylinder.ubulk" 231
"../../../Engine/Content/BasicShapes/Cylinder.uasset" 232
"../../../Engine/Content/BasicShapes/Cylinder.uexp" 233
"../../../Engine/Plugins/Animation/ControlRig/Content/Controls/ControlRig_RoundedTriangle_solid.ubulk" 234
"../../../Engine/Plugins/Animation/ControlRig/Content/Controls/ControlRig_RoundedTriangle_solid.uasset" 235
"../../../Engine/Plugins/Animation/ControlRig/Content/Controls/ControlRig_RoundedTriangle_solid.uexp" 236
"../../../Engine/Plugins/Animation/ControlRig/Content/Controls/ControlRig_Sphere_1mm.ubulk" 237
"../../../Engine/Plugins/Animation/ControlRig/Content/Controls/ControlRig_Sphere_1mm.uasset" 238
"../../../Engine/Plugins/Animation/ControlRig/Content/Controls/ControlRig_Sphere_1mm.uexp" 239
"../../../Engine/Plugins/Media/MediaPlate/Content/SM_MediaPlateScreen.ubulk" 240
"../../../Engine/Plugins/Media/MediaPlate/Content/SM_MediaPlateScreen.uasset" 241
"../../../Engine/Plugins/Media/MediaPlate/Content/SM_MediaPlateScreen.uexp" 242
"../../../Engine/Plugins/Animation/ControlRig/Content/Controls/ControlRig_Sphere_3mm.ubulk" 243
"../../../Engine/Plugins/Animation/ControlRig/Content/Controls/ControlRig_Sphere_3mm.uasset" 244
"../../../Engine/Plugins/Animation/ControlRig/Content/Controls/ControlRig_Sphere_3mm.uexp" 245
"../../../Engine/Content/BasicShapes/Plane.ubulk" 246
"../../../Engine/Content/BasicShapes/Plane.uasset" 247
"../../../Engine/Content/BasicShapes/Plane.uexp" 248
"../../../Engine/Plugins/NNE/NNEDenoiser/Content/NNEDIM_ColorAlbedoNormal_Alpha.uasset" 249
"../../../Engine/Plugins/NNE/NNEDenoiser/Content/NNEDIM_ColorAlbedoNormal_Alpha.uexp" 250
"../../../Engine/Plugins/NNE/NNEDenoiser/Content/NNEDIM_ColorAlbedoNormal_Default.uasset" 251
"../../../Engine/Plugins/NNE/NNEDenoiser/Content/NNEDIM_ColorAlbedoNormal_Default.uexp" 252
"../../../Engine/Plugins/NNE/NNEDenoiser/Content/NNEDIM_HighQuality_Alpha.uasset" 253
"../../../Engine/Plugins/NNE/NNEDenoiser/Content/NNEDIM_HighQuality_Alpha.uexp" 254
"../../../Engine/Plugins/Animation/ControlRig/Content/Controls/ControlRig_Sphere_solid.ubulk" 255
"../../../Engine/Plugins/Animation/ControlRig/Content/Controls/ControlRig_Sphere_solid.uasset" 256
"../../../Engine/Plugins/Animation/ControlRig/Content/Controls/ControlRig_Sphere_solid.uexp" 257
"../../../Engine/Plugins/NNE/NNEDenoiser/Content/NNEDIM_HighQuality_Default.uasset" 258
"../../../Engine/Plugins/NNE/NNEDenoiser/Content/NNEDIM_HighQuality_Default.uexp" 259
"../../../Engine/Plugins/NNE/NNEDenoiser/Content/NNEDOM_Output_Alpha.uasset" 260
"../../../Engine/Plugins/NNE/NNEDenoiser/Content/NNEDOM_Output_Alpha.uexp" 261
"../../../Engine/Content/BasicShapes/Sphere.ubulk" 262
"../../../Engine/Content/BasicShapes/Sphere.uasset" 263
"../../../Engine/Content/BasicShapes/Sphere.uexp" 264
"../../../Engine/Plugins/NNE/NNEDenoiser/Content/NNEDOM_Output_Default.uasset" 265
"../../../Engine/Plugins/NNE/NNEDenoiser/Content/NNEDOM_Output_Default.uexp" 266
"../../../Engine/Plugins/NNE/NNEDenoiser/Content/NNEDTIM_ColorAlbedoNormal_Alpha.uasset" 267
"../../../Engine/Plugins/NNE/NNEDenoiser/Content/NNEDTIM_ColorAlbedoNormal_Alpha.uexp" 268
"../../../Engine/Plugins/Animation/ControlRig/Content/Controls/ControlRig_Square_1mm.ubulk" 269
"../../../Engine/Plugins/Animation/ControlRig/Content/Controls/ControlRig_Square_1mm.uasset" 270
"../../../Engine/Plugins/Animation/ControlRig/Content/Controls/ControlRig_Square_1mm.uexp" 271
"../../../Engine/Plugins/NNE/NNEDenoiser/Content/NNEDTIM_ColorAlbedoNormal_Default.uasset" 272
"../../../Engine/Plugins/NNE/NNEDenoiser/Content/NNEDTIM_ColorAlbedoNormal_Default.uexp" 273
"../../../Engine/Plugins/NNE/NNEDenoiser/Content/NNEDTOM_Output_Alpha.uasset" 274
"../../../Engine/Plugins/NNE/NNEDenoiser/Content/NNEDTOM_Output_Alpha.uexp" 275
"../../../Engine/Plugins/NNE/NNEDenoiser/Content/NNEDTOM_Output_Default.uasset" 276
"../../../Engine/Plugins/NNE/NNEDenoiser/Content/NNEDTOM_Output_Default.uexp" 277
"../../../Engine/Plugins/NNE/NNEDenoiser/Content/NNEDT_Oidn2-3_Balanced.uasset" 278
"../../../Engine/Plugins/NNE/NNEDenoiser/Content/NNEDT_Oidn2-3_Balanced.uexp" 279
"../../../Engine/Plugins/NNE/NNEDenoiser/Content/NNEDT_Oidn2-3_Balanced_Alpha.uasset" 280
"../../../Engine/Plugins/NNE/NNEDenoiser/Content/NNEDT_Oidn2-3_Balanced_Alpha.uexp" 281
"../../../Engine/Plugins/NNE/NNEDenoiser/Content/NNED_Oidn2-3_Balanced.uasset" 282
"../../../Engine/Plugins/NNE/NNEDenoiser/Content/NNED_Oidn2-3_Balanced.uexp" 283
"../../../Engine/Plugins/Animation/ControlRig/Content/Controls/ControlRig_Square_3mm.ubulk" 284
"../../../Engine/Plugins/Animation/ControlRig/Content/Controls/ControlRig_Square_3mm.uasset" 285
"../../../Engine/Plugins/Animation/ControlRig/Content/Controls/ControlRig_Square_3mm.uexp" 286
"../../../Engine/Plugins/NNE/NNEDenoiser/Content/NNED_Oidn2-3_Balanced_Alpha.uasset" 287
"../../../Engine/Plugins/NNE/NNEDenoiser/Content/NNED_Oidn2-3_Balanced_Alpha.uexp" 288
"../../../Engine/Plugins/NNE/NNEDenoiser/Content/NNED_Oidn2-3_Fast.uasset" 289
"../../../Engine/Plugins/NNE/NNEDenoiser/Content/NNED_Oidn2-3_Fast.uexp" 290
"../../../Engine/Plugins/NNE/NNEDenoiser/Content/NNED_Oidn2-3_Fast_Alpha.uasset" 291
"../../../Engine/Plugins/NNE/NNEDenoiser/Content/NNED_Oidn2-3_Fast_Alpha.uexp" 292
"../../../Engine/Plugins/NNE/NNEDenoiser/Content/NNED_Oidn2-3_HighQuality.uasset" 293
"../../../Engine/Plugins/NNE/NNEDenoiser/Content/NNED_Oidn2-3_HighQuality.uexp" 294
"../../../Engine/Plugins/NNE/NNEDenoiser/Content/NNED_Oidn2-3_HighQuality_Alpha.uasset" 295
"../../../Engine/Plugins/NNE/NNEDenoiser/Content/NNED_Oidn2-3_HighQuality_Alpha.uexp" 296
"../../../Engine/Plugins/NNE/NNEDenoiser/Content/NNE_oidn2-3-0_rt_hdr_alb_nrm_small__dyn__fp16_opset11_DenoiseAlpha.uasset" 297
"../../../Engine/Plugins/NNE/NNEDenoiser/Content/NNE_oidn2-3-0_rt_hdr_alb_nrm_small__dyn__fp16_opset11_DenoiseAlpha.uexp" 298
"../../../Engine/Plugins/NNE/NNEDenoiser/Content/NNE_oidn2-3-0_rt_hdr_alb_nrm_small__dyn__fp16_opset11_ForwardAlpha.uasset" 299
"../../../Engine/Plugins/NNE/NNEDenoiser/Content/NNE_oidn2-3-0_rt_hdr_alb_nrm_small__dyn__fp16_opset11_ForwardAlpha.uexp" 300
"../../../Engine/Plugins/NNE/NNEDenoiser/Content/NNE_oidn2-3-0_rt_hdr_alb_nrm__dyn__fp16_opset11_DenoiseAlpha.uasset" 301
"../../../Engine/Plugins/NNE/NNEDenoiser/Content/NNE_oidn2-3-0_rt_hdr_alb_nrm__dyn__fp16_opset11_DenoiseAlpha.uexp" 302
"../../../Engine/Plugins/NNE/NNEDenoiser/Content/NNE_oidn2-3-0_rt_hdr_alb_nrm__dyn__fp16_opset11_ForwardAlpha.uasset" 303
"../../../Engine/Plugins/NNE/NNEDenoiser/Content/NNE_oidn2-3-0_rt_hdr_alb_nrm__dyn__fp16_opset11_ForwardAlpha.uexp" 304
"../../../Engine/Plugins/NNE/NNEDenoiser/Content/NNE_oidn2-3-0_rt_hdr_calb_cnrm_large__dyn__fp16_opset11_DenoiseAlpha.uasset" 305
"../../../Engine/Plugins/NNE/NNEDenoiser/Content/NNE_oidn2-3-0_rt_hdr_calb_cnrm_large__dyn__fp16_opset11_DenoiseAlpha.uexp" 306
"../../../Engine/Plugins/NNE/NNEDenoiser/Content/NNE_oidn2-3-0_rt_hdr_calb_cnrm_large__dyn__fp16_opset11_ForwardAlpha.uasset" 307
"../../../Engine/Plugins/NNE/NNEDenoiser/Content/NNE_oidn2-3-0_rt_hdr_calb_cnrm_large__dyn__fp16_opset11_ForwardAlpha.uexp" 308
"../../../Engine/Plugins/Animation/ControlRig/Content/Controls/ControlRig_Square_solid.ubulk" 309
"../../../Engine/Plugins/Animation/ControlRig/Content/Controls/ControlRig_Square_solid.uasset" 310
"../../../Engine/Plugins/Animation/ControlRig/Content/Controls/ControlRig_Square_solid.uexp" 311
"../../../Engine/Plugins/Runtime/HairStrands/Content/Materials/HairCardsDefaultMaterial.uasset" 312
"../../../Engine/Plugins/Runtime/HairStrands/Content/Materials/HairCardsDefaultMaterial.uexp" 313
"../../../Engine/Plugins/Animation/ControlRig/Content/Controls/ControlRig_Star4_1mm.ubulk" 314
"../../../Engine/Plugins/Animation/ControlRig/Content/Controls/ControlRig_Star4_1mm.uasset" 315
"../../../Engine/Plugins/Animation/ControlRig/Content/Controls/ControlRig_Star4_1mm.uexp" 316
"../../../Engine/Plugins/Runtime/CommonUI/Content/DefaultMediaTexture.uasset" 317
"../../../Engine/Plugins/Runtime/CommonUI/Content/DefaultMediaTexture.uexp" 318
"../../../Engine/Plugins/Runtime/CommonUI/Content/VideoPlayerMaterial.uasset" 319
"../../../Engine/Plugins/Runtime/CommonUI/Content/VideoPlayerMaterial.uexp" 320
"../../../Engine/Plugins/Animation/ControlRig/Content/Controls/ControlRig_Star4_3mm.ubulk" 321
"../../../Engine/Plugins/Animation/ControlRig/Content/Controls/ControlRig_Star4_3mm.uasset" 322
"../../../Engine/Plugins/Animation/ControlRig/Content/Controls/ControlRig_Star4_3mm.uexp" 323
"../../../Engine/Content/Functions/Engine_MaterialFunctions02/Utility/MakeFloat2.uasset" 324
"../../../Engine/Content/Functions/Engine_MaterialFunctions02/Utility/MakeFloat2.uexp" 325
"../../../Engine/Content/Functions/Engine_MaterialFunctions02/Utility/MakeFloat3.uasset" 326
"../../../Engine/Content/Functions/Engine_MaterialFunctions02/Utility/MakeFloat3.uexp" 327
"../../../Engine/Content/EngineMaterials/HairColorMap.uasset" 328
"../../../Engine/Content/EngineMaterials/HairColorMap.uexp" 329
"../../../Engine/Content/EngineMaterials/HairDebugColor.uasset" 330
"../../../Engine/Content/EngineMaterials/HairDebugColor.uexp" 331
"../../../Engine/Plugins/Runtime/HairStrands/Content/Materials/HairGroupColors.uasset" 332
"../../../Engine/Plugins/Runtime/HairStrands/Content/Materials/HairGroupColors.uexp" 333
"../../../Engine/Plugins/Runtime/HairStrands/Content/Materials/HairDebugMaterial.uasset" 334
"../../../Engine/Plugins/Runtime/HairStrands/Content/Materials/HairDebugMaterial.uexp" 335
"../../../Engine/Plugins/Animation/ControlRig/Content/Controls/ControlRig_Star4_solid.ubulk" 336
"../../../Engine/Plugins/Animation/ControlRig/Content/Controls/ControlRig_Star4_solid.uasset" 337
"../../../Engine/Plugins/Animation/ControlRig/Content/Controls/ControlRig_Star4_solid.uexp" 338
"../../../Engine/Plugins/Runtime/HairStrands/Content/Materials/HairDefaultMaterial.uasset" 339
"../../../Engine/Plugins/Runtime/HairStrands/Content/Materials/HairDefaultMaterial.uexp" 340
"../../../Engine/Plugins/Animation/ControlRig/Content/Controls/ControlRig_Triangle_1mm.ubulk" 341
"../../../Engine/Plugins/Animation/ControlRig/Content/Controls/ControlRig_Triangle_1mm.uasset" 342
"../../../Engine/Plugins/Animation/ControlRig/Content/Controls/ControlRig_Triangle_1mm.uexp" 343
"../../../Engine/Plugins/Animation/ControlRig/Content/Controls/ControlRig_Triangle_3mm.ubulk" 344
"../../../Engine/Plugins/Animation/ControlRig/Content/Controls/ControlRig_Triangle_3mm.uasset" 345
"../../../Engine/Plugins/Animation/ControlRig/Content/Controls/ControlRig_Triangle_3mm.uexp" 346
"../../../Engine/Content/EngineResources/DefaultTexture.ubulk" 347
"../../../Engine/Content/EngineResources/DefaultTexture.uasset" 348
"../../../Engine/Content/EngineResources/DefaultTexture.uexp" 349
"../../../Engine/Content/EngineMaterials/BaseFlattenLinearColor.uasset" 350
"../../../Engine/Content/EngineMaterials/BaseFlattenLinearColor.uexp" 351
"../../../Engine/Content/EngineMaterials/DefaultNormal.ubulk" 352
"../../../Engine/Content/EngineMaterials/DefaultNormal.uasset" 353
"../../../Engine/Content/EngineMaterials/DefaultNormal.uexp" 354
"../../../Engine/Content/Functions/Engine_MaterialFunctions03/Procedurals/NormalFromHeightmap.uasset" 355
"../../../Engine/Content/Functions/Engine_MaterialFunctions03/Procedurals/NormalFromHeightmap.uexp" 356
"../../../Engine/Plugins/Interchange/Assets/Content/Functions/MF_PhongToMetalRoughness.uasset" 357
"../../../Engine/Plugins/Interchange/Assets/Content/Functions/MF_PhongToMetalRoughness.uexp" 358
"../../../Engine/Plugins/Interchange/Assets/Content/Materials/FBXLegacyPhongSurfaceMaterial.uasset" 359
"../../../Engine/Plugins/Interchange/Assets/Content/Materials/FBXLegacyPhongSurfaceMaterial.uexp" 360
"C:/Tidy/TidyPrototype/Content/Models/Material.uasset" 361
"C:/Tidy/TidyPrototype/Content/Models/Material.uexp" 362
"C:/Tidy/TidyPrototype/Content/Models/shelf_cat_tall.ubulk" 363
"C:/Tidy/TidyPrototype/Content/Models/shelf_cat_tall.uasset" 364
"C:/Tidy/TidyPrototype/Content/Models/shelf_cat_tall.uexp" 365
"../../../Engine/Plugins/Runtime/HairStrands/Content/Materials/HairMeshesDefaultMaterial.uasset" 366
"../../../Engine/Plugins/Runtime/HairStrands/Content/Materials/HairMeshesDefaultMaterial.uexp" 367
"../../../Engine/Plugins/Animation/ControlRig/Content/Controls/ControlRig_Triangle_solid.ubulk" 368
"../../../Engine/Plugins/Animation/ControlRig/Content/Controls/ControlRig_Triangle_solid.uasset" 369
"../../../Engine/Plugins/Animation/ControlRig/Content/Controls/ControlRig_Triangle_solid.uexp" 370
"../../../Engine/Content/EditorResources/BSPVertex.uasset" 371
"../../../Engine/Content/EditorResources/BSPVertex.uexp" 372
"../../../Engine/Plugins/Animation/ControlRig/Content/Controls/ControlRig_Wedge_1mm.ubulk" 373
"../../../Engine/Plugins/Animation/ControlRig/Content/Controls/ControlRig_Wedge_1mm.uasset" 374
"../../../Engine/Plugins/Animation/ControlRig/Content/Controls/ControlRig_Wedge_1mm.uexp" 375
"../../../Engine/Plugins/Animation/ControlRig/Content/Controls/ControlRig_Wedge_3mm.ubulk" 376
"../../../Engine/Plugins/Animation/ControlRig/Content/Controls/ControlRig_Wedge_3mm.uasset" 377
"../../../Engine/Plugins/Animation/ControlRig/Content/Controls/ControlRig_Wedge_3mm.uexp" 378
"../../../Engine/Plugins/Interchange/Assets/Content/Substrate/MX_SimpleVolume.uasset" 379
"../../../Engine/Plugins/Interchange/Assets/Content/Substrate/MX_SimpleVolume.uexp" 380
"../../../Engine/Plugins/Animation/ControlRig/Content/Controls/ControlRig_Wedge_solid.ubulk" 381
"../../../Engine/Plugins/Animation/ControlRig/Content/Controls/ControlRig_Wedge_solid.uasset" 382
"../../../Engine/Plugins/Animation/ControlRig/Content/Controls/ControlRig_Wedge_solid.uexp" 383
"../../../Engine/Content/EditorMaterials/Camera/CineMat.uasset" 384
"../../../Engine/Content/EditorMaterials/Camera/CineMat.uexp" 385
"../../../Engine/Content/EditorMaterials/Camera/MI_CineMat_Rig.uasset" 386
"../../../Engine/Content/EditorMaterials/Camera/MI_CineMat_Rig.uexp" 387
"../../../Engine/Content/EditorMeshes/Camera/SM_CraneRig_Arm.ubulk" 388
"../../../Engine/Content/EditorMeshes/Camera/SM_CraneRig_Arm.uasset" 389
"../../../Engine/Content/EditorMeshes/Camera/SM_CraneRig_Arm.uexp" 390
"../../../Engine/Content/EditorBlueprintResources/StandardMacros.uasset" 391
"../../../Engine/Content/EditorBlueprintResources/StandardMacros.uexp" 392
"../../../Engine/Content/EngineSounds/Normal_Attack.uasset" 393
"../../../Engine/Content/EngineSounds/Normal_Attack.uexp" 394
"../../../Engine/Content/EngineSounds/Master.uasset" 395
"../../../Engine/Content/EngineSounds/Master.uexp" 396
"../../../Engine/Content/EngineSounds/Duck_Normal_Attack_MixMod.uasset" 397
"../../../Engine/Content/EngineSounds/Duck_Normal_Attack_MixMod.uexp" 398
"../../../Engine/Content/EngineSounds/Special_Attack_PSM.uasset" 399
"../../../Engine/Content/EngineSounds/Special_Attack_PSM.uexp" 400
"../../../Engine/Content/EngineSounds/SFX.uasset" 401
"../../../Engine/Content/EngineSounds/SFX.uexp" 402
"C:/Tidy/TidyPrototype/Content/Audio/14000__adcbicycle__48.ubulk" 403
"C:/Tidy/TidyPrototype/Content/Audio/14000__adcbicycle__48.uasset" 404
"C:/Tidy/TidyPrototype/Content/Audio/14000__adcbicycle__48.uexp" 405
"C:/Tidy/TidyPrototype/Content/Audio/NewSoundAttenuation.uasset" 406
"C:/Tidy/TidyPrototype/Content/Audio/NewSoundAttenuation.uexp" 407
"C:/Tidy/TidyPrototype/Content/Audio/Suck_Up.ubulk" 408
"C:/Tidy/TidyPrototype/Content/Audio/Suck_Up.uasset" 409
"C:/Tidy/TidyPrototype/Content/Audio/Suck_Up.uexp" 410
"C:/Tidy/TidyPrototype/Content/Audio/SW_Whoosh.ubulk" 411
"C:/Tidy/TidyPrototype/Content/Audio/SW_Whoosh.uasset" 412
"C:/Tidy/TidyPrototype/Content/Audio/SW_Whoosh.uexp" 413
"C:/Tidy/TidyPrototype/Content/Audio/confetti-pop.ubulk" 414
"C:/Tidy/TidyPrototype/Content/Audio/confetti-pop.uasset" 415
"C:/Tidy/TidyPrototype/Content/Audio/confetti-pop.uexp" 416
"C:/Tidy/TidyPrototype/Content/Audio/SoundClass.uasset" 417
"C:/Tidy/TidyPrototype/Content/Audio/SoundClass.uexp" 418
"C:/Tidy/TidyPrototype/Content/Audio/SFX.uasset" 419
"C:/Tidy/TidyPrototype/Content/Audio/SFX.uexp" 420
"C:/Tidy/TidyPrototype/Content/Audio/declineerror.ubulk" 421
"C:/Tidy/TidyPrototype/Content/Audio/declineerror.uasset" 422
"C:/Tidy/TidyPrototype/Content/Audio/declineerror.uexp" 423
"C:/Tidy/TidyPrototype/Content/Audio/floraphonic-90s-game-ui-6-185099.ubulk" 424
"C:/Tidy/TidyPrototype/Content/Audio/floraphonic-90s-game-ui-6-185099.uasset" 425
"C:/Tidy/TidyPrototype/Content/Audio/floraphonic-90s-game-ui-6-185099.uexp" 426
"C:/Tidy/TidyPrototype/Content/Blueprints/DoorOpen.uasset" 427
"C:/Tidy/TidyPrototype/Content/Blueprints/DoorOpen.uexp" 428
"../../../Engine/Plugins/FX/Niagara/Content/DefaultAssets/DefaultSpriteMaterial.uasset" 429
"../../../Engine/Plugins/FX/Niagara/Content/DefaultAssets/DefaultSpriteMaterial.uexp" 430
"C:/Tidy/TidyPrototype/Content/VFX/Confetti/M_ConfettiBurst.uasset" 431
"C:/Tidy/TidyPrototype/Content/VFX/Confetti/M_ConfettiBurst.uexp" 432
"C:/Tidy/TidyPrototype/Content/VFX/Confetti/MI_ConfettiBurst.uasset" 433
"C:/Tidy/TidyPrototype/Content/VFX/Confetti/MI_ConfettiBurst.uexp" 434
"../../../Engine/Content/Functions/Engine_MaterialFunctions01/Density/ExponentialDensity.uasset" 435
"../../../Engine/Content/Functions/Engine_MaterialFunctions01/Density/ExponentialDensity.uexp" 436
"../../../Engine/Content/Functions/Engine_MaterialFunctions01/Gradient/RadialGradientExponential.uasset" 437
"../../../Engine/Content/Functions/Engine_MaterialFunctions01/Gradient/RadialGradientExponential.uexp" 438
"C:/Tidy/TidyPrototype/Content/VFX/Confetti/M_Streamers.uasset" 439
"C:/Tidy/TidyPrototype/Content/VFX/Confetti/M_Streamers.uexp" 440
"C:/Tidy/TidyPrototype/Content/VFX/Confetti/MI_Streamers.uasset" 441
"C:/Tidy/TidyPrototype/Content/VFX/Confetti/MI_Streamers.uexp" 442
"C:/Tidy/TidyPrototype/Content/VFX/Confetti/MI_StreamersRed.uasset" 443
"C:/Tidy/TidyPrototype/Content/VFX/Confetti/MI_StreamersRed.uexp" 444
"C:/Tidy/TidyPrototype/Content/VFX/Confetti/NS_ConfettiBurst.uasset" 445
"C:/Tidy/TidyPrototype/Content/VFX/Confetti/NS_ConfettiBurst.uexp" 446
"C:/Tidy/TidyPrototype/Content/Materials/M_Hide_Indicator.uasset" 447
"C:/Tidy/TidyPrototype/Content/Materials/M_Hide_Indicator.uexp" 448
"C:/Tidy/TidyPrototype/Content/Materials/MI_Hide_Inidicator_Pink.uasset" 449
"C:/Tidy/TidyPrototype/Content/Materials/MI_Hide_Inidicator_Pink.uexp" 450
"C:/Tidy/TidyPrototype/Content/Blueprints/BP_BookDetector.uasset" 451
"C:/Tidy/TidyPrototype/Content/Blueprints/BP_BookDetector.uexp" 452
"../../../Engine/Content/Functions/Engine_MaterialFunctions02/Utility/Sine_Remapped.uasset" 453
"../../../Engine/Content/Functions/Engine_MaterialFunctions02/Utility/Sine_Remapped.uexp" 454
"C:/Tidy/TidyPrototype/Content/Materials/M_Hover_Aura.uasset" 455
"C:/Tidy/TidyPrototype/Content/Materials/M_Hover_Aura.uexp" 456
"../../../Engine/Content/EngineSounds/Music.uasset" 457
"../../../Engine/Content/EngineSounds/Music.uexp" 458
"C:/Tidy/TidyPrototype/Content/Audio/SoundClassMix.uasset" 459
"C:/Tidy/TidyPrototype/Content/Audio/SoundClassMix.uexp" 460
"C:/Tidy/TidyPrototype/Content/Blueprints/ST_Leaderboard.uasset" 461
"C:/Tidy/TidyPrototype/Content/Blueprints/ST_Leaderboard.uexp" 462
"C:/Tidy/TidyPrototype/Content/Blueprints/BP_SaveGame.uasset" 463
"C:/Tidy/TidyPrototype/Content/Blueprints/BP_SaveGame.uexp" 464
"C:/Tidy/TidyPrototype/Content/Blueprints/BP_GameInstance.uasset" 465
"C:/Tidy/TidyPrototype/Content/Blueprints/BP_GameInstance.uexp" 466
"C:/Tidy/TidyPrototype/Content/NewTextureRenderTarget2D.uasset" 467
"C:/Tidy/TidyPrototype/Content/NewTextureRenderTarget2D.uexp" 468
"C:/Tidy/TidyPrototype/Content/Blueprints/BP_SceneCaptureCamera.uasset" 469
"C:/Tidy/TidyPrototype/Content/Blueprints/BP_SceneCaptureCamera.uexp" 470
"C:/Tidy/TidyPrototype/Content/Materials/M_MessAura2.uasset" 471
"C:/Tidy/TidyPrototype/Content/Materials/M_MessAura2.uexp" 472
"C:/Tidy/TidyPrototype/Content/Blueprints/BP_HangDetector.uasset" 473
"C:/Tidy/TidyPrototype/Content/Blueprints/BP_HangDetector.uexp" 474
"C:/Tidy/TidyPrototype/Content/FirstPerson/_GENERATED/thoma/BinBagMesh.ubulk" 475
"C:/Tidy/TidyPrototype/Content/FirstPerson/_GENERATED/thoma/BinBagMesh.uasset" 476
"C:/Tidy/TidyPrototype/Content/FirstPerson/_GENERATED/thoma/BinBagMesh.uexp" 477
"C:/Tidy/TidyPrototype/Content/Blueprints/BP_PlasticBag.uasset" 478
"C:/Tidy/TidyPrototype/Content/Blueprints/BP_PlasticBag.uexp" 479
"C:/Tidy/TidyPrototype/Content/GUI/6276686.ubulk" 480
"C:/Tidy/TidyPrototype/Content/GUI/6276686.uasset" 481
"C:/Tidy/TidyPrototype/Content/GUI/6276686.uexp" 482
"C:/Tidy/TidyPrototype/Content/Blueprints/WBP_TickBox.uasset" 483
"C:/Tidy/TidyPrototype/Content/Blueprints/WBP_TickBox.uexp" 484
"C:/Tidy/TidyPrototype/Content/NewCanvasRenderTarget2D.uasset" 485
"C:/Tidy/TidyPrototype/Content/NewCanvasRenderTarget2D.uexp" 486
"../../../Engine/Content/EngineFonts/Faces/DroidSansFallback.uexp" 487
"../../../Engine/Content/EngineFonts/Faces/DroidSansFallback.uasset" 488
"../../../Engine/Content/EngineFonts/Faces/DroidSansFallback.ufont" 489
"../../../Engine/Content/EngineFonts/Faces/RobotoBold.uexp" 490
"../../../Engine/Content/EngineFonts/Faces/RobotoBold.uasset" 491
"../../../Engine/Content/EngineFonts/Faces/RobotoBold.ufont" 492
"../../../Engine/Content/EngineFonts/Faces/RobotoBoldItalic.uexp" 493
"../../../Engine/Content/EngineFonts/Faces/RobotoBoldItalic.uasset" 494
"../../../Engine/Content/EngineFonts/Faces/RobotoBoldItalic.ufont" 495
"../../../Engine/Content/EngineFonts/Faces/RobotoItalic.uexp" 496
"../../../Engine/Content/EngineFonts/Faces/RobotoItalic.uasset" 497
"../../../Engine/Content/EngineFonts/Faces/RobotoItalic.ufont" 498
"../../../Engine/Content/EngineFonts/Faces/RobotoLight.uexp" 499
"../../../Engine/Content/EngineFonts/Faces/RobotoLight.uasset" 500
"../../../Engine/Content/EngineFonts/Faces/RobotoLight.ufont" 501
"../../../Engine/Content/EngineFonts/Faces/RobotoRegular.uexp" 502
"../../../Engine/Content/EngineFonts/Faces/RobotoRegular.uasset" 503
"../../../Engine/Content/EngineFonts/Faces/RobotoRegular.ufont" 504
"../../../Engine/Content/EngineFonts/Roboto.uasset" 505
"../../../Engine/Content/EngineFonts/Roboto.uexp" 506
"C:/Tidy/TidyPrototype/Content/UMG_DataTable.uasset" 507
"C:/Tidy/TidyPrototype/Content/UMG_DataTable.uexp" 508
"C:/Tidy/TidyPrototype/Content/GUI/Tidyfont-Regular__1_.uexp" 509
"C:/Tidy/TidyPrototype/Content/GUI/Tidyfont-Regular__1_.uasset" 510
"C:/Tidy/TidyPrototype/Content/GUI/Tidyfont-Regular__1_.ufont" 511
"C:/Tidy/TidyPrototype/Content/GUI/Tidyfont-Regular__1__Font.uasset" 512
"C:/Tidy/TidyPrototype/Content/GUI/Tidyfont-Regular__1__Font.uexp" 513
"C:/Tidy/TidyPrototype/Content/UMG_Tutorial.uasset" 514
"C:/Tidy/TidyPrototype/Content/UMG_Tutorial.uexp" 515
"../../../Engine/Content/Functions/Engine_MaterialFunctions02/Utility/BreakOutFloat2Components.uasset" 516
"../../../Engine/Content/Functions/Engine_MaterialFunctions02/Utility/BreakOutFloat2Components.uexp" 517
"../../../Engine/Content/Functions/Engine_MaterialFunctions02/ExampleContent/Textures/flipbook.ubulk" 518
"../../../Engine/Content/Functions/Engine_MaterialFunctions02/ExampleContent/Textures/flipbook.uasset" 519
"../../../Engine/Content/Functions/Engine_MaterialFunctions02/ExampleContent/Textures/flipbook.uexp" 520
"../../../Engine/Content/EngineMaterials/DefaultDiffuse.ubulk" 521
"../../../Engine/Content/EngineMaterials/DefaultDiffuse.uasset" 522
"../../../Engine/Content/EngineMaterials/DefaultDiffuse.uexp" 523
"../../../Engine/Content/Functions/Engine_MaterialFunctions01/Texturing/TextureCropping.uasset" 524
"../../../Engine/Content/Functions/Engine_MaterialFunctions01/Texturing/TextureCropping.uexp" 525
"../../../Engine/Content/Functions/Engine_MaterialFunctions01/Texturing/ComputeMipLevel.uasset" 526
"../../../Engine/Content/Functions/Engine_MaterialFunctions01/Texturing/ComputeMipLevel.uexp" 527
"../../../Engine/Content/Functions/Engine_MaterialFunctions02/ExampleContent/DebugNumberStrip.uasset" 528
"../../../Engine/Content/Functions/Engine_MaterialFunctions02/ExampleContent/DebugNumberStrip.uexp" 529
"../../../Engine/Content/Functions/Engine_MaterialFunctions02/ExampleContent/Textures/DebugNumberPeriod.uasset" 530
"../../../Engine/Content/Functions/Engine_MaterialFunctions02/ExampleContent/Textures/DebugNumberPeriod.uexp" 531
"../../../Engine/Content/Functions/Engine_MaterialFunctions02/Utility/DebugScalarValues.uasset" 532
"../../../Engine/Content/Functions/Engine_MaterialFunctions02/Utility/DebugScalarValues.uexp" 533
"../../../Engine/Content/Functions/Engine_MaterialFunctions02/Utility/DebugFloat2Values.uasset" 534
"../../../Engine/Content/Functions/Engine_MaterialFunctions02/Utility/DebugFloat2Values.uexp" 535
"../../../Engine/Content/Functions/Engine_MaterialFunctions02/Texturing/FlipBook.uasset" 536
"../../../Engine/Content/Functions/Engine_MaterialFunctions02/Texturing/FlipBook.uexp" 537
"C:/Tidy/TidyPrototype/Content/GUI/MenuButtons/Normal_PNGStack.uasset" 538
"C:/Tidy/TidyPrototype/Content/GUI/MenuButtons/Normal_PNGStack.uexp" 539
"C:/Tidy/TidyPrototype/Content/GUI/MenuButtons/M_MenuButton.uasset" 540
"C:/Tidy/TidyPrototype/Content/GUI/MenuButtons/M_MenuButton.uexp" 541
"C:/Tidy/TidyPrototype/Content/GUI/MenuButtons/M_MenuButtonNormal.uasset" 542
"C:/Tidy/TidyPrototype/Content/GUI/MenuButtons/M_MenuButtonNormal.uexp" 543
"C:/Tidy/TidyPrototype/Content/GUI/MenuButtons/Clicked_PNGStack.uasset" 544
"C:/Tidy/TidyPrototype/Content/GUI/MenuButtons/Clicked_PNGStack.uexp" 545
"C:/Tidy/TidyPrototype/Content/GUI/MenuButtons/M_MenuButtonClicked.uasset" 546
"C:/Tidy/TidyPrototype/Content/GUI/MenuButtons/M_MenuButtonClicked.uexp" 547
"C:/Tidy/TidyPrototype/Content/GUI/MenuButtons/Hover_PNGStack.uasset" 548
"C:/Tidy/TidyPrototype/Content/GUI/MenuButtons/Hover_PNGStack.uexp" 549
"C:/Tidy/TidyPrototype/Content/GUI/MenuButtons/M_MenuButtonHover.uasset" 550
"C:/Tidy/TidyPrototype/Content/GUI/MenuButtons/M_MenuButtonHover.uexp" 551
"C:/Tidy/TidyPrototype/Content/GUI/Myfont-Regular.uexp" 552
"C:/Tidy/TidyPrototype/Content/GUI/Myfont-Regular.uasset" 553
"C:/Tidy/TidyPrototype/Content/GUI/Myfont-Regular.ufont" 554
"C:/Tidy/TidyPrototype/Content/GUI/Myfont-Regular_Font.uasset" 555
"C:/Tidy/TidyPrototype/Content/GUI/Myfont-Regular_Font.uexp" 556
"C:/Tidy/TidyPrototype/Content/GUI/Tidyfont-Regular.uexp" 557
"C:/Tidy/TidyPrototype/Content/GUI/Tidyfont-Regular.uasset" 558
"C:/Tidy/TidyPrototype/Content/GUI/Tidyfont-Regular.ufont" 559
"C:/Tidy/TidyPrototype/Content/GUI/Tidyfont-Regular_Font.uasset" 560
"C:/Tidy/TidyPrototype/Content/GUI/Tidyfont-Regular_Font.uexp" 561
"C:/Tidy/TidyPrototype/Content/GUI/tidyVacuumCrosshair.uasset" 562
"C:/Tidy/TidyPrototype/Content/GUI/tidyVacuumCrosshair.uexp" 563
"C:/Tidy/TidyPrototype/Content/GUI/vecteezy_realistic-multicolored-confetti-png-for-the-festival-simple_23204864.uasset" 564
"C:/Tidy/TidyPrototype/Content/GUI/vecteezy_realistic-multicolored-confetti-png-for-the-festival-simple_23204864.uexp" 565
"C:/Tidy/TidyPrototype/Content/GUI/Controller/New/LB_XButton.uasset" 566
"C:/Tidy/TidyPrototype/Content/GUI/Controller/New/LB_XButton.uexp" 567
"C:/Tidy/TidyPrototype/Content/GUI/Controller/New/LT_XButton.uasset" 568
"C:/Tidy/TidyPrototype/Content/GUI/Controller/New/LT_XButton.uexp" 569
"C:/Tidy/TidyPrototype/Content/GUI/Controller/New/RB_XButton.uasset" 570
"C:/Tidy/TidyPrototype/Content/GUI/Controller/New/RB_XButton.uexp" 571
"C:/Tidy/TidyPrototype/Content/GUI/Controller/New/RT_XButton.uasset" 572
"C:/Tidy/TidyPrototype/Content/GUI/Controller/New/RT_XButton.uexp" 573
"C:/Tidy/TidyPrototype/Content/GUI/Controller/New/Stick_Xbutton.uasset" 574
"C:/Tidy/TidyPrototype/Content/GUI/Controller/New/Stick_Xbutton.uexp" 575
"C:/Tidy/TidyPrototype/Content/GUI/Controller/New/X_XButton.uasset" 576
"C:/Tidy/TidyPrototype/Content/GUI/Controller/New/X_XButton.uexp" 577
"C:/Tidy/TidyPrototype/Content/GUI/Controller/New/Y_XButton.uasset" 578
"C:/Tidy/TidyPrototype/Content/GUI/Controller/New/Y_XButton.uexp" 579
"C:/Tidy/TidyPrototype/Content/GUI/Controller/IconDataTable.uasset" 580
"C:/Tidy/TidyPrototype/Content/GUI/Controller/IconDataTable.uexp" 581
"C:/Tidy/TidyPrototype/Content/GUI/Controller/BP_ImageDeco.uasset" 582
"C:/Tidy/TidyPrototype/Content/GUI/Controller/BP_ImageDeco.uexp" 583
"C:/Tidy/TidyPrototype/Content/GUI/Dash/T_UI_Dash.uasset" 584
"C:/Tidy/TidyPrototype/Content/GUI/Dash/T_UI_Dash.uexp" 585
"C:/Tidy/TidyPrototype/Content/GUI/DashAnim/DashFS1.uasset" 586
"C:/Tidy/TidyPrototype/Content/GUI/DashAnim/DashFS1.uexp" 587
"C:/Tidy/TidyPrototype/Content/GUI/Hand/Hand.ubulk" 588
"C:/Tidy/TidyPrototype/Content/GUI/Hand/Hand.uasset" 589
"C:/Tidy/TidyPrototype/Content/GUI/Hand/Hand.uexp" 590
"C:/Tidy/TidyPrototype/Content/GUI/Intro/Myfont-Regular.uexp" 591
"C:/Tidy/TidyPrototype/Content/GUI/Intro/Myfont-Regular.uasset" 592
"C:/Tidy/TidyPrototype/Content/GUI/Intro/Myfont-Regular.ufont" 593
"C:/Tidy/TidyPrototype/Content/GUI/Intro/Myfont-Regular_Font.uasset" 594
"C:/Tidy/TidyPrototype/Content/GUI/Intro/Myfont-Regular_Font.uexp" 595
"C:/Tidy/TidyPrototype/Content/GUI/Intro/TidyFont2.uexp" 596
"C:/Tidy/TidyPrototype/Content/GUI/Intro/TidyFont2.uasset" 597
"C:/Tidy/TidyPrototype/Content/GUI/Intro/TidyFont2.ufont" 598
"C:/Tidy/TidyPrototype/Content/GUI/Intro/TidyFont2_Font.uasset" 599
"C:/Tidy/TidyPrototype/Content/GUI/Intro/TidyFont2_Font.uexp" 600
"C:/Tidy/TidyPrototype/Content/GUI/UI/T_ClockHandUI.uasset" 601
"C:/Tidy/TidyPrototype/Content/GUI/UI/T_ClockHandUI.uexp" 602
"C:/Tidy/TidyPrototype/Content/GUI/UI/T_ClockUI.uasset" 603
"C:/Tidy/TidyPrototype/Content/GUI/UI/T_ClockUI.uexp" 604
"C:/Tidy/TidyPrototype/Content/GUI/VacuumBattery/Battery.uasset" 605
"C:/Tidy/TidyPrototype/Content/GUI/VacuumBattery/Battery.uexp" 606
"C:/Tidy/TidyPrototype/Content/GUI/VacuumBattery/BatteryCharge1.uasset" 607
"C:/Tidy/TidyPrototype/Content/GUI/VacuumBattery/BatteryCharge1.uexp" 608
"C:/Tidy/TidyPrototype/Content/GUI/WBP_HUD.uasset" 609
"C:/Tidy/TidyPrototype/Content/GUI/WBP_HUD.uexp" 610
"C:/Tidy/TidyPrototype/Content/Materials/M_FullAura.uasset" 611
"C:/Tidy/TidyPrototype/Content/Materials/M_FullAura.uexp" 612
"C:/Tidy/TidyPrototype/Content/Blueprints/BP_HideCollider.uasset" 613
"C:/Tidy/TidyPrototype/Content/Blueprints/BP_HideCollider.uexp" 614
"C:/Tidy/TidyPrototype/Content/Blueprints/BPI_GrabbableObject.uasset" 615
"C:/Tidy/TidyPrototype/Content/Blueprints/BPI_GrabbableObject.uexp" 616
"C:/Tidy/TidyPrototype/Content/FirstPerson/Blueprints/BPI_Grab.uasset" 617
"C:/Tidy/TidyPrototype/Content/FirstPerson/Blueprints/BPI_Grab.uexp" 618
"C:/Tidy/TidyPrototype/Content/Levels/_GENERATED/thoma/BinLid.ubulk" 619
"C:/Tidy/TidyPrototype/Content/Levels/_GENERATED/thoma/BinLid.uasset" 620
"C:/Tidy/TidyPrototype/Content/Levels/_GENERATED/thoma/BinLid.uexp" 621
"C:/Tidy/TidyPrototype/Content/Blueprints/BP_BinLiid.uasset" 622
"C:/Tidy/TidyPrototype/Content/Blueprints/BP_BinLiid.uexp" 623
"../../../Engine/Plugins/FX/Niagara/Content/VectorFields/Assets/TilingCurl16.uasset" 624
"../../../Engine/Plugins/FX/Niagara/Content/VectorFields/Assets/TilingCurl16.uexp" 625
"C:/Tidy/TidyPrototype/Content/VFX/Throw/M_DashThrow.uasset" 626
"C:/Tidy/TidyPrototype/Content/VFX/Throw/M_DashThrow.uexp" 627
"C:/Tidy/TidyPrototype/Content/VFX/Throw/NS_Throw.uasset" 628
"C:/Tidy/TidyPrototype/Content/VFX/Throw/NS_Throw.uexp" 629
"C:/Tidy/TidyPrototype/Content/VFX/Material/Impact/M_Impact_VFX.uasset" 630
"C:/Tidy/TidyPrototype/Content/VFX/Material/Impact/M_Impact_VFX.uexp" 631
"C:/Tidy/TidyPrototype/Content/VFX/Material/Impact/NS_Impact.uasset" 632
"C:/Tidy/TidyPrototype/Content/VFX/Material/Impact/NS_Impact.uexp" 633
"C:/Tidy/TidyPrototype/Content/Materials/GrabbableObjectPhysics.uasset" 634
"C:/Tidy/TidyPrototype/Content/Materials/GrabbableObjectPhysics.uexp" 635
"../../../Engine/Plugins/FX/Niagara/Content/VectorFields/Assets/TilingCurl32.uasset" 636
"../../../Engine/Plugins/FX/Niagara/Content/VectorFields/Assets/TilingCurl32.uexp" 637
"C:/Tidy/TidyPrototype/Content/Materials/KeySparkle.uasset" 638
"C:/Tidy/TidyPrototype/Content/Materials/KeySparkle.uexp" 639
"C:/Tidy/TidyPrototype/Content/Blueprints/BP_GrabbableObject.uasset" 640
"C:/Tidy/TidyPrototype/Content/Blueprints/BP_GrabbableObject.uexp" 641
"C:/Tidy/TidyPrototype/Content/Audio/confetti-pop-sound-effect.ubulk" 642
"C:/Tidy/TidyPrototype/Content/Audio/confetti-pop-sound-effect.uasset" 643
"C:/Tidy/TidyPrototype/Content/Audio/confetti-pop-sound-effect.uexp" 644
"C:/Tidy/TidyPrototype/Content/Audio/designerschoice-bellhand-cu_small-metal-shake-short_nicholas-judy_tdc-488751.ubulk" 645
"C:/Tidy/TidyPrototype/Content/Audio/designerschoice-bellhand-cu_small-metal-shake-short_nicholas-judy_tdc-488751.uasset" 646
"C:/Tidy/TidyPrototype/Content/Audio/designerschoice-bellhand-cu_small-metal-shake-short_nicholas-judy_tdc-488751.uexp" 647
"C:/Tidy/TidyPrototype/Content/Audio/Tick.ubulk" 648
"C:/Tidy/TidyPrototype/Content/Audio/Tick.uasset" 649
"C:/Tidy/TidyPrototype/Content/Audio/Tick.uexp" 650
"C:/Tidy/TidyPrototype/Content/Audio/SW_BOOP.ubulk" 651
"C:/Tidy/TidyPrototype/Content/Audio/SW_BOOP.uasset" 652
"C:/Tidy/TidyPrototype/Content/Audio/SW_BOOP.uexp" 653
"C:/Tidy/TidyPrototype/Content/Audio/Vacuum_Cleaner_Loop_02.ubulk" 654
"C:/Tidy/TidyPrototype/Content/Audio/Vacuum_Cleaner_Loop_02.uasset" 655
"C:/Tidy/TidyPrototype/Content/Audio/Vacuum_Cleaner_Loop_02.uexp" 656
"C:/Tidy/TidyPrototype/Content/Audio/Vacuum_Cleaner_On.ubulk" 657
"C:/Tidy/TidyPrototype/Content/Audio/Vacuum_Cleaner_On.uasset" 658
"C:/Tidy/TidyPrototype/Content/Audio/Vacuum_Cleaner_On.uexp" 659
"C:/Tidy/TidyPrototype/Content/Audio/Vacuum_Off.ubulk" 660
"C:/Tidy/TidyPrototype/Content/Audio/Vacuum_Off.uasset" 661
"C:/Tidy/TidyPrototype/Content/Audio/Vacuum_Off.uexp" 662
"C:/Tidy/TidyPrototype/Content/Blueprints/BI_ObjectInteract.uasset" 663
"C:/Tidy/TidyPrototype/Content/Blueprints/BI_ObjectInteract.uexp" 664
"C:/Tidy/TidyPrototype/Content/Materials/LivingRoom_TextureSheets/UV_Texture_Square_standardSurface1_BaseColor.ubulk" 665
"C:/Tidy/TidyPrototype/Content/Materials/LivingRoom_TextureSheets/UV_Texture_Square_standardSurface1_BaseColor.uasset" 666
"C:/Tidy/TidyPrototype/Content/Materials/LivingRoom_TextureSheets/UV_Texture_Square_standardSurface1_BaseColor.uexp" 667
"C:/Tidy/TidyPrototype/Content/Materials/LivingRoom_TextureSheets/UV_Texture_Square_standardSurface1_OcclusionRoughnessMetallic.ubulk" 668
"C:/Tidy/TidyPrototype/Content/Materials/LivingRoom_TextureSheets/UV_Texture_Square_standardSurface1_OcclusionRoughnessMetallic.uasset" 669
"C:/Tidy/TidyPrototype/Content/Materials/LivingRoom_TextureSheets/UV_Texture_Square_standardSurface1_OcclusionRoughnessMetallic.uexp" 670
"C:/Tidy/TidyPrototype/Content/Materials/M_LivingRoom_TrimSheets.uasset" 671
"C:/Tidy/TidyPrototype/Content/Materials/M_LivingRoom_TrimSheets.uexp" 672
"C:/Tidy/TidyPrototype/Content/Materials/MI_ObjectAura.uasset" 673
"C:/Tidy/TidyPrototype/Content/Materials/MI_ObjectAura.uexp" 674
"C:/Tidy/TidyPrototype/Content/Materials/MI_HideFull.uasset" 675
"C:/Tidy/TidyPrototype/Content/Materials/MI_HideFull.uexp" 676
"C:/Tidy/TidyPrototype/Content/Assets/Living_Room/2/Chinese_CabinetGlassDoor_2.ubulk" 677
"C:/Tidy/TidyPrototype/Content/Assets/Living_Room/2/Chinese_CabinetGlassDoor_2.uasset" 678
"C:/Tidy/TidyPrototype/Content/Assets/Living_Room/2/Chinese_CabinetGlassDoor_2.uexp" 679
"C:/Tidy/TidyPrototype/Content/Blueprints/Doors/ChineseCabinetDoors/BP_ChineseCabinetDoorLeft.uasset" 680
"C:/Tidy/TidyPrototype/Content/Blueprints/Doors/ChineseCabinetDoors/BP_ChineseCabinetDoorLeft.uexp" 681
"C:/Tidy/TidyPrototype/Content/Blueprints/Doors/ChineseCabinetDoors/BP_ChineseCabinetDoorRight.uasset" 682
"C:/Tidy/TidyPrototype/Content/Blueprints/Doors/ChineseCabinetDoors/BP_ChineseCabinetDoorRight.uexp" 683
"../../../Engine/Content/Functions/Engine_MaterialFunctions02/Utility/LinearSine.uasset" 684
"../../../Engine/Content/Functions/Engine_MaterialFunctions02/Utility/LinearSine.uexp" 685
"../../../Engine/Content/Functions/Engine_MaterialFunctions02/Math/Transform3x3Matrix.uasset" 686
"../../../Engine/Content/Functions/Engine_MaterialFunctions02/Math/Transform3x3Matrix.uexp" 687
"../../../Engine/Content/Functions/Engine_MaterialFunctions02/Utility/BlendAngleCorrectedNormals.uasset" 688
"../../../Engine/Content/Functions/Engine_MaterialFunctions02/Utility/BlendAngleCorrectedNormals.uexp" 689
"../../../Engine/Content/Functions/Engine_MaterialFunctions02/Math/AddComponents.uasset" 690
"../../../Engine/Content/Functions/Engine_MaterialFunctions02/Math/AddComponents.uexp" 691
"../../../Engine/Content/Functions/Engine_MaterialFunctions01/Gradient/LinearGradient.uasset" 692
"../../../Engine/Content/Functions/Engine_MaterialFunctions01/Gradient/LinearGradient.uexp" 693
"../../../Engine/Content/Functions/Engine_MaterialFunctions01/ImageAdjustment/CheapContrast.uasset" 694
"../../../Engine/Content/Functions/Engine_MaterialFunctions01/ImageAdjustment/CheapContrast.uexp" 695
"../../../Engine/Content/Functions/Engine_MaterialFunctions01/Texturing/WorldAlignedTexture.uasset" 696
"../../../Engine/Content/Functions/Engine_MaterialFunctions01/Texturing/WorldAlignedTexture.uexp" 697
"../../../Engine/Content/Functions/Engine_MaterialFunctions02/Math/MakeVectorsOrthogonal.uasset" 698
"../../../Engine/Content/Functions/Engine_MaterialFunctions02/Math/MakeVectorsOrthogonal.uexp" 699
"../../../Engine/Content/Functions/Engine_MaterialFunctions02/Math/TimeWithSpeedVariable.uasset" 700
"../../../Engine/Content/Functions/Engine_MaterialFunctions02/Math/TimeWithSpeedVariable.uexp" 701
"C:/Tidy/TidyPrototype/Content/VFX/Water/T_Noise_Blur.ubulk" 702
"C:/Tidy/TidyPrototype/Content/VFX/Water/T_Noise_Blur.uasset" 703
"C:/Tidy/TidyPrototype/Content/VFX/Water/T_Noise_Blur.uexp" 704
"C:/Tidy/TidyPrototype/Content/VFX/Water/T_Water.ubulk" 705
"C:/Tidy/TidyPrototype/Content/VFX/Water/T_Water.uasset" 706
"C:/Tidy/TidyPrototype/Content/VFX/Water/T_Water.uexp" 707
"../../../Engine/Content/Functions/Engine_MaterialFunctions02/ExampleContent/Textures/LowResBlurredNoise.uasset" 708
"../../../Engine/Content/Functions/Engine_MaterialFunctions02/ExampleContent/Textures/LowResBlurredNoise.uexp" 709
"../../../Engine/Content/Functions/Engine_MaterialFunctions02/Texturing/FlowMaps_Simple.uasset" 710
"../../../Engine/Content/Functions/Engine_MaterialFunctions02/Texturing/FlowMaps_Simple.uexp" 711
"C:/Tidy/TidyPrototype/Content/VFX/Water/M_Water.uasset" 712
"C:/Tidy/TidyPrototype/Content/VFX/Water/M_Water.uexp" 713
"C:/Tidy/TidyPrototype/Content/Levels/_GENERATED/thoma/Rectangle_DAD4E86F.ubulk" 714
"C:/Tidy/TidyPrototype/Content/Levels/_GENERATED/thoma/Rectangle_DAD4E86F.uasset" 715
"C:/Tidy/TidyPrototype/Content/Levels/_GENERATED/thoma/Rectangle_DAD4E86F.uexp" 716
"C:/Tidy/TidyPrototype/Content/Blueprints/BP_BathWater2.uasset" 717
"C:/Tidy/TidyPrototype/Content/Blueprints/BP_BathWater2.uexp" 718
"C:/Tidy/TidyPrototype/Content/GUI/UI/Hand_Ui.ubulk" 719
"C:/Tidy/TidyPrototype/Content/GUI/UI/Hand_Ui.uasset" 720
"C:/Tidy/TidyPrototype/Content/GUI/UI/Hand_Ui.uexp" 721
"C:/Tidy/TidyPrototype/Content/GUI/WBP_InteractUI.uasset" 722
"C:/Tidy/TidyPrototype/Content/GUI/WBP_InteractUI.uexp" 723
"C:/Tidy/TidyPrototype/Content/Blueprints/BP_BathTap.uasset" 724
"C:/Tidy/TidyPrototype/Content/Blueprints/BP_BathTap.uexp" 725
"C:/Tidy/TidyPrototype/Content/Assets/Kitchen/Kitchen_WallCupbaord_Door.ubulk" 726
"C:/Tidy/TidyPrototype/Content/Assets/Kitchen/Kitchen_WallCupbaord_Door.uasset" 727
"C:/Tidy/TidyPrototype/Content/Assets/Kitchen/Kitchen_WallCupbaord_Door.uexp" 728
"C:/Tidy/TidyPrototype/Content/Blueprints/BP_CupboardDoor.uasset" 729
"C:/Tidy/TidyPrototype/Content/Blueprints/BP_CupboardDoor.uexp" 730
"../../../Engine/Content/EditorResources/BadHighlight.ubulk" 731
"../../../Engine/Content/EditorResources/BadHighlight.uasset" 732
"../../../Engine/Content/EditorResources/BadHighlight.uexp" 733
"C:/Tidy/TidyPrototype/Content/Materials/M_Stain.uasset" 734
"C:/Tidy/TidyPrototype/Content/Materials/M_Stain.uexp" 735
"C:/Tidy/TidyPrototype/Content/Blueprints/BP_Spill2.uasset" 736
"C:/Tidy/TidyPrototype/Content/Blueprints/BP_Spill2.uexp" 737
"C:/Tidy/TidyPrototype/Content/FirstPerson/_GENERATED/thoma/MopMesh.ubulk" 738
"C:/Tidy/TidyPrototype/Content/FirstPerson/_GENERATED/thoma/MopMesh.uasset" 739
"C:/Tidy/TidyPrototype/Content/FirstPerson/_GENERATED/thoma/MopMesh.uexp" 740
"C:/Tidy/TidyPrototype/Content/Blueprints/BP_Mop.uasset" 741
"C:/Tidy/TidyPrototype/Content/Blueprints/BP_Mop.uexp" 742
"C:/Tidy/TidyPrototype/Content/FirstPerson/_GENERATED/thoma/ScoopMesh.ubulk" 743
"C:/Tidy/TidyPrototype/Content/FirstPerson/_GENERATED/thoma/ScoopMesh.uasset" 744
"C:/Tidy/TidyPrototype/Content/FirstPerson/_GENERATED/thoma/ScoopMesh.uexp" 745
"C:/Tidy/TidyPrototype/Content/Blueprints/BP_Scoop.uasset" 746
"C:/Tidy/TidyPrototype/Content/Blueprints/BP_Scoop.uexp" 747
"../../../Engine/Content/TemplateResources/M_Template_Master.uasset" 748
"../../../Engine/Content/TemplateResources/M_Template_Master.uexp" 749
"../../../Engine/Content/TemplateResources/MI_Template_BaseBlue.uasset" 750
"../../../Engine/Content/TemplateResources/MI_Template_BaseBlue.uexp" 751
"C:/Tidy/TidyPrototype/Content/Blueprints/BP_Spill.uasset" 752
"C:/Tidy/TidyPrototype/Content/Blueprints/BP_Spill.uexp" 753
"../../../Engine/Content/MapTemplates/Materials/BasicAsset03.uasset" 754
"../../../Engine/Content/MapTemplates/Materials/BasicAsset03.uexp" 755
"C:/Tidy/TidyPrototype/Content/Blueprints/BP_Sponge.uasset" 756
"C:/Tidy/TidyPrototype/Content/Blueprints/BP_Sponge.uexp" 757
"C:/Tidy/TidyPrototype/Content/Blueprints/IA_Rotate_L.uasset" 758
"C:/Tidy/TidyPrototype/Content/Blueprints/IA_Rotate_L.uexp" 759
"C:/Tidy/TidyPrototype/Content/Input/FF_Dash.uasset" 760
"C:/Tidy/TidyPrototype/Content/Input/FF_Dash.uexp" 761
"C:/Tidy/TidyPrototype/Content/Input/FF_Grab.uasset" 762
"C:/Tidy/TidyPrototype/Content/Input/FF_Grab.uexp" 763
"C:/Tidy/TidyPrototype/Content/Input/FF_Throw.uasset" 764
"C:/Tidy/TidyPrototype/Content/Input/FF_Throw.uexp" 765
"C:/Tidy/TidyPrototype/Content/Input/FF_Vacuum.uasset" 766
"C:/Tidy/TidyPrototype/Content/Input/FF_Vacuum.uexp" 767
"C:/Tidy/TidyPrototype/Content/Input/FF_VacuumShoot.uasset" 768
"C:/Tidy/TidyPrototype/Content/Input/FF_VacuumShoot.uexp" 769
"C:/Tidy/TidyPrototype/Content/Input/IA_Click.uasset" 770
"C:/Tidy/TidyPrototype/Content/Input/IA_Click.uexp" 771
"C:/Tidy/TidyPrototype/Content/Input/IA_Slide.uasset" 772
"C:/Tidy/TidyPrototype/Content/Input/IA_Slide.uexp" 773
"C:/Tidy/TidyPrototype/Content/Input/Interact.uasset" 774
"C:/Tidy/TidyPrototype/Content/Input/Interact.uexp" 775
"C:/Tidy/TidyPrototype/Content/Input/Actions/IA_ChargeThrow.uasset" 776
"C:/Tidy/TidyPrototype/Content/Input/Actions/IA_ChargeThrow.uexp" 777
"C:/Tidy/TidyPrototype/Content/Input/Actions/IA_Crouch.uasset" 778
"C:/Tidy/TidyPrototype/Content/Input/Actions/IA_Crouch.uexp" 779
"C:/Tidy/TidyPrototype/Content/Input/Actions/IA_Jump.uasset" 780
"C:/Tidy/TidyPrototype/Content/Input/Actions/IA_Jump.uexp" 781
"C:/Tidy/TidyPrototype/Content/Input/Actions/IA_Look.uasset" 782
"C:/Tidy/TidyPrototype/Content/Input/Actions/IA_Look.uexp" 783
"C:/Tidy/TidyPrototype/Content/Input/Actions/IA_Move.uasset" 784
"C:/Tidy/TidyPrototype/Content/Input/Actions/IA_Move.uexp" 785
"C:/Tidy/TidyPrototype/Content/Input/Actions/IA_Pause.uasset" 786
"C:/Tidy/TidyPrototype/Content/Input/Actions/IA_Pause.uexp" 787
"C:/Tidy/TidyPrototype/Content/Input/Actions/IA_Rotate_R.uasset" 788
"C:/Tidy/TidyPrototype/Content/Input/Actions/IA_Rotate_R.uexp" 789
"C:/Tidy/TidyPrototype/Content/Input/Actions/IA_StartVacuum.uasset" 790
"C:/Tidy/TidyPrototype/Content/Input/Actions/IA_StartVacuum.uexp" 791
"C:/Tidy/TidyPrototype/Content/Input/Actions/IA_Vaccum.uasset" 792
"C:/Tidy/TidyPrototype/Content/Input/Actions/IA_Vaccum.uexp" 793
"C:/Tidy/TidyPrototype/Content/Input/Actions/IA_Grab.uasset" 794
"C:/Tidy/TidyPrototype/Content/Input/Actions/IA_Grab.uexp" 795
"C:/Tidy/TidyPrototype/Content/Input/Actions/IA_MouseLook.uasset" 796
"C:/Tidy/TidyPrototype/Content/Input/Actions/IA_MouseLook.uexp" 797
"C:/Tidy/TidyPrototype/Content/KitchenFoodAssets/Materials/restaurantbits_texture.ubulk" 798
"C:/Tidy/TidyPrototype/Content/KitchenFoodAssets/Materials/restaurantbits_texture.uasset" 799
"C:/Tidy/TidyPrototype/Content/KitchenFoodAssets/Materials/restaurantbits_texture.uexp" 800
"C:/Tidy/TidyPrototype/Content/KitchenFoodAssets/Materials/crate_onions/restaurantbits_texture_Mat.uasset" 801
"C:/Tidy/TidyPrototype/Content/KitchenFoodAssets/Materials/crate_onions/restaurantbits_texture_Mat.uexp" 802
"C:/Tidy/TidyPrototype/Content/Models/beverage_can_medium.ubulk" 803
"C:/Tidy/TidyPrototype/Content/Models/beverage_can_medium.uasset" 804
"C:/Tidy/TidyPrototype/Content/Models/beverage_can_medium.uexp" 805
"C:/Tidy/TidyPrototype/Content/Materials/Vacuum/Vacuum_standardSurface2_BaseColor.ubulk" 806
"C:/Tidy/TidyPrototype/Content/Materials/Vacuum/Vacuum_standardSurface2_BaseColor.uasset" 807
"C:/Tidy/TidyPrototype/Content/Materials/Vacuum/Vacuum_standardSurface2_BaseColor.uexp" 808
"C:/Tidy/TidyPrototype/Content/Materials/Vacuum/Vacuum_standardSurface2_OcclusionRoughnessMetallic.ubulk" 809
"C:/Tidy/TidyPrototype/Content/Materials/Vacuum/Vacuum_standardSurface2_OcclusionRoughnessMetallic.uasset" 810
"C:/Tidy/TidyPrototype/Content/Materials/Vacuum/Vacuum_standardSurface2_OcclusionRoughnessMetallic.uexp" 811
"C:/Tidy/TidyPrototype/Content/Materials/Vacuum/M_Vacuum.uasset" 812
"C:/Tidy/TidyPrototype/Content/Materials/Vacuum/M_Vacuum.uexp" 813
"C:/Tidy/TidyPrototype/Content/Assets/Props/Simple_Vacuum.ubulk" 814
"C:/Tidy/TidyPrototype/Content/Assets/Props/Simple_Vacuum.uasset" 815
"C:/Tidy/TidyPrototype/Content/Assets/Props/Simple_Vacuum.uexp" 816
"C:/Tidy/TidyPrototype/Content/Characters/Mannequins/Meshes/SK_Mannequin.uasset" 817
"C:/Tidy/TidyPrototype/Content/Characters/Mannequins/Meshes/SK_Mannequin.uexp" 818
"C:/Tidy/TidyPrototype/Content/Characters/Mannequins/Rigs/PA_Mannequin.uasset" 819
"C:/Tidy/TidyPrototype/Content/Characters/Mannequins/Rigs/PA_Mannequin.uexp" 820
"../../../Engine/Content/Functions/Engine_MaterialFunctions01/Texturing/ScaleUVsByCenter.uasset" 821
"../../../Engine/Content/Functions/Engine_MaterialFunctions01/Texturing/ScaleUVsByCenter.uexp" 822
"C:/Tidy/TidyPrototype/Content/Characters/Mannequins/Textures/Manny/T_Manny_01_BN.ubulk" 823
"C:/Tidy/TidyPrototype/Content/Characters/Mannequins/Textures/Manny/T_Manny_01_BN.uasset" 824
"C:/Tidy/TidyPrototype/Content/Characters/Mannequins/Textures/Manny/T_Manny_01_BN.uexp" 825
"C:/Tidy/TidyPrototype/Content/Characters/Mannequins/Textures/Manny/T_Manny_01_D.ubulk" 826
"C:/Tidy/TidyPrototype/Content/Characters/Mannequins/Textures/Manny/T_Manny_01_D.uasset" 827
"C:/Tidy/TidyPrototype/Content/Characters/Mannequins/Textures/Manny/T_Manny_01_D.uexp" 828
"C:/Tidy/TidyPrototype/Content/Characters/Mannequins/Textures/Manny/T_Manny_01_MRA.ubulk" 829
"C:/Tidy/TidyPrototype/Content/Characters/Mannequins/Textures/Manny/T_Manny_01_MRA.uasset" 830
"C:/Tidy/TidyPrototype/Content/Characters/Mannequins/Textures/Manny/T_Manny_01_MRA.uexp" 831
"C:/Tidy/TidyPrototype/Content/Characters/Mannequins/Textures/Shared/T_UE_Logo_M.uasset" 832
"C:/Tidy/TidyPrototype/Content/Characters/Mannequins/Textures/Shared/T_UE_Logo_M.uexp" 833
"C:/Tidy/TidyPrototype/Content/Characters/Mannequins/Materials/M_Mannequin.uasset" 834
"C:/Tidy/TidyPrototype/Content/Characters/Mannequins/Materials/M_Mannequin.uexp" 835
"C:/Tidy/TidyPrototype/Content/Characters/Mannequins/Materials/Manny/MI_Manny_01_New.uasset" 836
"C:/Tidy/TidyPrototype/Content/Characters/Mannequins/Materials/Manny/MI_Manny_01_New.uexp" 837
"C:/Tidy/TidyPrototype/Content/Characters/Mannequins/Textures/Manny/T_Manny_02_BN.ubulk" 838
"C:/Tidy/TidyPrototype/Content/Characters/Mannequins/Textures/Manny/T_Manny_02_BN.uasset" 839
"C:/Tidy/TidyPrototype/Content/Characters/Mannequins/Textures/Manny/T_Manny_02_BN.uexp" 840
"C:/Tidy/TidyPrototype/Content/Characters/Mannequins/Textures/Manny/T_Manny_02_D.ubulk" 841
"C:/Tidy/TidyPrototype/Content/Characters/Mannequins/Textures/Manny/T_Manny_02_D.uasset" 842
"C:/Tidy/TidyPrototype/Content/Characters/Mannequins/Textures/Manny/T_Manny_02_D.uexp" 843
"C:/Tidy/TidyPrototype/Content/Characters/Mannequins/Textures/Manny/T_Manny_02_MRA.ubulk" 844
"C:/Tidy/TidyPrototype/Content/Characters/Mannequins/Textures/Manny/T_Manny_02_MRA.uasset" 845
"C:/Tidy/TidyPrototype/Content/Characters/Mannequins/Textures/Manny/T_Manny_02_MRA.uexp" 846
"C:/Tidy/TidyPrototype/Content/Characters/Mannequins/Materials/Manny/MI_Manny_02_New.uasset" 847
"C:/Tidy/TidyPrototype/Content/Characters/Mannequins/Materials/Manny/MI_Manny_02_New.uexp" 848
"C:/Tidy/TidyPrototype/Content/Characters/Mannequins/Meshes/SKM_Manny_Simple.uasset" 849
"C:/Tidy/TidyPrototype/Content/Characters/Mannequins/Meshes/SKM_Manny_Simple.uexp" 850
"../../../Engine/Content/MobileResources/HUD/VirtualJoystick_Thumb.uasset" 851
"../../../Engine/Content/MobileResources/HUD/VirtualJoystick_Thumb.uexp" 852
"C:/Tidy/TidyPrototype/Content/Input/Touch/BPI_TouchInterface.uasset" 853
"C:/Tidy/TidyPrototype/Content/Input/Touch/BPI_TouchInterface.uexp" 854
"../../../Engine/Content/MobileResources/HUD/VirtualJoystick_Background.uasset" 855
"../../../Engine/Content/MobileResources/HUD/VirtualJoystick_Background.uexp" 856
"C:/Tidy/TidyPrototype/Content/Input/Touch/UI_Thumbstick.uasset" 857
"C:/Tidy/TidyPrototype/Content/Input/Touch/UI_Thumbstick.uexp" 858
"C:/Tidy/TidyPrototype/Content/Input/Touch/UI_TouchSimple.uasset" 859
"C:/Tidy/TidyPrototype/Content/Input/Touch/UI_TouchSimple.uexp" 860
"C:/Tidy/TidyPrototype/Content/GUI/DashAnim/DashFS2.uasset" 861
"C:/Tidy/TidyPrototype/Content/GUI/DashAnim/DashFS2.uexp" 862
"C:/Tidy/TidyPrototype/Content/GUI/DashAnim/DashFS3.uasset" 863
"C:/Tidy/TidyPrototype/Content/GUI/DashAnim/DashFS3.uexp" 864
"C:/Tidy/TidyPrototype/Content/VFX/Vacuum/Debris.ubulk" 865
"C:/Tidy/TidyPrototype/Content/VFX/Vacuum/Debris.uasset" 866
"C:/Tidy/TidyPrototype/Content/VFX/Vacuum/Debris.uexp" 867
"C:/Tidy/TidyPrototype/Content/VFX/Vacuum/Debris1.ubulk" 868
"C:/Tidy/TidyPrototype/Content/VFX/Vacuum/Debris1.uasset" 869
"C:/Tidy/TidyPrototype/Content/VFX/Vacuum/Debris1.uexp" 870
"C:/Tidy/TidyPrototype/Content/VFX/Vacuum/MT_Debris.uasset" 871
"C:/Tidy/TidyPrototype/Content/VFX/Vacuum/MT_Debris.uexp" 872
"C:/Tidy/TidyPrototype/Content/VFX/Vacuum/MI_Debris.uasset" 873
"C:/Tidy/TidyPrototype/Content/VFX/Vacuum/MI_Debris.uexp" 874
"C:/Tidy/TidyPrototype/Content/VFX/Vacuum/MT_Ribbons.uasset" 875
"C:/Tidy/TidyPrototype/Content/VFX/Vacuum/MT_Ribbons.uexp" 876
"C:/Tidy/TidyPrototype/Content/VFX/Vacuum/NS_Vacuum.uasset" 877
"C:/Tidy/TidyPrototype/Content/VFX/Vacuum/NS_Vacuum.uexp" 878
"../../../Engine/Plugins/Animation/ControlRig/Content/Controls/DefaultGizmoLibraryNormalized.uasset" 879
"../../../Engine/Plugins/Animation/ControlRig/Content/Controls/DefaultGizmoLibraryNormalized.uexp" 880
"C:/Tidy/TidyPrototype/Content/Characters/Mannequins/Rigs/CR_Mannequin_FootIK.uasset" 881
"C:/Tidy/TidyPrototype/Content/Characters/Mannequins/Rigs/CR_Mannequin_FootIK.uexp" 882
"../../../Engine/Content/Animation/DefaultAnimBoneCompressionSettings.uasset" 883
"../../../Engine/Content/Animation/DefaultAnimBoneCompressionSettings.uexp" 884
"../../../Engine/Content/Animation/DefaultAnimCurveCompressionSettings.uasset" 885
"../../../Engine/Content/Animation/DefaultAnimCurveCompressionSettings.uexp" 886
"../../../Engine/Content/Animation/DefaultVariableFrameStrippingSettings.uasset" 887
"../../../Engine/Content/Animation/DefaultVariableFrameStrippingSettings.uexp" 888
"C:/Tidy/TidyPrototype/Content/Characters/Mannequins/Anims/Unarmed/MM_Idle.uasset" 889
"C:/Tidy/TidyPrototype/Content/Characters/Mannequins/Anims/Unarmed/MM_Idle.uexp" 890
"C:/Tidy/TidyPrototype/Content/Characters/Mannequins/Anims/Unarmed/Jog/MF_Unarmed_Jog_Bwd.uasset" 891
"C:/Tidy/TidyPrototype/Content/Characters/Mannequins/Anims/Unarmed/Jog/MF_Unarmed_Jog_Bwd.uexp" 892
"../../../Engine/Plugins/Animation/ACLPlugin/Content/ACLAnimCurveCompressionSettings.uasset" 893
"../../../Engine/Plugins/Animation/ACLPlugin/Content/ACLAnimCurveCompressionSettings.uexp" 894
"../../../Engine/Content/Animation/DefaultRecorderBoneCompression.uasset" 895
"../../../Engine/Content/Animation/DefaultRecorderBoneCompression.uexp" 896
"C:/Tidy/TidyPrototype/Content/Characters/Mannequins/Anims/Unarmed/Jog/MF_Unarmed_Jog_Bwd_Left.uasset" 897
"C:/Tidy/TidyPrototype/Content/Characters/Mannequins/Anims/Unarmed/Jog/MF_Unarmed_Jog_Bwd_Left.uexp" 898
"C:/Tidy/TidyPrototype/Content/Characters/Mannequins/Anims/Unarmed/Jog/MF_Unarmed_Jog_Bwd_Right.uasset" 899
"C:/Tidy/TidyPrototype/Content/Characters/Mannequins/Anims/Unarmed/Jog/MF_Unarmed_Jog_Bwd_Right.uexp" 900
"C:/Tidy/TidyPrototype/Content/Characters/Mannequins/Anims/Unarmed/Jog/MF_Unarmed_Jog_Fwd.uasset" 901
"C:/Tidy/TidyPrototype/Content/Characters/Mannequins/Anims/Unarmed/Jog/MF_Unarmed_Jog_Fwd.uexp" 902
"C:/Tidy/TidyPrototype/Content/Characters/Mannequins/Anims/Unarmed/Jog/MF_Unarmed_Jog_Fwd_Left.uasset" 903
"C:/Tidy/TidyPrototype/Content/Characters/Mannequins/Anims/Unarmed/Jog/MF_Unarmed_Jog_Fwd_Left.uexp" 904
"C:/Tidy/TidyPrototype/Content/Characters/Mannequins/Anims/Unarmed/Jog/MF_Unarmed_Jog_Fwd_Right.uasset" 905
"C:/Tidy/TidyPrototype/Content/Characters/Mannequins/Anims/Unarmed/Jog/MF_Unarmed_Jog_Fwd_Right.uexp" 906
"C:/Tidy/TidyPrototype/Content/Characters/Mannequins/Anims/Unarmed/Jog/MF_Unarmed_Jog_Left.uasset" 907
"C:/Tidy/TidyPrototype/Content/Characters/Mannequins/Anims/Unarmed/Jog/MF_Unarmed_Jog_Left.uexp" 908
"C:/Tidy/TidyPrototype/Content/Characters/Mannequins/Anims/Unarmed/Jog/MF_Unarmed_Jog_Right.uasset" 909
"C:/Tidy/TidyPrototype/Content/Characters/Mannequins/Anims/Unarmed/Jog/MF_Unarmed_Jog_Right.uexp" 910
"C:/Tidy/TidyPrototype/Content/Characters/Mannequins/Anims/Unarmed/Walk/MF_Unarmed_Walk_Bwd.uasset" 911
"C:/Tidy/TidyPrototype/Content/Characters/Mannequins/Anims/Unarmed/Walk/MF_Unarmed_Walk_Bwd.uexp" 912
"C:/Tidy/TidyPrototype/Content/Characters/Mannequins/Anims/Unarmed/Walk/MF_Unarmed_Walk_Bwd_Left.uasset" 913
"C:/Tidy/TidyPrototype/Content/Characters/Mannequins/Anims/Unarmed/Walk/MF_Unarmed_Walk_Bwd_Left.uexp" 914
"C:/Tidy/TidyPrototype/Content/Characters/Mannequins/Anims/Unarmed/Walk/MF_Unarmed_Walk_Bwd_Right.uasset" 915
"C:/Tidy/TidyPrototype/Content/Characters/Mannequins/Anims/Unarmed/Walk/MF_Unarmed_Walk_Bwd_Right.uexp" 916
"C:/Tidy/TidyPrototype/Content/Characters/Mannequins/Anims/Unarmed/Walk/MF_Unarmed_Walk_Fwd.uasset" 917
"C:/Tidy/TidyPrototype/Content/Characters/Mannequins/Anims/Unarmed/Walk/MF_Unarmed_Walk_Fwd.uexp" 918
"C:/Tidy/TidyPrototype/Content/Characters/Mannequins/Anims/Unarmed/Walk/MF_Unarmed_Walk_Fwd_Left.uasset" 919
"C:/Tidy/TidyPrototype/Content/Characters/Mannequins/Anims/Unarmed/Walk/MF_Unarmed_Walk_Fwd_Left.uexp" 920
"C:/Tidy/TidyPrototype/Content/Characters/Mannequins/Anims/Unarmed/Walk/MF_Unarmed_Walk_Fwd_Right.uasset" 921
"C:/Tidy/TidyPrototype/Content/Characters/Mannequins/Anims/Unarmed/Walk/MF_Unarmed_Walk_Fwd_Right.uexp" 922
"C:/Tidy/TidyPrototype/Content/Characters/Mannequins/Anims/Unarmed/Walk/MF_Unarmed_Walk_Left.uasset" 923
"C:/Tidy/TidyPrototype/Content/Characters/Mannequins/Anims/Unarmed/Walk/MF_Unarmed_Walk_Left.uexp" 924
"C:/Tidy/TidyPrototype/Content/Characters/Mannequins/Anims/Unarmed/Walk/MF_Unarmed_Walk_Right.uasset" 925
"C:/Tidy/TidyPrototype/Content/Characters/Mannequins/Anims/Unarmed/Walk/MF_Unarmed_Walk_Right.uexp" 926
"C:/Tidy/TidyPrototype/Content/Characters/Mannequins/Anims/Unarmed/BS_Idle_Walk_Run.uasset" 927
"C:/Tidy/TidyPrototype/Content/Characters/Mannequins/Anims/Unarmed/BS_Idle_Walk_Run.uexp" 928
"C:/Tidy/TidyPrototype/Content/Characters/Mannequins/Anims/Unarmed/Jump/MM_Fall_Loop.uasset" 929
"C:/Tidy/TidyPrototype/Content/Characters/Mannequins/Anims/Unarmed/Jump/MM_Fall_Loop.uexp" 930
"C:/Tidy/TidyPrototype/Content/Characters/Mannequins/Anims/Unarmed/Jump/MM_Jump.uasset" 931
"C:/Tidy/TidyPrototype/Content/Characters/Mannequins/Anims/Unarmed/Jump/MM_Jump.uexp" 932
"C:/Tidy/TidyPrototype/Content/Characters/Mannequins/Anims/Unarmed/Jump/MM_Land.uasset" 933
"C:/Tidy/TidyPrototype/Content/Characters/Mannequins/Anims/Unarmed/Jump/MM_Land.uexp" 934
"C:/Tidy/TidyPrototype/Content/Characters/Mannequins/Anims/Unarmed/ABP_Unarmed.uasset" 935
"C:/Tidy/TidyPrototype/Content/Characters/Mannequins/Anims/Unarmed/ABP_Unarmed.uexp" 936
"C:/Tidy/TidyPrototype/Content/FirstPerson/Blueprints/BP_FirstPersonCharacter.uasset" 937
"C:/Tidy/TidyPrototype/Content/FirstPerson/Blueprints/BP_FirstPersonCharacter.uexp" 938
"C:/Tidy/TidyPrototype/Content/Assets/Red.uasset" 939
"C:/Tidy/TidyPrototype/Content/Assets/Red.uexp" 940
"C:/Tidy/TidyPrototype/Content/Assets/White.uasset" 941
"C:/Tidy/TidyPrototype/Content/Assets/White.uexp" 942
"C:/Tidy/TidyPrototype/Content/Assets/Soda.ubulk" 943
"C:/Tidy/TidyPrototype/Content/Assets/Soda.uasset" 944
"C:/Tidy/TidyPrototype/Content/Assets/Soda.uexp" 945
"C:/Tidy/TidyPrototype/Content/FoodAssetPack2/Textures.ubulk" 946
"C:/Tidy/TidyPrototype/Content/FoodAssetPack2/Textures.uasset" 947
"C:/Tidy/TidyPrototype/Content/FoodAssetPack2/Textures.uexp" 948
"C:/Tidy/TidyPrototype/Content/FoodAssetPack2/Textures_Mat.uasset" 949
"C:/Tidy/TidyPrototype/Content/FoodAssetPack2/Textures_Mat.uexp" 950
"C:/Tidy/TidyPrototype/Content/FoodAssetPack2/donut_001.ubulk" 951
"C:/Tidy/TidyPrototype/Content/FoodAssetPack2/donut_001.uasset" 952
"C:/Tidy/TidyPrototype/Content/FoodAssetPack2/donut_001.uexp" 953
"C:/Tidy/TidyPrototype/Content/FoodAssetPack2/drink_004.ubulk" 954
"C:/Tidy/TidyPrototype/Content/FoodAssetPack2/drink_004.uasset" 955
"C:/Tidy/TidyPrototype/Content/FoodAssetPack2/drink_004.uexp" 956
"C:/Tidy/TidyPrototype/Content/KitchenFoodAssets/bowl_dirty.ubulk" 957
"C:/Tidy/TidyPrototype/Content/KitchenFoodAssets/bowl_dirty.uasset" 958
"C:/Tidy/TidyPrototype/Content/KitchenFoodAssets/bowl_dirty.uexp" 959
"C:/Tidy/TidyPrototype/Content/KitchenFoodAssets/food_ingredient_bun.ubulk" 960
"C:/Tidy/TidyPrototype/Content/KitchenFoodAssets/food_ingredient_bun.uasset" 961
"C:/Tidy/TidyPrototype/Content/KitchenFoodAssets/food_ingredient_bun.uexp" 962
"C:/Tidy/TidyPrototype/Content/KitchenFoodAssets/food_ingredient_carrot.ubulk" 963
"C:/Tidy/TidyPrototype/Content/KitchenFoodAssets/food_ingredient_carrot.uasset" 964
"C:/Tidy/TidyPrototype/Content/KitchenFoodAssets/food_ingredient_carrot.uexp" 965
"C:/Tidy/TidyPrototype/Content/KitchenFoodAssets/food_ingredient_cheese.ubulk" 966
"C:/Tidy/TidyPrototype/Content/KitchenFoodAssets/food_ingredient_cheese.uasset" 967
"C:/Tidy/TidyPrototype/Content/KitchenFoodAssets/food_ingredient_cheese.uexp" 968
"C:/Tidy/TidyPrototype/Content/KitchenFoodAssets/food_ingredient_ham.ubulk" 969
"C:/Tidy/TidyPrototype/Content/KitchenFoodAssets/food_ingredient_ham.uasset" 970
"C:/Tidy/TidyPrototype/Content/KitchenFoodAssets/food_ingredient_ham.uexp" 971
"C:/Tidy/TidyPrototype/Content/KitchenFoodAssets/food_ingredient_onion.ubulk" 972
"C:/Tidy/TidyPrototype/Content/KitchenFoodAssets/food_ingredient_onion.uasset" 973
"C:/Tidy/TidyPrototype/Content/KitchenFoodAssets/food_ingredient_onion.uexp" 974
"C:/Tidy/TidyPrototype/Content/KitchenFoodAssets/food_ingredient_potato.ubulk" 975
"C:/Tidy/TidyPrototype/Content/KitchenFoodAssets/food_ingredient_potato.uasset" 976
"C:/Tidy/TidyPrototype/Content/KitchenFoodAssets/food_ingredient_potato.uexp" 977
"C:/Tidy/TidyPrototype/Content/KitchenFoodAssets/food_ingredient_steak.ubulk" 978
"C:/Tidy/TidyPrototype/Content/KitchenFoodAssets/food_ingredient_steak.uasset" 979
"C:/Tidy/TidyPrototype/Content/KitchenFoodAssets/food_ingredient_steak.uexp" 980
"C:/Tidy/TidyPrototype/Content/KitchenFoodAssets/food_ingredient_tomato.ubulk" 981
"C:/Tidy/TidyPrototype/Content/KitchenFoodAssets/food_ingredient_tomato.uasset" 982
"C:/Tidy/TidyPrototype/Content/KitchenFoodAssets/food_ingredient_tomato.uexp" 983
"C:/Tidy/TidyPrototype/Content/KitchenFoodAssets/food_stew.ubulk" 984
"C:/Tidy/TidyPrototype/Content/KitchenFoodAssets/food_stew.uasset" 985
"C:/Tidy/TidyPrototype/Content/KitchenFoodAssets/food_stew.uexp" 986
"C:/Tidy/TidyPrototype/Content/KitchenFoodAssets/knife.ubulk" 987
"C:/Tidy/TidyPrototype/Content/KitchenFoodAssets/knife.uasset" 988
"C:/Tidy/TidyPrototype/Content/KitchenFoodAssets/knife.uexp" 989
"C:/Tidy/TidyPrototype/Content/KitchenFoodAssets/plate_dirty.ubulk" 990
"C:/Tidy/TidyPrototype/Content/KitchenFoodAssets/plate_dirty.uasset" 991
"C:/Tidy/TidyPrototype/Content/KitchenFoodAssets/plate_dirty.uexp" 992
"C:/Tidy/TidyPrototype/Content/Materials/M_KeyGlow.uasset" 993
"C:/Tidy/TidyPrototype/Content/Materials/M_KeyGlow.uexp" 994
"C:/Tidy/TidyPrototype/Content/Assets/fbx/tools_bits_texture.ubulk" 995
"C:/Tidy/TidyPrototype/Content/Assets/fbx/tools_bits_texture.uasset" 996
"C:/Tidy/TidyPrototype/Content/Assets/fbx/tools_bits_texture.uexp" 997
"C:/Tidy/TidyPrototype/Content/Assets/fbx/tools.uasset" 998
"C:/Tidy/TidyPrototype/Content/Assets/fbx/tools.uexp" 999
"C:/Tidy/TidyPrototype/Content/Assets/fbx/pencil_A_long.ubulk" 1000
"C:/Tidy/TidyPrototype/Content/Assets/fbx/pencil_A_long.uasset" 1001
"C:/Tidy/TidyPrototype/Content/Assets/fbx/pencil_A_long.uexp" 1002
"C:/Tidy/TidyPrototype/Content/Assets/IceCreamBox/Key.ubulk" 1003
"C:/Tidy/TidyPrototype/Content/Assets/IceCreamBox/Key.uasset" 1004
"C:/Tidy/TidyPrototype/Content/Assets/IceCreamBox/Key.uexp" 1005
"C:/Tidy/TidyPrototype/Content/Materials/Skull/Low_skull_Broken_initialShadingGroup_BaseColor.ubulk" 1006
"C:/Tidy/TidyPrototype/Content/Materials/Skull/Low_skull_Broken_initialShadingGroup_BaseColor.uasset" 1007
"C:/Tidy/TidyPrototype/Content/Materials/Skull/Low_skull_Broken_initialShadingGroup_BaseColor.uexp" 1008
"C:/Tidy/TidyPrototype/Content/Materials/Skull/Low_skull_Broken_initialShadingGroup_Emissive.ubulk" 1009
"C:/Tidy/TidyPrototype/Content/Materials/Skull/Low_skull_Broken_initialShadingGroup_Emissive.uasset" 1010
"C:/Tidy/TidyPrototype/Content/Materials/Skull/Low_skull_Broken_initialShadingGroup_Emissive.uexp" 1011
"C:/Tidy/TidyPrototype/Content/Materials/Skull/Low_skull_Broken_initialShadingGroup_Normal.ubulk" 1012
"C:/Tidy/TidyPrototype/Content/Materials/Skull/Low_skull_Broken_initialShadingGroup_Normal.uasset" 1013
"C:/Tidy/TidyPrototype/Content/Materials/Skull/Low_skull_Broken_initialShadingGroup_Normal.uexp" 1014
"C:/Tidy/TidyPrototype/Content/Materials/Skull/Low_skull_Broken_initialShadingGroup_OcclusionRoughnessMetallic.ubulk" 1015
"C:/Tidy/TidyPrototype/Content/Materials/Skull/Low_skull_Broken_initialShadingGroup_OcclusionRoughnessMetallic.uasset" 1016
"C:/Tidy/TidyPrototype/Content/Materials/Skull/Low_skull_Broken_initialShadingGroup_OcclusionRoughnessMetallic.uexp" 1017
"C:/Tidy/TidyPrototype/Content/Materials/M_Skull.uasset" 1018
"C:/Tidy/TidyPrototype/Content/Materials/M_Skull.uexp" 1019
"C:/Tidy/TidyPrototype/Content/Assets/Props/Skull.ubulk" 1020
"C:/Tidy/TidyPrototype/Content/Assets/Props/Skull.uasset" 1021
"C:/Tidy/TidyPrototype/Content/Assets/Props/Skull.uexp" 1022
"C:/Tidy/TidyPrototype/Content/Blueprints/BP_MessSpawner.uasset" 1023
"C:/Tidy/TidyPrototype/Content/Blueprints/BP_MessSpawner.uexp" 1024
"C:/Tidy/TidyPrototype/Content/Assets/Garbage_Truck.ubulk" 1025
"C:/Tidy/TidyPrototype/Content/Assets/Garbage_Truck.uasset" 1026
"C:/Tidy/TidyPrototype/Content/Assets/Garbage_Truck.uexp" 1027
"C:/Tidy/TidyPrototype/Content/Audio/wall-break_final.ubulk" 1028
"C:/Tidy/TidyPrototype/Content/Audio/wall-break_final.uasset" 1029
"C:/Tidy/TidyPrototype/Content/Audio/wall-break_final.uexp" 1030
"C:/Tidy/TidyPrototype/Content/VFX/Poof/M_White.uasset" 1031
"C:/Tidy/TidyPrototype/Content/VFX/Poof/M_White.uexp" 1032
"C:/Tidy/TidyPrototype/Content/VFX/Poof/Poof1.ubulk" 1033
"C:/Tidy/TidyPrototype/Content/VFX/Poof/Poof1.uasset" 1034
"C:/Tidy/TidyPrototype/Content/VFX/Poof/Poof1.uexp" 1035
"C:/Tidy/TidyPrototype/Content/VFX/Poof/Poof2.ubulk" 1036
"C:/Tidy/TidyPrototype/Content/VFX/Poof/Poof2.uasset" 1037
"C:/Tidy/TidyPrototype/Content/VFX/Poof/Poof2.uexp" 1038
"C:/Tidy/TidyPrototype/Content/VFX/Poof/NS_SmokePoof.uasset" 1039
"C:/Tidy/TidyPrototype/Content/VFX/Poof/NS_SmokePoof.uexp" 1040
"C:/Tidy/TidyPrototype/Content/Materials/GarbageTruck/Garbage_Truck_initialShadingGroup_BaseColor.ubulk" 1041
"C:/Tidy/TidyPrototype/Content/Materials/GarbageTruck/Garbage_Truck_initialShadingGroup_BaseColor.uasset" 1042
"C:/Tidy/TidyPrototype/Content/Materials/GarbageTruck/Garbage_Truck_initialShadingGroup_BaseColor.uexp" 1043
"C:/Tidy/TidyPrototype/Content/Materials/GarbageTruck/Garbage_Truck_initialShadingGroup_Emissive.ubulk" 1044
"C:/Tidy/TidyPrototype/Content/Materials/GarbageTruck/Garbage_Truck_initialShadingGroup_Emissive.uasset" 1045
"C:/Tidy/TidyPrototype/Content/Materials/GarbageTruck/Garbage_Truck_initialShadingGroup_Emissive.uexp" 1046
"C:/Tidy/TidyPrototype/Content/Materials/GarbageTruck/Garbage_Truck_initialShadingGroup_OcclusionRoughnessMetallic.ubulk" 1047
"C:/Tidy/TidyPrototype/Content/Materials/GarbageTruck/Garbage_Truck_initialShadingGroup_OcclusionRoughnessMetallic.uasset" 1048
"C:/Tidy/TidyPrototype/Content/Materials/GarbageTruck/Garbage_Truck_initialShadingGroup_OcclusionRoughnessMetallic.uexp" 1049
"C:/Tidy/TidyPrototype/Content/Materials/GarbageTruck/M_GarbageTruck.uasset" 1050
"C:/Tidy/TidyPrototype/Content/Materials/GarbageTruck/M_GarbageTruck.uexp" 1051
"C:/Tidy/TidyPrototype/Content/Blueprints/GarbageManBin.uasset" 1052
"C:/Tidy/TidyPrototype/Content/Blueprints/GarbageManBin.uexp" 1053
"C:/Tidy/TidyPrototype/Content/Input/IA_Back.uasset" 1054
"C:/Tidy/TidyPrototype/Content/Input/IA_Back.uexp" 1055
"C:/Tidy/TidyPrototype/Content/Input/IMC_Default.uasset" 1056
"C:/Tidy/TidyPrototype/Content/Input/IMC_Default.uexp" 1057
"C:/Tidy/TidyPrototype/Content/Input/IMC_GameOver.uasset" 1058
"C:/Tidy/TidyPrototype/Content/Input/IMC_GameOver.uexp" 1059
"C:/Tidy/TidyPrototype/Content/Input/IMC_MouseLook.uasset" 1060
"C:/Tidy/TidyPrototype/Content/Input/IMC_MouseLook.uexp" 1061
"C:/Tidy/TidyPrototype/Content/FirstPerson/Blueprints/BP_FirstPersonCameraManager.uasset" 1062
"C:/Tidy/TidyPrototype/Content/FirstPerson/Blueprints/BP_FirstPersonCameraManager.uexp" 1063
"C:/Tidy/TidyPrototype/Content/FirstPerson/Blueprints/BP_FirstPersonPlayerController.uasset" 1064
"C:/Tidy/TidyPrototype/Content/FirstPerson/Blueprints/BP_FirstPersonPlayerController.uexp" 1065
"C:/Tidy/TidyPrototype/Content/FirstPerson/Blueprints/BP_FirstPersonGameMode.uasset" 1066
"C:/Tidy/TidyPrototype/Content/FirstPerson/Blueprints/BP_FirstPersonGameMode.uexp" 1067
"C:/Tidy/TidyPrototype/Content/Blueprints/BP_TutorialTrigger.uasset" 1068
"C:/Tidy/TidyPrototype/Content/Blueprints/BP_TutorialTrigger.uexp" 1069
"../../../Engine/Content/EditorMeshes/Camera/SM_CraneRig_Base.ubulk" 1070
"../../../Engine/Content/EditorMeshes/Camera/SM_CraneRig_Base.uasset" 1071
"../../../Engine/Content/EditorMeshes/Camera/SM_CraneRig_Base.uexp" 1072
"../../../Engine/Content/EditorMeshes/Camera/SM_CraneRig_Body.ubulk" 1073
"../../../Engine/Content/EditorMeshes/Camera/SM_CraneRig_Body.uasset" 1074
"../../../Engine/Content/EditorMeshes/Camera/SM_CraneRig_Body.uexp" 1075
"../../../Engine/Content/EditorResources/S_Actor.ubulk" 1076
"../../../Engine/Content/EditorResources/S_Actor.uasset" 1077
"../../../Engine/Content/EditorResources/S_Actor.uexp" 1078
"../../../Engine/Content/EditorMeshes/Camera/SM_CraneRig_Mount.ubulk" 1079
"../../../Engine/Content/EditorMeshes/Camera/SM_CraneRig_Mount.uasset" 1080
"../../../Engine/Content/EditorMeshes/Camera/SM_CraneRig_Mount.uexp" 1081
"../../../Engine/Content/EditorMeshes/Camera/SM_RailRig_Mount.ubulk" 1082
"../../../Engine/Content/EditorMeshes/Camera/SM_RailRig_Mount.uasset" 1083
"../../../Engine/Content/EditorMeshes/Camera/SM_RailRig_Mount.uexp" 1084
"../../../Engine/Content/EditorResources/S_BoxReflectionCapture.uasset" 1085
"../../../Engine/Content/EditorResources/S_BoxReflectionCapture.uexp" 1086
"../../../Engine/Content/EditorMeshes/Camera/SM_RailRig_Track.ubulk" 1087
"../../../Engine/Content/EditorMeshes/Camera/SM_RailRig_Track.uasset" 1088
"../../../Engine/Content/EditorMeshes/Camera/SM_RailRig_Track.uexp" 1089
"C:/Tidy/TidyPrototype/Content/Materials/PP_Cel_Shader.uasset" 1090
"C:/Tidy/TidyPrototype/Content/Materials/PP_Cel_Shader.uexp" 1091
"C:/Tidy/TidyPrototype/Content/Materials/BP_PP_Cel_Shader.uasset" 1092
"C:/Tidy/TidyPrototype/Content/Materials/BP_PP_Cel_Shader.uexp" 1093
"../../../Engine/Plugins/Interchange/Runtime/Content/Pipelines/DefaultAssetsPipeline.uasset" 1094
"../../../Engine/Plugins/Interchange/Runtime/Content/Pipelines/DefaultAssetsPipeline.uexp" 1095
"../../../Engine/Plugins/Interchange/Runtime/Content/Pipelines/DefaultAudioPipeline.uasset" 1096
"../../../Engine/Plugins/Interchange/Runtime/Content/Pipelines/DefaultAudioPipeline.uexp" 1097
"../../../Engine/Plugins/Interchange/Runtime/Content/Pipelines/DefaultGLTFAssetsPipeline.uasset" 1098
"../../../Engine/Plugins/Interchange/Runtime/Content/Pipelines/DefaultGLTFAssetsPipeline.uexp" 1099
"../../../Engine/Plugins/Interchange/Runtime/Content/Pipelines/DefaultGLTFPipeline.uasset" 1100
"../../../Engine/Plugins/Interchange/Runtime/Content/Pipelines/DefaultGLTFPipeline.uexp" 1101
"../../../Engine/Plugins/Interchange/Runtime/Content/Pipelines/DefaultGLTFSceneAssetsPipeline.uasset" 1102
"../../../Engine/Plugins/Interchange/Runtime/Content/Pipelines/DefaultGLTFSceneAssetsPipeline.uexp" 1103
"../../../Engine/Plugins/Interchange/Runtime/Content/Pipelines/DefaultMaterialPipeline.uasset" 1104
"../../../Engine/Plugins/Interchange/Runtime/Content/Pipelines/DefaultMaterialPipeline.uexp" 1105
"../../../Engine/Plugins/Interchange/Runtime/Content/Pipelines/DefaultMaterialXPipeline.uasset" 1106
"../../../Engine/Plugins/Interchange/Runtime/Content/Pipelines/DefaultMaterialXPipeline.uexp" 1107
"../../../Engine/Plugins/Interchange/Runtime/Content/Pipelines/DefaultSceneAssetsPipeline.uasset" 1108
"../../../Engine/Plugins/Interchange/Runtime/Content/Pipelines/DefaultSceneAssetsPipeline.uexp" 1109
"../../../Engine/Plugins/Interchange/Runtime/Content/Pipelines/DefaultSceneLevelPipeline.uasset" 1110
"../../../Engine/Plugins/Interchange/Runtime/Content/Pipelines/DefaultSceneLevelPipeline.uexp" 1111
"../../../Engine/Plugins/Interchange/Runtime/Content/Pipelines/DefaultTexturePipeline.uasset" 1112
"../../../Engine/Plugins/Interchange/Runtime/Content/Pipelines/DefaultTexturePipeline.uexp" 1113
"../../../Engine/Content/EditorLandscapeResources/DefaultAlphaTexture.uasset" 1114
"../../../Engine/Content/EditorLandscapeResources/DefaultAlphaTexture.uexp" 1115
"../../../Engine/Content/EditorLandscapeResources/ColorMaskBrushMaterial.uasset" 1116
"../../../Engine/Content/EditorLandscapeResources/ColorMaskBrushMaterial.uexp" 1117
"../../../Engine/Content/EditorLandscapeResources/ColorMaskBrushMaterial_MaskedRegion.uasset" 1118
"../../../Engine/Content/EditorLandscapeResources/ColorMaskBrushMaterial_MaskedRegion.uexp" 1119
"C:/Tidy/TidyPrototype/Content/Assets/Living_Room/2/TV_2.ubulk" 1120
"C:/Tidy/TidyPrototype/Content/Assets/Living_Room/2/TV_2.uasset" 1121
"C:/Tidy/TidyPrototype/Content/Assets/Living_Room/2/TV_2.uexp" 1122
"C:/Tidy/TidyPrototype/Content/GUI/907240f5-3467-4fc4-a6b3-b39866c3993b_1200x675.uasset" 1123
"C:/Tidy/TidyPrototype/Content/GUI/907240f5-3467-4fc4-a6b3-b39866c3993b_1200x675.uexp" 1124
"C:/Tidy/TidyPrototype/Content/Blueprints/WBP_TVScreen.uasset" 1125
"C:/Tidy/TidyPrototype/Content/Blueprints/WBP_TVScreen.uexp" 1126
"C:/Tidy/TidyPrototype/Content/Blueprints/TV3_Blueprint.uasset" 1127
"C:/Tidy/TidyPrototype/Content/Blueprints/TV3_Blueprint.uexp" 1128
"../../../Engine/Content/EditorLandscapeResources/LandscapeDirtyMaterial.uasset" 1129
"../../../Engine/Content/EditorLandscapeResources/LandscapeDirtyMaterial.uexp" 1130
"C:/Tidy/TidyPrototype/Content/Materials/M_BlockOutMat.uasset" 1131
"C:/Tidy/TidyPrototype/Content/Materials/M_BlockOutMat.uexp" 1132
"C:/Tidy/TidyPrototype/Content/Audio/Project_Tidy_Gameplay_OST__2_.ubulk" 1133
"C:/Tidy/TidyPrototype/Content/Audio/Project_Tidy_Gameplay_OST__2_.uasset" 1134
"C:/Tidy/TidyPrototype/Content/Audio/Project_Tidy_Gameplay_OST__2_.uexp" 1135
"C:/Tidy/TidyPrototype/Content/Materials/Storage_Vessels/Freezer_COMBINED_initialShadingGroup_BaseColor.ubulk" 1136
"C:/Tidy/TidyPrototype/Content/Materials/Storage_Vessels/Freezer_COMBINED_initialShadingGroup_BaseColor.uasset" 1137
"C:/Tidy/TidyPrototype/Content/Materials/Storage_Vessels/Freezer_COMBINED_initialShadingGroup_BaseColor.uexp" 1138
"C:/Tidy/TidyPrototype/Content/Materials/Storage_Vessels/Freezer_COMBINED_initialShadingGroup_OcclusionRoughnessMetallic.ubulk" 1139
"C:/Tidy/TidyPrototype/Content/Materials/Storage_Vessels/Freezer_COMBINED_initialShadingGroup_OcclusionRoughnessMetallic.uasset" 1140
"C:/Tidy/TidyPrototype/Content/Materials/Storage_Vessels/Freezer_COMBINED_initialShadingGroup_OcclusionRoughnessMetallic.uexp" 1141
"C:/Tidy/TidyPrototype/Content/Materials/M_Freezer.uasset" 1142
"C:/Tidy/TidyPrototype/Content/Materials/M_Freezer.uexp" 1143
"../../../Engine/Content/Functions/Engine_MaterialFunctions01/Debug/DebugIntValues.uasset" 1144
"../../../Engine/Content/Functions/Engine_MaterialFunctions01/Debug/DebugIntValues.uexp" 1145
"../../../Engine/Content/Functions/Engine_MaterialFunctions02/WorldPositionOffset/LocalPosition.uasset" 1146
"../../../Engine/Content/Functions/Engine_MaterialFunctions02/WorldPositionOffset/LocalPosition.uexp" 1147
"../../../Engine/Content/EditorLandscapeResources/LandscapeLayerUsageMaterial.uasset" 1148
"../../../Engine/Content/EditorLandscapeResources/LandscapeLayerUsageMaterial.uexp" 1149
"../../../Engine/Content/EditorResources/S_Solver.ubulk" 1150
"../../../Engine/Content/EditorResources/S_Solver.uasset" 1151
"../../../Engine/Content/EditorResources/S_Solver.uexp" 1152
"../../../Engine/Content/EditorResources/S_Terrain.ubulk" 1153
"../../../Engine/Content/EditorResources/S_Terrain.uasset" 1154
"../../../Engine/Content/EditorResources/S_Terrain.uexp" 1155
"../../../Engine/Content/EditorLandscapeResources/WhiteSquareTexture.uasset" 1156
"../../../Engine/Content/EditorLandscapeResources/WhiteSquareTexture.uexp" 1157
"../../../Engine/Content/EditorLandscapeResources/LayerVisMaterial.uasset" 1158
"../../../Engine/Content/EditorLandscapeResources/LayerVisMaterial.uexp" 1159
"C:/Tidy/TidyPrototype/Content/Materials/M_Placeholder_Water.uasset" 1160
"C:/Tidy/TidyPrototype/Content/Materials/M_Placeholder_Water.uexp" 1161
"../../../Engine/Content/Functions/Engine_MaterialFunctions03/Math/WithinRangeFloat2.uasset" 1162
"../../../Engine/Content/Functions/Engine_MaterialFunctions03/Math/WithinRangeFloat2.uexp" 1163
"../../../Engine/Content/EditorLandscapeResources/MaskBrushMaterial.uasset" 1164
"../../../Engine/Content/EditorLandscapeResources/MaskBrushMaterial.uexp" 1165
"../../../Engine/Content/EditorLandscapeResources/MaskBrushMaterial_MaskedRegion.uasset" 1166
"../../../Engine/Content/EditorLandscapeResources/MaskBrushMaterial_MaskedRegion.uexp" 1167
"../../../Engine/Content/EditorResources/S_Trigger.ubulk" 1168
"../../../Engine/Content/EditorResources/S_Trigger.uasset" 1169
"../../../Engine/Content/EditorResources/S_Trigger.uexp" 1170
"../../../Engine/Content/EditorResources/S_TriggerBox.uasset" 1171
"../../../Engine/Content/EditorResources/S_TriggerBox.uexp" 1172
"C:/Tidy/TidyPrototype/Content/Materials/M_ShowerDoor.uasset" 1173
"C:/Tidy/TidyPrototype/Content/Materials/M_ShowerDoor.uexp" 1174
"../../../Engine/Content/EditorLandscapeResources/SelectBrushMaterial.uasset" 1175
"../../../Engine/Content/EditorLandscapeResources/SelectBrushMaterial.uexp" 1176
"../../../Engine/Content/EditorLandscapeResources/SelectBrushMaterial_Selected.uasset" 1177
"../../../Engine/Content/EditorLandscapeResources/SelectBrushMaterial_Selected.uexp" 1178
"../../../Engine/Content/EditorResources/S_TriggerCapsule.uasset" 1179
"../../../Engine/Content/EditorResources/S_TriggerCapsule.uexp" 1180
"../../../Engine/Content/EditorLandscapeResources/SelectBrushMaterial_SelectedRegion.uasset" 1181
"../../../Engine/Content/EditorLandscapeResources/SelectBrushMaterial_SelectedRegion.uexp" 1182
"../../../Engine/Content/EditorResources/S_TriggerSphere.uasset" 1183
"../../../Engine/Content/EditorResources/S_TriggerSphere.uexp" 1184
"../../../Engine/Plugins/Interchange/Assets/Content/Functions/MX_AbsorptionVDF.uasset" 1185
"../../../Engine/Plugins/Interchange/Assets/Content/Functions/MX_AbsorptionVDF.uexp" 1186
"../../../Engine/Content/EditorLandscapeResources/SplineEditorMeshMat.uasset" 1187
"../../../Engine/Content/EditorLandscapeResources/SplineEditorMeshMat.uexp" 1188
"../../../Engine/Content/EditorLandscapeResources/SplineEditorMesh.ubulk" 1189
"../../../Engine/Content/EditorLandscapeResources/SplineEditorMesh.uasset" 1190
"../../../Engine/Content/EditorLandscapeResources/SplineEditorMesh.uexp" 1191
"../../../Engine/Plugins/Interchange/Assets/Content/Functions/MX_AnisotropicVDF.uasset" 1192
"../../../Engine/Plugins/Interchange/Assets/Content/Functions/MX_AnisotropicVDF.uexp" 1193
"C:/Tidy/TidyPrototype/Content/Materials/M_WallMaterial.uasset" 1194
"C:/Tidy/TidyPrototype/Content/Materials/M_WallMaterial.uexp" 1195
"../../../Engine/Plugins/Interchange/Assets/Content/Functions/MX_BurleyDiffuseBSDF.uasset" 1196
"../../../Engine/Plugins/Interchange/Assets/Content/Functions/MX_BurleyDiffuseBSDF.uexp" 1197
"../../../Engine/Plugins/Interchange/Assets/Content/Functions/MX_ChiangHairBSDF.uasset" 1198
"../../../Engine/Plugins/Interchange/Assets/Content/Functions/MX_ChiangHairBSDF.uexp" 1199
"../../../Engine/Content/Functions/Engine_MaterialFunctions02/Utility/CameraDirectionVector.uasset" 1200
"../../../Engine/Content/Functions/Engine_MaterialFunctions02/Utility/CameraDirectionVector.uexp" 1201
"../../../Engine/Plugins/Experimental/MeshModelingToolsetExp/Content/Materials/GetDisplacementVectorForDepthBias.uasset" 1202
"../../../Engine/Plugins/Experimental/MeshModelingToolsetExp/Content/Materials/GetDisplacementVectorForDepthBias.uexp" 1203
"../../../Engine/Content/Functions/Engine_MaterialFunctions03/Viewport/MF_OrthoWidth.uasset" 1204
"../../../Engine/Content/Functions/Engine_MaterialFunctions03/Viewport/MF_OrthoWidth.uexp" 1205
"../../../Engine/Content/Functions/Engine_MaterialFunctions02/Utility/FOV.uasset" 1206
"../../../Engine/Content/Functions/Engine_MaterialFunctions02/Utility/FOV.uexp" 1207
"../../../Engine/Content/Functions/Engine_MaterialFunctions02/WorldPositionOffset/V2/ObjectScale.uasset" 1208
"../../../Engine/Content/Functions/Engine_MaterialFunctions02/WorldPositionOffset/V2/ObjectScale.uexp" 1209
"../../../Engine/Plugins/Experimental/MeshModelingToolsetExp/Content/Materials/PointSetOverlaidComponentMaterial.uasset" 1210
"../../../Engine/Plugins/Experimental/MeshModelingToolsetExp/Content/Materials/PointSetOverlaidComponentMaterial.uexp" 1211
"../../../Engine/Plugins/Interchange/Assets/Content/Functions/MX_ConductorBSDF.uasset" 1212
"../../../Engine/Plugins/Interchange/Assets/Content/Functions/MX_ConductorBSDF.uexp" 1213
"../../../Engine/Plugins/Interchange/Assets/Content/Functions/MX_ConicalEDF.uasset" 1214
"../../../Engine/Plugins/Interchange/Assets/Content/Functions/MX_ConicalEDF.uexp" 1215
"../../../Engine/Content/EditorResources/SequenceRecorder/Countdown.uasset" 1216
"../../../Engine/Content/EditorResources/SequenceRecorder/Countdown.uexp" 1217
"../../../Engine/Content/Functions/Engine_MaterialFunctions02/SplitComponents.uasset" 1218
"../../../Engine/Content/Functions/Engine_MaterialFunctions02/SplitComponents.uexp" 1219
"../../../Engine/Content/VREditor/SnapGrid/SnapGridMaterial.uasset" 1220
"../../../Engine/Content/VREditor/SnapGrid/SnapGridMaterial.uexp" 1221
"../../../Engine/Content/VREditor/SnapGrid/SnapGridPlaneMesh.ubulk" 1222
"../../../Engine/Content/VREditor/SnapGrid/SnapGridPlaneMesh.uasset" 1223
"../../../Engine/Content/VREditor/SnapGrid/SnapGridPlaneMesh.uexp" 1224
"../../../Engine/Content/VREditor/LaserPointer/VR_LaserPower_01.ubulk" 1225
"../../../Engine/Content/VREditor/LaserPointer/VR_LaserPower_01.uasset" 1226
"../../../Engine/Content/VREditor/LaserPointer/VR_LaserPower_01.uexp" 1227
"../../../Engine/Content/VREditor/TransformGizmo/TransformGizmoMaterial.uasset" 1228
"../../../Engine/Content/VREditor/TransformGizmo/TransformGizmoMaterial.uexp" 1229
"../../../Engine/Content/VREditor/TransformGizmo/TranslucentTransformGizmoMaterial.uasset" 1230
"../../../Engine/Content/VREditor/TransformGizmo/TranslucentTransformGizmoMaterial.uexp" 1231
"../../../Engine/Content/VREditor/TransformGizmo/PlaneTranslationHandle.ubulk" 1232
"../../../Engine/Content/VREditor/TransformGizmo/PlaneTranslationHandle.uasset" 1233
"../../../Engine/Content/VREditor/TransformGizmo/PlaneTranslationHandle.uexp" 1234
"../../../Engine/Content/VREditor/TransformGizmo/RotationHandleFull.ubulk" 1235
"../../../Engine/Content/VREditor/TransformGizmo/RotationHandleFull.uasset" 1236
"../../../Engine/Content/VREditor/TransformGizmo/RotationHandleFull.uexp" 1237
"../../../Engine/Content/VREditor/TransformGizmo/RotationHandleIndicator.ubulk" 1238
"../../../Engine/Content/VREditor/TransformGizmo/RotationHandleIndicator.uasset" 1239
"../../../Engine/Content/VREditor/TransformGizmo/RotationHandleIndicator.uexp" 1240
"../../../Engine/Content/VREditor/TransformGizmo/RotationHandleQuarter.ubulk" 1241
"../../../Engine/Content/VREditor/TransformGizmo/RotationHandleQuarter.uasset" 1242
"../../../Engine/Content/VREditor/TransformGizmo/RotationHandleQuarter.uexp" 1243
"../../../Engine/Content/VREditor/TransformGizmo/StartRotationHandleIndicator.ubulk" 1244
"../../../Engine/Content/VREditor/TransformGizmo/StartRotationHandleIndicator.uasset" 1245
"../../../Engine/Content/VREditor/TransformGizmo/StartRotationHandleIndicator.uexp" 1246
"../../../Engine/Content/VREditor/TransformGizmo/TranslucentTransformGizmoMaterial_Inst.uasset" 1247
"../../../Engine/Content/VREditor/TransformGizmo/TranslucentTransformGizmoMaterial_Inst.uexp" 1248
"../../../Engine/Content/VREditor/TransformGizmo/TransformGizmoFreeRotation.ubulk" 1249
"../../../Engine/Content/VREditor/TransformGizmo/TransformGizmoFreeRotation.uasset" 1250
"../../../Engine/Content/VREditor/TransformGizmo/TransformGizmoFreeRotation.uexp" 1251
"../../../Engine/Content/VREditor/TransformGizmo/TransformGizmoMaterial_Inst.uasset" 1252
"../../../Engine/Content/VREditor/TransformGizmo/TransformGizmoMaterial_Inst.uexp" 1253
"../../../Engine/Content/VREditor/TransformGizmo/TranslateArrowHandle.ubulk" 1254
"../../../Engine/Content/VREditor/TransformGizmo/TranslateArrowHandle.uasset" 1255
"../../../Engine/Content/VREditor/TransformGizmo/TranslateArrowHandle.uexp" 1256
"../../../Engine/Content/VREditor/TransformGizmo/UniformScaleHandle.ubulk" 1257
"../../../Engine/Content/VREditor/TransformGizmo/UniformScaleHandle.uasset" 1258
"../../../Engine/Content/VREditor/TransformGizmo/UniformScaleHandle.uexp" 1259
"../../../Engine/Content/VREditor/Sounds/UI/Drop_Item_From_ContentBrowser.ubulk" 1260
"../../../Engine/Content/VREditor/Sounds/UI/Drop_Item_From_ContentBrowser.uasset" 1261
"../../../Engine/Content/VREditor/Sounds/UI/Drop_Item_From_ContentBrowser.uexp" 1262
"../../../Engine/Content/VREditor/Sounds/UI/Gizmo_Handle_Clicked.ubulk" 1263
"../../../Engine/Content/VREditor/Sounds/UI/Gizmo_Handle_Clicked.uasset" 1264
"../../../Engine/Content/VREditor/Sounds/UI/Gizmo_Handle_Clicked.uexp" 1265
"../../../Engine/Content/VREditor/Sounds/UI/Object_PickUp.ubulk" 1266
"../../../Engine/Content/VREditor/Sounds/UI/Object_PickUp.uasset" 1267
"../../../Engine/Content/VREditor/Sounds/UI/Object_PickUp.uexp" 1268
"../../../Engine/Content/VREditor/Sounds/UI/Object_Snaps_To_Another_Actor.ubulk" 1269
"../../../Engine/Content/VREditor/Sounds/UI/Object_Snaps_To_Another_Actor.uasset" 1270
"../../../Engine/Content/VREditor/Sounds/UI/Object_Snaps_To_Another_Actor.uexp" 1271
"../../../Engine/Content/VREditor/Sounds/UI/Object_Snaps_To_Grid.ubulk" 1272
"../../../Engine/Content/VREditor/Sounds/UI/Object_Snaps_To_Grid.uasset" 1273
"../../../Engine/Content/VREditor/Sounds/UI/Object_Snaps_To_Grid.uexp" 1274
"../../../Engine/Content/VREditor/Sounds/UI/Scaling_Down.ubulk" 1275
"../../../Engine/Content/VREditor/Sounds/UI/Scaling_Down.uasset" 1276
"../../../Engine/Content/VREditor/Sounds/UI/Scaling_Down.uexp" 1277
"../../../Engine/Content/VREditor/Sounds/UI/Scaling_Up.ubulk" 1278
"../../../Engine/Content/VREditor/Sounds/UI/Scaling_Up.uasset" 1279
"../../../Engine/Content/VREditor/Sounds/UI/Scaling_Up.uexp" 1280
"../../../Engine/Content/VREditor/Sounds/UI/Selection_Changes.ubulk" 1281
"../../../Engine/Content/VREditor/Sounds/UI/Selection_Changes.uasset" 1282
"../../../Engine/Content/VREditor/Sounds/UI/Selection_Changes.uexp" 1283
"C:/Tidy/TidyPrototype/Content/Materials/BinPhysics.uasset" 1284
"C:/Tidy/TidyPrototype/Content/Materials/BinPhysics.uexp" 1285
"C:/Tidy/TidyPrototype/Content/Assets/MiscHouse/Bin.ubulk" 1286
"C:/Tidy/TidyPrototype/Content/Assets/MiscHouse/Bin.uasset" 1287
"C:/Tidy/TidyPrototype/Content/Assets/MiscHouse/Bin.uexp" 1288
"C:/Tidy/TidyPrototype/Content/Materials/Placeholder/M_Bin.uasset" 1289
"C:/Tidy/TidyPrototype/Content/Materials/Placeholder/M_Bin.uexp" 1290
"C:/Tidy/TidyPrototype/Content/Blueprints/BP_Bin.uasset" 1291
"C:/Tidy/TidyPrototype/Content/Blueprints/BP_Bin.uexp" 1292
"../../../Engine/Content/EngineDamageTypes/DmgTypeBP_Environmental.uasset" 1293
"../../../Engine/Content/EngineDamageTypes/DmgTypeBP_Environmental.uexp" 1294
"../../../Engine/Content/EditorResources/SequenceRecorder/RecordingIndicator.uasset" 1295
"../../../Engine/Content/EditorResources/SequenceRecorder/RecordingIndicator.uexp" 1296
"../../../Engine/Plugins/Interchange/Assets/Content/Functions/MX_DielectricBSDF.uasset" 1297
"../../../Engine/Plugins/Interchange/Assets/Content/Functions/MX_DielectricBSDF.uexp" 1298
"../../../Engine/Plugins/Interchange/Assets/Content/Functions/MX_Displacement.uasset" 1299
"../../../Engine/Plugins/Interchange/Assets/Content/Functions/MX_Displacement.uexp" 1300
"../../../Engine/Plugins/Interchange/Assets/Content/Functions/MX_GeneralizedSchlickBSDF.uasset" 1301
"../../../Engine/Plugins/Interchange/Assets/Content/Functions/MX_GeneralizedSchlickBSDF.uexp" 1302
"../../../Engine/Content/EditorMaterials/Dataflow/DataflowTwoSidedVertexMaterial.uasset" 1303
"../../../Engine/Content/EditorMaterials/Dataflow/DataflowTwoSidedVertexMaterial.uexp" 1304
"../../../Engine/Plugins/Animation/ControlRig/Content/Controls/ControlRigGizmoMaterial.uasset" 1305
"../../../Engine/Plugins/Animation/ControlRig/Content/Controls/ControlRigGizmoMaterial.uexp" 1306
"../../../Engine/Plugins/Animation/ControlRig/Content/Controls/ControlRigXRayMaterial.uasset" 1307
"../../../Engine/Plugins/Animation/ControlRig/Content/Controls/ControlRigXRayMaterial.uexp" 1308
"../../../Engine/Content/EditorMaterials/Dataflow/DataflowVertexMaterial.uasset" 1309
"../../../Engine/Content/EditorMaterials/Dataflow/DataflowVertexMaterial.uexp" 1310
"../../../Engine/Plugins/Animation/ControlRig/Content/Controls/ControlRig_Arrow2_1mm.ubulk" 1311
"../../../Engine/Plugins/Animation/ControlRig/Content/Controls/ControlRig_Arrow2_1mm.uasset" 1312
"../../../Engine/Plugins/Animation/ControlRig/Content/Controls/ControlRig_Arrow2_1mm.uexp" 1313
"../../../Engine/Plugins/Runtime/AudioWidgets/Content/Resources/ScrubHandleDown_Clamped.uasset" 1314
"../../../Engine/Plugins/Runtime/AudioWidgets/Content/Resources/ScrubHandleDown_Clamped.uexp" 1315
"../../../Engine/Plugins/Interchange/Assets/Content/Functions/MX_MeasuredEDF.uasset" 1316
"../../../Engine/Plugins/Interchange/Assets/Content/Functions/MX_MeasuredEDF.uexp" 1317
"../../../Engine/Plugins/Animation/ControlRig/Content/Controls/ControlRig_Arrow2_3mm.ubulk" 1318
"../../../Engine/Plugins/Animation/ControlRig/Content/Controls/ControlRig_Arrow2_3mm.uasset" 1319
"../../../Engine/Plugins/Animation/ControlRig/Content/Controls/ControlRig_Arrow2_3mm.uexp" 1320
"../../../Engine/Plugins/Interchange/Assets/Content/Functions/MF_IridescenceNoLUT.uasset" 1321
"../../../Engine/Plugins/Interchange/Assets/Content/Functions/MF_IridescenceNoLUT.uexp" 1322
"../../../Engine/Plugins/Interchange/Assets/Content/Functions/MX_StandardSurface.uasset" 1323
"../../../Engine/Plugins/Interchange/Assets/Content/Functions/MX_StandardSurface.uexp" 1324
"../../../Engine/Plugins/Interchange/Assets/Content/Functions/MX_OpenPBR_Opaque.uasset" 1325
"../../../Engine/Plugins/Interchange/Assets/Content/Functions/MX_OpenPBR_Opaque.uexp" 1326
"../../../Engine/Plugins/Interchange/Assets/Content/Functions/MX_TransmissionSurface.uasset" 1327
"../../../Engine/Plugins/Interchange/Assets/Content/Functions/MX_TransmissionSurface.uexp" 1328
"../../../Engine/Plugins/Interchange/Assets/Content/Functions/MX_OpenPBR_Translucent.uasset" 1329
"../../../Engine/Plugins/Interchange/Assets/Content/Functions/MX_OpenPBR_Translucent.uexp" 1330
"../../../Engine/Plugins/Animation/ControlRig/Content/Controls/ControlRig_Arrow2_solid.ubulk" 1331
"../../../Engine/Plugins/Animation/ControlRig/Content/Controls/ControlRig_Arrow2_solid.uasset" 1332
"../../../Engine/Plugins/Animation/ControlRig/Content/Controls/ControlRig_Arrow2_solid.uexp" 1333
"../../../Engine/Content/EngineDebugMaterials/DebugEditorMaterial.uasset" 1334
"../../../Engine/Content/EngineDebugMaterials/DebugEditorMaterial.uexp" 1335
"../../../Engine/Plugins/Interchange/Assets/Content/Functions/MX_OrenNayarBSDF.uasset" 1336
"../../../Engine/Plugins/Interchange/Assets/Content/Functions/MX_OrenNayarBSDF.uexp" 1337
"../../../Engine/Content/EngineDebugMaterials/DebugMeshMaterial.uasset" 1338
"../../../Engine/Content/EngineDebugMaterials/DebugMeshMaterial.uexp" 1339
"../../../Engine/Plugins/Animation/ControlRig/Content/Controls/ControlRig_Arrow4_1mm.ubulk" 1340
"../../../Engine/Plugins/Animation/ControlRig/Content/Controls/ControlRig_Arrow4_1mm.uasset" 1341
"../../../Engine/Plugins/Animation/ControlRig/Content/Controls/ControlRig_Arrow4_1mm.uexp" 1342
"../../../Engine/Plugins/Animation/ControlRig/Content/Controls/ControlRig_Arrow4_3mm.ubulk" 1343
"../../../Engine/Plugins/Animation/ControlRig/Content/Controls/ControlRig_Arrow4_3mm.uasset" 1344
"../../../Engine/Plugins/Animation/ControlRig/Content/Controls/ControlRig_Arrow4_3mm.uexp" 1345
"../../../Engine/Plugins/Animation/ControlRig/Content/Controls/ControlRig_Arrow4_solid.ubulk" 1346
"../../../Engine/Plugins/Animation/ControlRig/Content/Controls/ControlRig_Arrow4_solid.uasset" 1347
"../../../Engine/Plugins/Animation/ControlRig/Content/Controls/ControlRig_Arrow4_solid.uexp" 1348
"../../../Engine/Plugins/Animation/ControlRig/Content/Controls/ControlRig_Arrow_1mm.ubulk" 1349
"../../../Engine/Plugins/Animation/ControlRig/Content/Controls/ControlRig_Arrow_1mm.uasset" 1350
"../../../Engine/Plugins/Animation/ControlRig/Content/Controls/ControlRig_Arrow_1mm.uexp" 1351
"../../../Engine/Plugins/Animation/ControlRig/Content/Controls/ControlRig_Arrow_3mm.ubulk" 1352
"../../../Engine/Plugins/Animation/ControlRig/Content/Controls/ControlRig_Arrow_3mm.uasset" 1353
"../../../Engine/Plugins/Animation/ControlRig/Content/Controls/ControlRig_Arrow_3mm.uexp" 1354
"../../../Engine/Plugins/Animation/ControlRig/Content/Controls/ControlRig_Arrow_solid.ubulk" 1355
"../../../Engine/Plugins/Animation/ControlRig/Content/Controls/ControlRig_Arrow_solid.uasset" 1356
"../../../Engine/Plugins/Animation/ControlRig/Content/Controls/ControlRig_Arrow_solid.uexp" 1357
"../../../Engine/Plugins/Animation/ControlRig/Content/Controls/ControlRig_Box_1mm.ubulk" 1358
"../../../Engine/Plugins/Animation/ControlRig/Content/Controls/ControlRig_Box_1mm.uasset" 1359
"../../../Engine/Plugins/Animation/ControlRig/Content/Controls/ControlRig_Box_1mm.uexp" 1360
"../../../Engine/Plugins/Animation/ControlRig/Content/Controls/ControlRig_Box_3mm.ubulk" 1361
"../../../Engine/Plugins/Animation/ControlRig/Content/Controls/ControlRig_Box_3mm.uasset" 1362
"../../../Engine/Plugins/Animation/ControlRig/Content/Controls/ControlRig_Box_3mm.uexp" 1363
"../../../Engine/Plugins/Animation/ControlRig/Content/Controls/ControlRig_Box_solid.ubulk" 1364
"../../../Engine/Plugins/Animation/ControlRig/Content/Controls/ControlRig_Box_solid.uasset" 1365
"../../../Engine/Plugins/Animation/ControlRig/Content/Controls/ControlRig_Box_solid.uexp" 1366
"../../../Engine/Content/EditorMaterials/PhAT_NoCollisionMaterial.uasset" 1367
"../../../Engine/Content/EditorMaterials/PhAT_NoCollisionMaterial.uexp" 1368
"../../../Engine/Plugins/Animation/ControlRig/Content/Controls/ControlRig_Circle_1mm.ubulk" 1369
"../../../Engine/Plugins/Animation/ControlRig/Content/Controls/ControlRig_Circle_1mm.uasset" 1370
"../../../Engine/Plugins/Animation/ControlRig/Content/Controls/ControlRig_Circle_1mm.uexp" 1371
"../../../Engine/Content/EditorMaterials/PhAT_UnselectedMaterial.uasset" 1372
"../../../Engine/Content/EditorMaterials/PhAT_UnselectedMaterial.uexp" 1373
"../../../Engine/Content/EngineDebugMaterials/M_SimpleUnlitTranslucent.uasset" 1374
"../../../Engine/Content/EngineDebugMaterials/M_SimpleUnlitTranslucent.uexp" 1375
"../../../Engine/Plugins/Animation/ControlRig/Content/Controls/ControlRig_Circle_3mm.ubulk" 1376
"../../../Engine/Plugins/Animation/ControlRig/Content/Controls/ControlRig_Circle_3mm.uasset" 1377
"../../../Engine/Plugins/Animation/ControlRig/Content/Controls/ControlRig_Circle_3mm.uexp" 1378
"../../../Engine/Content/EngineDebugMaterials/VolumeToRender.uasset" 1379
"../../../Engine/Content/EngineDebugMaterials/VolumeToRender.uexp" 1380
"../../../Engine/Content/EngineDebugMaterials/M_VolumeRenderSphereTracePP.uasset" 1381
"../../../Engine/Content/EngineDebugMaterials/M_VolumeRenderSphereTracePP.uexp" 1382
"../../../Engine/Content/EngineMaterials/EnergyConservation/Diffuse_Energy.uasset" 1383
"../../../Engine/Content/EngineMaterials/EnergyConservation/Diffuse_Energy.uexp" 1384
"../../../Engine/Content/EngineMaterials/EnergyConservation/GGX_ReflectionEnergy.uasset" 1385
"../../../Engine/Content/EngineMaterials/EnergyConservation/GGX_ReflectionEnergy.uexp" 1386
"../../../Engine/Content/EngineMaterials/EnergyConservation/GGX_TransmissionEnergyArray.uasset" 1387
"../../../Engine/Content/EngineMaterials/EnergyConservation/GGX_TransmissionEnergyArray.uexp" 1388
"../../../Engine/Content/EngineMaterials/EnergyConservation/SheenLegacy_Energy.uasset" 1389
"../../../Engine/Content/EngineMaterials/EnergyConservation/SheenLegacy_Energy.uexp" 1390
"../../../Engine/Content/EngineMaterials/EnergyConservation/Sheen_Energy.uasset" 1391
"../../../Engine/Content/EngineMaterials/EnergyConservation/Sheen_Energy.uexp" 1392
"../../../Engine/Content/EngineMaterials/LTC/GGX_LTCAmp.uasset" 1393
"../../../Engine/Content/EngineMaterials/LTC/GGX_LTCAmp.uexp" 1394
"../../../Engine/Content/EngineMaterials/LTC/GGX_LTCMat.uasset" 1395
"../../../Engine/Content/EngineMaterials/LTC/GGX_LTCMat.uexp" 1396
"../../../Engine/Content/VREditor/TransformGizmo/BoundingBoxCorner.ubulk" 1397
"../../../Engine/Content/VREditor/TransformGizmo/BoundingBoxCorner.uasset" 1398
"../../../Engine/Content/VREditor/TransformGizmo/BoundingBoxCorner.uexp" 1399
"../../../Engine/Content/EngineMaterials/LTC/Sheen_LTC.uasset" 1400
"../../../Engine/Content/EngineMaterials/LTC/Sheen_LTC.uexp" 1401
"../../../Engine/Content/VREditor/TransformGizmo/BoundingBoxEdge.ubulk" 1402
"../../../Engine/Content/VREditor/TransformGizmo/BoundingBoxEdge.uasset" 1403
"../../../Engine/Content/VREditor/TransformGizmo/BoundingBoxEdge.uexp" 1404
"../../../Engine/Content/EditorMaterials/ParticleSystems/PSysThumbnail_NoImage.ubulk" 1405
"../../../Engine/Content/EditorMaterials/ParticleSystems/PSysThumbnail_NoImage.uasset" 1406
"../../../Engine/Content/EditorMaterials/ParticleSystems/PSysThumbnail_NoImage.uexp" 1407
"../../../Engine/Content/EngineResources/Development/ZenLogo_64.uasset" 1408
"../../../Engine/Content/EngineResources/Development/ZenLogo_64.uexp" 1409
"../../../Engine/Content/EditorMaterials/ParticleSystems/PSysThumbnail_OOD.ubulk" 1410
"../../../Engine/Content/EditorMaterials/ParticleSystems/PSysThumbnail_OOD.uasset" 1411
"../../../Engine/Content/EditorMaterials/ParticleSystems/PSysThumbnail_OOD.uexp" 1412
"../../../Engine/Content/EngineResources/FilmGrains/Marcie_Grain_v3_128_M2_000.uasset" 1413
"../../../Engine/Content/EngineResources/FilmGrains/Marcie_Grain_v3_128_M2_000.uexp" 1414
"../../../Engine/Plugins/Interchange/Assets/Content/gltf/Textures/T_White_srgb.uasset" 1415
"../../../Engine/Plugins/Interchange/Assets/Content/gltf/Textures/T_White_srgb.uexp" 1416
"../../../Engine/Plugins/Interchange/Assets/Content/gltf/MaterialFunctions/MF_BaseColor.uasset" 1417
"../../../Engine/Plugins/Interchange/Assets/Content/gltf/MaterialFunctions/MF_BaseColor.uexp" 1418
"../../../Engine/Plugins/Interchange/Assets/Content/gltf/MaterialFunctions/MF_RotateV2.uasset" 1419
"../../../Engine/Plugins/Interchange/Assets/Content/gltf/MaterialFunctions/MF_RotateV2.uexp" 1420
"../../../Engine/Plugins/Interchange/Assets/Content/gltf/MaterialFunctions/MF_TransformUVs.uasset" 1421
"../../../Engine/Plugins/Interchange/Assets/Content/gltf/MaterialFunctions/MF_TransformUVs.uexp" 1422
"../../../Engine/Plugins/Interchange/Assets/Content/gltf/MaterialBodies/MF_Unlit_Body.uasset" 1423
"../../../Engine/Plugins/Interchange/Assets/Content/gltf/MaterialBodies/MF_Unlit_Body.uexp" 1424
"../../../Engine/Plugins/Interchange/Assets/Content/gltf/M_Unlit.uasset" 1425
"../../../Engine/Plugins/Interchange/Assets/Content/gltf/M_Unlit.uexp" 1426
"../../../Engine/Plugins/Interchange/Assets/Content/gltf/MaterialInstances/MI_Unlit_Opaque_DS.uasset" 1427
"../../../Engine/Plugins/Interchange/Assets/Content/gltf/MaterialInstances/MI_Unlit_Opaque_DS.uexp" 1428
"C:/Tidy/TidyPrototype/Content/Assets/House/Outside2.uasset" 1429
"C:/Tidy/TidyPrototype/Content/Assets/House/Outside2.uexp" 1430
"C:/Tidy/TidyPrototype/Content/Assets/House/M_Outside1.uasset" 1431
"C:/Tidy/TidyPrototype/Content/Assets/House/M_Outside1.uexp" 1432
"C:/Tidy/TidyPrototype/Content/Assets/House/Outside3.uasset" 1433
"C:/Tidy/TidyPrototype/Content/Assets/House/Outside3.uexp" 1434
"C:/Tidy/TidyPrototype/Content/Assets/House/M_Outside2.uasset" 1435
"C:/Tidy/TidyPrototype/Content/Assets/House/M_Outside2.uexp" 1436
"C:/Tidy/TidyPrototype/Content/Assets/Living_Room/Fireplace.ubulk" 1437
"C:/Tidy/TidyPrototype/Content/Assets/Living_Room/Fireplace.uasset" 1438
"C:/Tidy/TidyPrototype/Content/Assets/Living_Room/Fireplace.uexp" 1439
"C:/Tidy/TidyPrototype/Content/Assets/Bathroom/Materials/Tex_Bathroom_BaseColour.ubulk" 1440
"C:/Tidy/TidyPrototype/Content/Assets/Bathroom/Materials/Tex_Bathroom_BaseColour.uasset" 1441
"C:/Tidy/TidyPrototype/Content/Assets/Bathroom/Materials/Tex_Bathroom_BaseColour.uexp" 1442
"C:/Tidy/TidyPrototype/Content/Assets/Bathroom/Materials/TEX_Bathroom_Metallic.ubulk" 1443
"C:/Tidy/TidyPrototype/Content/Assets/Bathroom/Materials/TEX_Bathroom_Metallic.uasset" 1444
"C:/Tidy/TidyPrototype/Content/Assets/Bathroom/Materials/TEX_Bathroom_Metallic.uexp" 1445
"C:/Tidy/TidyPrototype/Content/Assets/Bathroom/Materials/TEX_Bathroom_Rough.ubulk" 1446
"C:/Tidy/TidyPrototype/Content/Assets/Bathroom/Materials/TEX_Bathroom_Rough.uasset" 1447
"C:/Tidy/TidyPrototype/Content/Assets/Bathroom/Materials/TEX_Bathroom_Rough.uexp" 1448
"C:/Tidy/TidyPrototype/Content/Assets/Bathroom/Materials/TEX_Bathroom_Spec.ubulk" 1449
"C:/Tidy/TidyPrototype/Content/Assets/Bathroom/Materials/TEX_Bathroom_Spec.uasset" 1450
"C:/Tidy/TidyPrototype/Content/Assets/Bathroom/Materials/TEX_Bathroom_Spec.uexp" 1451
"C:/Tidy/TidyPrototype/Content/Assets/Bathroom/Materials/M_BathroomAssets.uasset" 1452
"C:/Tidy/TidyPrototype/Content/Assets/Bathroom/Materials/M_BathroomAssets.uexp" 1453
"C:/Tidy/TidyPrototype/Content/Assets/Bathroom/Bath.ubulk" 1454
"C:/Tidy/TidyPrototype/Content/Assets/Bathroom/Bath.uasset" 1455
"C:/Tidy/TidyPrototype/Content/Assets/Bathroom/Bath.uexp" 1456
"C:/Tidy/TidyPrototype/Content/Assets/Living_Room/Plant.ubulk" 1457
"C:/Tidy/TidyPrototype/Content/Assets/Living_Room/Plant.uasset" 1458
"C:/Tidy/TidyPrototype/Content/Assets/Living_Room/Plant.uexp" 1459
"C:/Tidy/TidyPrototype/Content/Assets/Bathroom/Mirror.ubulk" 1460
"C:/Tidy/TidyPrototype/Content/Assets/Bathroom/Mirror.uasset" 1461
"C:/Tidy/TidyPrototype/Content/Assets/Bathroom/Mirror.uexp" 1462
"C:/Tidy/TidyPrototype/Content/Assets/Bathroom/Rug.ubulk" 1463
"C:/Tidy/TidyPrototype/Content/Assets/Bathroom/Rug.uasset" 1464
"C:/Tidy/TidyPrototype/Content/Assets/Bathroom/Rug.uexp" 1465
"C:/Tidy/TidyPrototype/Content/Assets/Living_Room/TV_Remote.ubulk" 1466
"C:/Tidy/TidyPrototype/Content/Assets/Living_Room/TV_Remote.uasset" 1467
"C:/Tidy/TidyPrototype/Content/Assets/Living_Room/TV_Remote.uexp" 1468
"C:/Tidy/TidyPrototype/Content/Assets/Bathroom/Shower.ubulk" 1469
"C:/Tidy/TidyPrototype/Content/Assets/Bathroom/Shower.uasset" 1470
"C:/Tidy/TidyPrototype/Content/Assets/Bathroom/Shower.uexp" 1471
"C:/Tidy/TidyPrototype/Content/Assets/Bathroom/Sink.ubulk" 1472
"C:/Tidy/TidyPrototype/Content/Assets/Bathroom/Sink.uasset" 1473
"C:/Tidy/TidyPrototype/Content/Assets/Bathroom/Sink.uexp" 1474
"C:/Tidy/TidyPrototype/Content/Assets/Bathroom/Toothbrush.ubulk" 1475
"C:/Tidy/TidyPrototype/Content/Assets/Bathroom/Toothbrush.uasset" 1476
"C:/Tidy/TidyPrototype/Content/Assets/Bathroom/Toothbrush.uexp" 1477
"C:/Tidy/TidyPrototype/Content/Assets/Bathroom/Towl_Rack.ubulk" 1478
"C:/Tidy/TidyPrototype/Content/Assets/Bathroom/Towl_Rack.uasset" 1479
"C:/Tidy/TidyPrototype/Content/Assets/Bathroom/Towl_Rack.uexp" 1480
"C:/Tidy/TidyPrototype/Content/Assets/Bathroom/Wall_Mount_Fish.ubulk" 1481
"C:/Tidy/TidyPrototype/Content/Assets/Bathroom/Wall_Mount_Fish.uasset" 1482
"C:/Tidy/TidyPrototype/Content/Assets/Bathroom/Wall_Mount_Fish.uexp" 1483
"C:/Tidy/TidyPrototype/Content/Assets/Bedroom/Bed.ubulk" 1484
"C:/Tidy/TidyPrototype/Content/Assets/Bedroom/Bed.uasset" 1485
"C:/Tidy/TidyPrototype/Content/Assets/Bedroom/Bed.uexp" 1486
"C:/Tidy/TidyPrototype/Content/Assets/House/Tile_Base_color.ubulk" 1487
"C:/Tidy/TidyPrototype/Content/Assets/House/Tile_Base_color.uasset" 1488
"C:/Tidy/TidyPrototype/Content/Assets/House/Tile_Base_color.uexp" 1489
"C:/Tidy/TidyPrototype/Content/Assets/House/Tile_Base_color_Mat.uasset" 1490
"C:/Tidy/TidyPrototype/Content/Assets/House/Tile_Base_color_Mat.uexp" 1491
"C:/Tidy/TidyPrototype/Content/Assets/House/Tile_Base_color_Mat_Inst.uasset" 1492
"C:/Tidy/TidyPrototype/Content/Assets/House/Tile_Base_color_Mat_Inst.uexp" 1493
"C:/Tidy/TidyPrototype/Content/Assets/House/Tile_Base_color_Mat_Inst1.uasset" 1494
"C:/Tidy/TidyPrototype/Content/Assets/House/Tile_Base_color_Mat_Inst1.uexp" 1495
"C:/Tidy/TidyPrototype/Content/Assets/Bedroom/Bed_pillow.ubulk" 1496
"C:/Tidy/TidyPrototype/Content/Assets/Bedroom/Bed_pillow.uasset" 1497
"C:/Tidy/TidyPrototype/Content/Assets/Bedroom/Bed_pillow.uexp" 1498
"C:/Tidy/TidyPrototype/Content/Assets/Bedroom/Blinds.ubulk" 1499
"C:/Tidy/TidyPrototype/Content/Assets/Bedroom/Blinds.uasset" 1500
"C:/Tidy/TidyPrototype/Content/Assets/Bedroom/Blinds.uexp" 1501
"C:/Tidy/TidyPrototype/Content/Assets/MiscHouse/House_SmallBin.ubulk" 1502
"C:/Tidy/TidyPrototype/Content/Assets/MiscHouse/House_SmallBin.uasset" 1503
"C:/Tidy/TidyPrototype/Content/Assets/MiscHouse/House_SmallBin.uexp" 1504
"C:/Tidy/TidyPrototype/Content/Assets/MiscHouse/House_SmallBin_Lid.ubulk" 1505
"C:/Tidy/TidyPrototype/Content/Assets/MiscHouse/House_SmallBin_Lid.uasset" 1506
"C:/Tidy/TidyPrototype/Content/Assets/MiscHouse/House_SmallBin_Lid.uexp" 1507
"C:/Tidy/TidyPrototype/Content/Assets/MiscHouse/House_SmallBin_Peddal.ubulk" 1508
"C:/Tidy/TidyPrototype/Content/Assets/MiscHouse/House_SmallBin_Peddal.uasset" 1509
"C:/Tidy/TidyPrototype/Content/Assets/MiscHouse/House_SmallBin_Peddal.uexp" 1510
"C:/Tidy/TidyPrototype/Content/Assets/MiscHouse/BP_TubeBin.uasset" 1511
"C:/Tidy/TidyPrototype/Content/Assets/MiscHouse/BP_TubeBin.uexp" 1512
"C:/Tidy/TidyPrototype/Content/ExternalAssets/Rats/LPoly-Pallete_Texture.ubulk" 1513
"C:/Tidy/TidyPrototype/Content/ExternalAssets/Rats/LPoly-Pallete_Texture.uasset" 1514
"C:/Tidy/TidyPrototype/Content/ExternalAssets/Rats/LPoly-Pallete_Texture.uexp" 1515
"C:/Tidy/TidyPrototype/Content/ExternalAssets/Rats/LPoly-Pallete_Texture_Mat.uasset" 1516
"C:/Tidy/TidyPrototype/Content/ExternalAssets/Rats/LPoly-Pallete_Texture_Mat.uexp" 1517
"C:/Tidy/TidyPrototype/Content/ExternalAssets/Rats/Rat3.ubulk" 1518
"C:/Tidy/TidyPrototype/Content/ExternalAssets/Rats/Rat3.uasset" 1519
"C:/Tidy/TidyPrototype/Content/ExternalAssets/Rats/Rat3.uexp" 1520
"C:/Tidy/TidyPrototype/Content/Assets/House/Wall.ubulk" 1521
"C:/Tidy/TidyPrototype/Content/Assets/House/Wall.uasset" 1522
"C:/Tidy/TidyPrototype/Content/Assets/House/Wall.uexp" 1523
"C:/Tidy/TidyPrototype/Content/Assets/Bedroom/BookCase.ubulk" 1524
"C:/Tidy/TidyPrototype/Content/Assets/Bedroom/BookCase.uasset" 1525
"C:/Tidy/TidyPrototype/Content/Assets/Bedroom/BookCase.uexp" 1526
"C:/Tidy/TidyPrototype/Content/Assets/MiscHouse/Cube_001.ubulk" 1527
"C:/Tidy/TidyPrototype/Content/Assets/MiscHouse/Cube_001.uasset" 1528
"C:/Tidy/TidyPrototype/Content/Assets/MiscHouse/Cube_001.uexp" 1529
"C:/Tidy/TidyPrototype/Content/Assets/Bedroom/NightStand_Body.ubulk" 1530
"C:/Tidy/TidyPrototype/Content/Assets/Bedroom/NightStand_Body.uasset" 1531
"C:/Tidy/TidyPrototype/Content/Assets/Bedroom/NightStand_Body.uexp" 1532
"../../../Engine/Content/Functions/Engine_MaterialFunctions01/Texturing/FlattenNormal.uasset" 1533
"../../../Engine/Content/Functions/Engine_MaterialFunctions01/Texturing/FlattenNormal.uexp" 1534
"../../../Engine/Plugins/Interchange/Assets/Content/Utilities/New_LUT.uasset" 1535
"../../../Engine/Plugins/Interchange/Assets/Content/Utilities/New_LUT.uexp" 1536
"../../../Engine/Content/Functions/Engine_MaterialFunctions03/Math/RemapValueRange.uasset" 1537
"../../../Engine/Content/Functions/Engine_MaterialFunctions03/Math/RemapValueRange.uexp" 1538
"../../../Engine/Plugins/Interchange/Assets/Content/Functions/MF_Iridescence.uasset" 1539
"../../../Engine/Plugins/Interchange/Assets/Content/Functions/MF_Iridescence.uexp" 1540
"../../../Engine/Plugins/Interchange/Assets/Content/gltf/MaterialFunctions/MF_RotateNormals_TS.uasset" 1541
"../../../Engine/Plugins/Interchange/Assets/Content/gltf/MaterialFunctions/MF_RotateNormals_TS.uexp" 1542
"../../../Engine/Plugins/Interchange/Assets/Content/gltf/Textures/T_Generic_N.uasset" 1543
"../../../Engine/Plugins/Interchange/Assets/Content/gltf/Textures/T_Generic_N.uexp" 1544
"../../../Engine/Plugins/Interchange/Assets/Content/gltf/Textures/T_White_Linear.uasset" 1545
"../../../Engine/Plugins/Interchange/Assets/Content/gltf/Textures/T_White_Linear.uexp" 1546
"../../../Engine/Plugins/Interchange/Assets/Content/gltf/MaterialFunctions/MF_Clearcoat.uasset" 1547
"../../../Engine/Plugins/Interchange/Assets/Content/gltf/MaterialFunctions/MF_Clearcoat.uexp" 1548
"../../../Engine/Plugins/Interchange/Assets/Content/gltf/MaterialFunctions/MF_Emissive.uasset" 1549
"../../../Engine/Plugins/Interchange/Assets/Content/gltf/MaterialFunctions/MF_Emissive.uexp" 1550
"../../../Engine/Plugins/Interchange/Assets/Content/gltf/MaterialFunctions/MF_IOR.uasset" 1551
"../../../Engine/Plugins/Interchange/Assets/Content/gltf/MaterialFunctions/MF_IOR.uexp" 1552
"../../../Engine/Plugins/Interchange/Assets/Content/gltf/MaterialFunctions/MF_Iridescence.uasset" 1553
"../../../Engine/Plugins/Interchange/Assets/Content/gltf/MaterialFunctions/MF_Iridescence.uexp" 1554
"../../../Engine/Plugins/Interchange/Assets/Content/gltf/MaterialFunctions/MF_MetallicRoughness.uasset" 1555
"../../../Engine/Plugins/Interchange/Assets/Content/gltf/MaterialFunctions/MF_MetallicRoughness.uexp" 1556
"../../../Engine/Plugins/Interchange/Assets/Content/gltf/MaterialFunctions/MF_ScaleNormal.uasset" 1557
"../../../Engine/Plugins/Interchange/Assets/Content/gltf/MaterialFunctions/MF_ScaleNormal.uexp" 1558
"../../../Engine/Plugins/Interchange/Assets/Content/gltf/MaterialFunctions/MF_Normals.uasset" 1559
"../../../Engine/Plugins/Interchange/Assets/Content/gltf/MaterialFunctions/MF_Normals.uexp" 1560
"../../../Engine/Plugins/Interchange/Assets/Content/gltf/MaterialFunctions/MF_Occlusion.uasset" 1561
"../../../Engine/Plugins/Interchange/Assets/Content/gltf/MaterialFunctions/MF_Occlusion.uexp" 1562
"../../../Engine/Plugins/Interchange/Assets/Content/gltf/MaterialFunctions/MF_Specular.uasset" 1563
"../../../Engine/Plugins/Interchange/Assets/Content/gltf/MaterialFunctions/MF_Specular.uexp" 1564
"../../../Engine/Plugins/Interchange/Assets/Content/gltf/Textures/T_Anisotropy_Direction_Linear.uasset" 1565
"../../../Engine/Plugins/Interchange/Assets/Content/gltf/Textures/T_Anisotropy_Direction_Linear.uexp" 1566
"../../../Engine/Plugins/Interchange/Assets/Content/gltf/MaterialFunctions/MF_SpecularAnisotropy.uasset" 1567
"../../../Engine/Plugins/Interchange/Assets/Content/gltf/MaterialFunctions/MF_SpecularAnisotropy.uexp" 1568
"../../../Engine/Plugins/Interchange/Assets/Content/gltf/MaterialBodies/MF_ClearCoat_Body.uasset" 1569
"../../../Engine/Plugins/Interchange/Assets/Content/gltf/MaterialBodies/MF_ClearCoat_Body.uexp" 1570
"../../../Engine/Plugins/Interchange/Assets/Content/gltf/M_ClearCoat.uasset" 1571
"../../../Engine/Plugins/Interchange/Assets/Content/gltf/M_ClearCoat.uexp" 1572
"../../../Engine/Plugins/Interchange/Assets/Content/gltf/MaterialInstances/MI_ClearCoat_Blend.uasset" 1573
"../../../Engine/Plugins/Interchange/Assets/Content/gltf/MaterialInstances/MI_ClearCoat_Blend.uexp" 1574
"../../../Engine/Plugins/Interchange/Assets/Content/gltf/MaterialInstances/MI_ClearCoat_Blend_DS.uasset" 1575
"../../../Engine/Plugins/Interchange/Assets/Content/gltf/MaterialInstances/MI_ClearCoat_Blend_DS.uexp" 1576
"C:/Tidy/TidyPrototype/Content/Assets/Bedroom/Small_Lamp.ubulk" 1577
"C:/Tidy/TidyPrototype/Content/Assets/Bedroom/Small_Lamp.uasset" 1578
"C:/Tidy/TidyPrototype/Content/Assets/Bedroom/Small_Lamp.uexp" 1579
"../../../Engine/Plugins/Interchange/Assets/Content/gltf/MaterialInstances/MI_ClearCoat_Mask.uasset" 1580
"../../../Engine/Plugins/Interchange/Assets/Content/gltf/MaterialInstances/MI_ClearCoat_Mask.uexp" 1581
"C:/Tidy/TidyPrototype/Content/Assets/MiscHouse/Cube_006.ubulk" 1582
"C:/Tidy/TidyPrototype/Content/Assets/MiscHouse/Cube_006.uasset" 1583
"C:/Tidy/TidyPrototype/Content/Assets/MiscHouse/Cube_006.uexp" 1584
"../../../Engine/Plugins/Interchange/Assets/Content/gltf/MaterialInstances/MI_ClearCoat_Mask_DS.uasset" 1585
"../../../Engine/Plugins/Interchange/Assets/Content/gltf/MaterialInstances/MI_ClearCoat_Mask_DS.uexp" 1586
"../../../Engine/Plugins/Interchange/Assets/Content/gltf/MaterialInstances/MI_ClearCoat_Opaque.uasset" 1587
"../../../Engine/Plugins/Interchange/Assets/Content/gltf/MaterialInstances/MI_ClearCoat_Opaque.uexp" 1588
"C:/Tidy/TidyPrototype/Content/Assets/Bedroom/Tall_Lamp.ubulk" 1589
"C:/Tidy/TidyPrototype/Content/Assets/Bedroom/Tall_Lamp.uasset" 1590
"C:/Tidy/TidyPrototype/Content/Assets/Bedroom/Tall_Lamp.uexp" 1591
"../../../Engine/Plugins/Interchange/Assets/Content/gltf/MaterialInstances/MI_ClearCoat_Opaque_DS.uasset" 1592
"../../../Engine/Plugins/Interchange/Assets/Content/gltf/MaterialInstances/MI_ClearCoat_Opaque_DS.uexp" 1593
"../../../Engine/Plugins/Interchange/Assets/Content/gltf/MaterialBodies/MF_Default_Body.uasset" 1594
"../../../Engine/Plugins/Interchange/Assets/Content/gltf/MaterialBodies/MF_Default_Body.uexp" 1595
"../../../Engine/Plugins/Interchange/Assets/Content/gltf/M_Default.uasset" 1596
"../../../Engine/Plugins/Interchange/Assets/Content/gltf/M_Default.uexp" 1597
"../../../Engine/Plugins/Interchange/Assets/Content/gltf/MaterialInstances/MI_Default_Blend.uasset" 1598
"../../../Engine/Plugins/Interchange/Assets/Content/gltf/MaterialInstances/MI_Default_Blend.uexp" 1599
"../../../Engine/Plugins/Interchange/Assets/Content/gltf/MaterialInstances/MI_Default_Blend_DS.uasset" 1600
"../../../Engine/Plugins/Interchange/Assets/Content/gltf/MaterialInstances/MI_Default_Blend_DS.uexp" 1601
"C:/Tidy/TidyPrototype/Content/Assets/MiscHouse/DinningRoom_Table.ubulk" 1602
"C:/Tidy/TidyPrototype/Content/Assets/MiscHouse/DinningRoom_Table.uasset" 1603
"C:/Tidy/TidyPrototype/Content/Assets/MiscHouse/DinningRoom_Table.uexp" 1604
"../../../Engine/Plugins/Interchange/Assets/Content/gltf/MaterialInstances/MI_Default_Mask.uasset" 1605
"../../../Engine/Plugins/Interchange/Assets/Content/gltf/MaterialInstances/MI_Default_Mask.uexp" 1606
"C:/Tidy/TidyPrototype/Content/Assets/Bedroom/Window_Simple.ubulk" 1607
"C:/Tidy/TidyPrototype/Content/Assets/Bedroom/Window_Simple.uasset" 1608
"C:/Tidy/TidyPrototype/Content/Assets/Bedroom/Window_Simple.uexp" 1609
"C:/Tidy/TidyPrototype/Content/Assets/House/Wood_Base_color.ubulk" 1610
"C:/Tidy/TidyPrototype/Content/Assets/House/Wood_Base_color.uasset" 1611
"C:/Tidy/TidyPrototype/Content/Assets/House/Wood_Base_color.uexp" 1612
"C:/Tidy/TidyPrototype/Content/Assets/House/Wood_Base_color_Mat.uasset" 1613
"C:/Tidy/TidyPrototype/Content/Assets/House/Wood_Base_color_Mat.uexp" 1614
"../../../Engine/Plugins/Interchange/Assets/Content/gltf/MaterialInstances/MI_Default_Mask_DS.uasset" 1615
"../../../Engine/Plugins/Interchange/Assets/Content/gltf/MaterialInstances/MI_Default_Mask_DS.uexp" 1616
"../../../Engine/Plugins/Interchange/Assets/Content/gltf/MaterialInstances/MI_Default_Opaque.uasset" 1617
"../../../Engine/Plugins/Interchange/Assets/Content/gltf/MaterialInstances/MI_Default_Opaque.uexp" 1618
"../../../Engine/Plugins/Interchange/Assets/Content/gltf/MaterialInstances/MI_Default_Opaque_DS.uasset" 1619
"../../../Engine/Plugins/Interchange/Assets/Content/gltf/MaterialInstances/MI_Default_Opaque_DS.uexp" 1620
"C:/Tidy/TidyPrototype/Content/Assets/MiscHouse/DinningRoom_Table_Chairs.ubulk" 1621
"C:/Tidy/TidyPrototype/Content/Assets/MiscHouse/DinningRoom_Table_Chairs.uasset" 1622
"C:/Tidy/TidyPrototype/Content/Assets/MiscHouse/DinningRoom_Table_Chairs.uexp" 1623
"../../../Engine/Plugins/Interchange/Assets/Content/gltf/MaterialFunctions/MF_Sheen.uasset" 1624
"../../../Engine/Plugins/Interchange/Assets/Content/gltf/MaterialFunctions/MF_Sheen.uexp" 1625
"../../../Engine/Plugins/Interchange/Assets/Content/gltf/MaterialBodies/MF_Sheen_Body.uasset" 1626
"../../../Engine/Plugins/Interchange/Assets/Content/gltf/MaterialBodies/MF_Sheen_Body.uexp" 1627
"../../../Engine/Plugins/Interchange/Assets/Content/gltf/M_Sheen.uasset" 1628
"../../../Engine/Plugins/Interchange/Assets/Content/gltf/M_Sheen.uexp" 1629
"../../../Engine/Plugins/Interchange/Assets/Content/gltf/MaterialInstances/MI_Sheen_Blend.uasset" 1630
"../../../Engine/Plugins/Interchange/Assets/Content/gltf/MaterialInstances/MI_Sheen_Blend.uexp" 1631
"../../../Engine/Plugins/Interchange/Assets/Content/gltf/MaterialInstances/MI_Sheen_Blend_DS.uasset" 1632
"../../../Engine/Plugins/Interchange/Assets/Content/gltf/MaterialInstances/MI_Sheen_Blend_DS.uexp" 1633
"C:/Tidy/TidyPrototype/Content/Assets/Ceiling/Droplight.ubulk" 1634
"C:/Tidy/TidyPrototype/Content/Assets/Ceiling/Droplight.uasset" 1635
"C:/Tidy/TidyPrototype/Content/Assets/Ceiling/Droplight.uexp" 1636
"../../../Engine/Plugins/Interchange/Assets/Content/gltf/MaterialInstances/MI_Sheen_Mask.uasset" 1637
"../../../Engine/Plugins/Interchange/Assets/Content/gltf/MaterialInstances/MI_Sheen_Mask.uexp" 1638
"../../../Engine/Plugins/Interchange/Assets/Content/gltf/MaterialInstances/MI_Sheen_Mask_DS.uasset" 1639
"../../../Engine/Plugins/Interchange/Assets/Content/gltf/MaterialInstances/MI_Sheen_Mask_DS.uexp" 1640
"C:/Tidy/TidyPrototype/Content/Assets/Ceiling/FlatLight.ubulk" 1641
"C:/Tidy/TidyPrototype/Content/Assets/Ceiling/FlatLight.uasset" 1642
"C:/Tidy/TidyPrototype/Content/Assets/Ceiling/FlatLight.uexp" 1643
"../../../Engine/Plugins/Interchange/Assets/Content/gltf/MaterialInstances/MI_Sheen_Opaque.uasset" 1644
"../../../Engine/Plugins/Interchange/Assets/Content/gltf/MaterialInstances/MI_Sheen_Opaque.uexp" 1645
"C:/Tidy/TidyPrototype/Content/Materials/LivingRoom_TextureSheets/UV_Texture_Square_standardSurface1_BaseColor_Mat.uasset" 1646
"C:/Tidy/TidyPrototype/Content/Materials/LivingRoom_TextureSheets/UV_Texture_Square_standardSurface1_BaseColor_Mat.uexp" 1647
"../../../Engine/Plugins/Interchange/Assets/Content/gltf/MaterialInstances/MI_Sheen_Opaque_DS.uasset" 1648
"../../../Engine/Plugins/Interchange/Assets/Content/gltf/MaterialInstances/MI_Sheen_Opaque_DS.uexp" 1649
"../../../Engine/Plugins/Interchange/Assets/Content/gltf/MaterialFunctions/MF_DiffuseSpecGloss.uasset" 1650
"../../../Engine/Plugins/Interchange/Assets/Content/gltf/MaterialFunctions/MF_DiffuseSpecGloss.uexp" 1651
"../../../Engine/Plugins/Interchange/Assets/Content/gltf/MaterialFunctions/MF_MaxComponentValue.uasset" 1652
"../../../Engine/Plugins/Interchange/Assets/Content/gltf/MaterialFunctions/MF_MaxComponentValue.uexp" 1653
"../../../Engine/Plugins/Interchange/Assets/Content/gltf/MaterialFunctions/MF_PerceivedBrightness.uasset" 1654
"../../../Engine/Plugins/Interchange/Assets/Content/gltf/MaterialFunctions/MF_PerceivedBrightness.uexp" 1655
"../../../Engine/Plugins/Interchange/Assets/Content/gltf/MaterialFunctions/MF_SpecGlossToMetalRoughness.uasset" 1656
"../../../Engine/Plugins/Interchange/Assets/Content/gltf/MaterialFunctions/MF_SpecGlossToMetalRoughness.uexp" 1657
"../../../Engine/Plugins/Interchange/Assets/Content/gltf/MaterialBodies/MF_SpecularGlossiness_Body.uasset" 1658
"../../../Engine/Plugins/Interchange/Assets/Content/gltf/MaterialBodies/MF_SpecularGlossiness_Body.uexp" 1659
"../../../Engine/Plugins/Interchange/Assets/Content/gltf/M_SpecularGlossiness.uasset" 1660
"../../../Engine/Plugins/Interchange/Assets/Content/gltf/M_SpecularGlossiness.uexp" 1661
"../../../Engine/Plugins/Interchange/Assets/Content/gltf/MaterialInstances/MI_SpecularGlossiness_Blend.uasset" 1662
"../../../Engine/Plugins/Interchange/Assets/Content/gltf/MaterialInstances/MI_SpecularGlossiness_Blend.uexp" 1663
"../../../Engine/Plugins/Interchange/Assets/Content/gltf/MaterialInstances/MI_SpecularGlossiness_Blend_DS.uasset" 1664
"../../../Engine/Plugins/Interchange/Assets/Content/gltf/MaterialInstances/MI_SpecularGlossiness_Blend_DS.uexp" 1665
"../../../Engine/Plugins/Interchange/Assets/Content/gltf/MaterialInstances/MI_SpecularGlossiness_Mask.uasset" 1666
"../../../Engine/Plugins/Interchange/Assets/Content/gltf/MaterialInstances/MI_SpecularGlossiness_Mask.uexp" 1667
"../../../Engine/Plugins/Interchange/Assets/Content/gltf/MaterialInstances/MI_SpecularGlossiness_Mask_DS.uasset" 1668
"../../../Engine/Plugins/Interchange/Assets/Content/gltf/MaterialInstances/MI_SpecularGlossiness_Mask_DS.uexp" 1669
"../../../Engine/Plugins/Interchange/Assets/Content/gltf/MaterialInstances/MI_SpecularGlossiness_Opaque.uasset" 1670
"../../../Engine/Plugins/Interchange/Assets/Content/gltf/MaterialInstances/MI_SpecularGlossiness_Opaque.uexp" 1671
"../../../Engine/Plugins/Interchange/Assets/Content/gltf/MaterialInstances/MI_SpecularGlossiness_Opaque_DS.uasset" 1672
"../../../Engine/Plugins/Interchange/Assets/Content/gltf/MaterialInstances/MI_SpecularGlossiness_Opaque_DS.uexp" 1673
"../../../Engine/Content/EngineMaterials/Good64x64TilingNoiseHighFreq.uasset" 1674
"../../../Engine/Content/EngineMaterials/Good64x64TilingNoiseHighFreq.uexp" 1675
"../../../Engine/Content/Functions/Engine_MaterialFunctions02/Texturing/ScreenAlignedPixelToPixelUVs.uasset" 1676
"../../../Engine/Content/Functions/Engine_MaterialFunctions02/Texturing/ScreenAlignedPixelToPixelUVs.uexp" 1677
"../../../Engine/Plugins/Interchange/Assets/Content/gltf/MaterialFunctions/MF_Fresnel_DS.uasset" 1678
"../../../Engine/Plugins/Interchange/Assets/Content/gltf/MaterialFunctions/MF_Fresnel_DS.uexp" 1679
"../../../Engine/Plugins/Interchange/Assets/Content/gltf/MaterialFunctions/MF_Temporal_Blur.uasset" 1680
"../../../Engine/Plugins/Interchange/Assets/Content/gltf/MaterialFunctions/MF_Temporal_Blur.uexp" 1681
"../../../Engine/Plugins/Interchange/Assets/Content/gltf/MaterialFunctions/MF_Transmission.uasset" 1682
"../../../Engine/Plugins/Interchange/Assets/Content/gltf/MaterialFunctions/MF_Transmission.uexp" 1683
"../../../Engine/Plugins/Interchange/Assets/Content/gltf/MaterialBodies/MF_Transmission_Body.uasset" 1684
"../../../Engine/Plugins/Interchange/Assets/Content/gltf/MaterialBodies/MF_Transmission_Body.uexp" 1685
"../../../Engine/Plugins/Interchange/Assets/Content/gltf/M_Transmission.uasset" 1686
"../../../Engine/Plugins/Interchange/Assets/Content/gltf/M_Transmission.uexp" 1687
"../../../Engine/Plugins/Interchange/Assets/Content/gltf/MaterialInstances/MI_Transmission.uasset" 1688
"../../../Engine/Plugins/Interchange/Assets/Content/gltf/MaterialInstances/MI_Transmission.uexp" 1689
"../../../Engine/Plugins/Interchange/Assets/Content/gltf/MaterialInstances/MI_Transmission_DS.uasset" 1690
"../../../Engine/Plugins/Interchange/Assets/Content/gltf/MaterialInstances/MI_Transmission_DS.uexp" 1691
"../../../Engine/Plugins/Interchange/Assets/Content/gltf/MaterialInstances/MI_Unlit_Blend.uasset" 1692
"../../../Engine/Plugins/Interchange/Assets/Content/gltf/MaterialInstances/MI_Unlit_Blend.uexp" 1693
"../../../Engine/Plugins/Interchange/Assets/Content/gltf/MaterialInstances/MI_Unlit_Blend_DS.uasset" 1694
"../../../Engine/Plugins/Interchange/Assets/Content/gltf/MaterialInstances/MI_Unlit_Blend_DS.uexp" 1695
"../../../Engine/Plugins/Interchange/Assets/Content/gltf/MaterialInstances/MI_Unlit_Mask.uasset" 1696
"../../../Engine/Plugins/Interchange/Assets/Content/gltf/MaterialInstances/MI_Unlit_Mask.uexp" 1697
"../../../Engine/Plugins/Interchange/Assets/Content/gltf/MaterialInstances/MI_Unlit_Mask_DS.uasset" 1698
"../../../Engine/Plugins/Interchange/Assets/Content/gltf/MaterialInstances/MI_Unlit_Mask_DS.uexp" 1699
"../../../Engine/Plugins/Interchange/Assets/Content/gltf/MaterialInstances/MI_Unlit_Opaque.uasset" 1700
"../../../Engine/Plugins/Interchange/Assets/Content/gltf/MaterialInstances/MI_Unlit_Opaque.uexp" 1701
"C:/Tidy/TidyPrototype/Content/Materials/MESSYDECALS/hUnnamed_Element_Output1-512x512.ubulk" 1702
"C:/Tidy/TidyPrototype/Content/Materials/MESSYDECALS/hUnnamed_Element_Output1-512x512.uasset" 1703
"C:/Tidy/TidyPrototype/Content/Materials/MESSYDECALS/hUnnamed_Element_Output1-512x512.uexp" 1704
"C:/Tidy/TidyPrototype/Content/Materials/MESSYDECALS/hUnnamed_Element_Output3-512x512.ubulk" 1705
"C:/Tidy/TidyPrototype/Content/Materials/MESSYDECALS/hUnnamed_Element_Output3-512x512.uasset" 1706
"C:/Tidy/TidyPrototype/Content/Materials/MESSYDECALS/hUnnamed_Element_Output3-512x512.uexp" 1707
"C:/Tidy/TidyPrototype/Content/Materials/MESSYDECALS/M_Decal_Mess.uasset" 1708
"C:/Tidy/TidyPrototype/Content/Materials/MESSYDECALS/M_Decal_Mess.uexp" 1709
"C:/Tidy/TidyPrototype/Content/Materials/MESSYDECALS/MI_Decal_Mess1.uasset" 1710
"C:/Tidy/TidyPrototype/Content/Materials/MESSYDECALS/MI_Decal_Mess1.uexp" 1711
"C:/Tidy/TidyPrototype/Content/Materials/MESSYDECALS/MI_Decal_Mess2.uasset" 1712
"C:/Tidy/TidyPrototype/Content/Materials/MESSYDECALS/MI_Decal_Mess2.uexp" 1713
"C:/Tidy/TidyPrototype/Content/Assets/IceCreamBox/Ice_Cream_Chest_BODY.ubulk" 1714
"C:/Tidy/TidyPrototype/Content/Assets/IceCreamBox/Ice_Cream_Chest_BODY.uasset" 1715
"C:/Tidy/TidyPrototype/Content/Assets/IceCreamBox/Ice_Cream_Chest_BODY.uexp" 1716
"C:/Tidy/TidyPrototype/Content/Materials/MESSYDECALS/hUnnamed_Element_Output2-512x512.ubulk" 1717
"C:/Tidy/TidyPrototype/Content/Materials/MESSYDECALS/hUnnamed_Element_Output2-512x512.uasset" 1718
"C:/Tidy/TidyPrototype/Content/Materials/MESSYDECALS/hUnnamed_Element_Output2-512x512.uexp" 1719
"C:/Tidy/TidyPrototype/Content/Materials/MESSYDECALS/MI_Decal_Mess3.uasset" 1720
"C:/Tidy/TidyPrototype/Content/Materials/MESSYDECALS/MI_Decal_Mess3.uexp" 1721
"C:/Tidy/TidyPrototype/Content/Materials/MESSYDECALS/hUnnamed_Element_Output-512x512.ubulk" 1722
"C:/Tidy/TidyPrototype/Content/Materials/MESSYDECALS/hUnnamed_Element_Output-512x512.uasset" 1723
"C:/Tidy/TidyPrototype/Content/Materials/MESSYDECALS/hUnnamed_Element_Output-512x512.uexp" 1724
"C:/Tidy/TidyPrototype/Content/Materials/MESSYDECALS/MI_Decal_Mess4.uasset" 1725
"C:/Tidy/TidyPrototype/Content/Materials/MESSYDECALS/MI_Decal_Mess4.uexp" 1726
"C:/Tidy/TidyPrototype/Content/Assets/IceCreamBox/Ice_Cream_Chest_LID.ubulk" 1727
"C:/Tidy/TidyPrototype/Content/Assets/IceCreamBox/Ice_Cream_Chest_LID.uasset" 1728
"C:/Tidy/TidyPrototype/Content/Assets/IceCreamBox/Ice_Cream_Chest_LID.uexp" 1729
"C:/Tidy/TidyPrototype/Content/Assets/IceCreamBox/Ice_Cream_Chest_LOCK.ubulk" 1730
"C:/Tidy/TidyPrototype/Content/Assets/IceCreamBox/Ice_Cream_Chest_LOCK.uasset" 1731
"C:/Tidy/TidyPrototype/Content/Assets/IceCreamBox/Ice_Cream_Chest_LOCK.uexp" 1732
"C:/Tidy/TidyPrototype/Content/Assets/MiscHouse/Kitchen_Stool_Cusion.ubulk" 1733
"C:/Tidy/TidyPrototype/Content/Assets/MiscHouse/Kitchen_Stool_Cusion.uasset" 1734
"C:/Tidy/TidyPrototype/Content/Assets/MiscHouse/Kitchen_Stool_Cusion.uexp" 1735
"C:/Tidy/TidyPrototype/Content/Assets/IceCreamBox/COMBINED_initialShadingGroup_BaseColor.ubulk" 1736
"C:/Tidy/TidyPrototype/Content/Assets/IceCreamBox/COMBINED_initialShadingGroup_BaseColor.uasset" 1737
"C:/Tidy/TidyPrototype/Content/Assets/IceCreamBox/COMBINED_initialShadingGroup_BaseColor.uexp" 1738
"C:/Tidy/TidyPrototype/Content/Assets/IceCreamBox/COMBINED_initialShadingGroup_OcclusionRoughnessMetallic.ubulk" 1739
"C:/Tidy/TidyPrototype/Content/Assets/IceCreamBox/COMBINED_initialShadingGroup_OcclusionRoughnessMetallic.uasset" 1740
"C:/Tidy/TidyPrototype/Content/Assets/IceCreamBox/COMBINED_initialShadingGroup_OcclusionRoughnessMetallic.uexp" 1741
"C:/Tidy/TidyPrototype/Content/Assets/IceCreamBox/NEW2_COMBINED_initialShadingGroup_OcclusionRoughnessMetallic.ubulk" 1742
"C:/Tidy/TidyPrototype/Content/Assets/IceCreamBox/NEW2_COMBINED_initialShadingGroup_OcclusionRoughnessMetallic.uasset" 1743
"C:/Tidy/TidyPrototype/Content/Assets/IceCreamBox/NEW2_COMBINED_initialShadingGroup_OcclusionRoughnessMetallic.uexp" 1744
"C:/Tidy/TidyPrototype/Content/Assets/IceCreamBox/M_IceCreamBox.uasset" 1745
"C:/Tidy/TidyPrototype/Content/Assets/IceCreamBox/M_IceCreamBox.uexp" 1746
"C:/Tidy/TidyPrototype/Content/Assets/Kitchen/Kitchen_Appliances_Blender.ubulk" 1747
"C:/Tidy/TidyPrototype/Content/Assets/Kitchen/Kitchen_Appliances_Blender.uasset" 1748
"C:/Tidy/TidyPrototype/Content/Assets/Kitchen/Kitchen_Appliances_Blender.uexp" 1749
"C:/Tidy/TidyPrototype/Content/Assets/Kitchen/lambert5_Base_color.ubulk" 1750
"C:/Tidy/TidyPrototype/Content/Assets/Kitchen/lambert5_Base_color.uasset" 1751
"C:/Tidy/TidyPrototype/Content/Assets/Kitchen/lambert5_Base_color.uexp" 1752
"C:/Tidy/TidyPrototype/Content/Assets/Kitchen/lambert5_Metallic.ubulk" 1753
"C:/Tidy/TidyPrototype/Content/Assets/Kitchen/lambert5_Metallic.uasset" 1754
"C:/Tidy/TidyPrototype/Content/Assets/Kitchen/lambert5_Metallic.uexp" 1755
"C:/Tidy/TidyPrototype/Content/Assets/Kitchen/lambert5_Opacity.ubulk" 1756
"C:/Tidy/TidyPrototype/Content/Assets/Kitchen/lambert5_Opacity.uasset" 1757
"C:/Tidy/TidyPrototype/Content/Assets/Kitchen/lambert5_Opacity.uexp" 1758
"C:/Tidy/TidyPrototype/Content/Assets/Kitchen/lambert5_Roughness.ubulk" 1759
"C:/Tidy/TidyPrototype/Content/Assets/Kitchen/lambert5_Roughness.uasset" 1760
"C:/Tidy/TidyPrototype/Content/Assets/Kitchen/lambert5_Roughness.uexp" 1761
"C:/Tidy/TidyPrototype/Content/Assets/Kitchen/M_Kitchen.uasset" 1762
"C:/Tidy/TidyPrototype/Content/Assets/Kitchen/M_Kitchen.uexp" 1763
"C:/Tidy/TidyPrototype/Content/Assets/Kitchen/BP_Blender.uasset" 1764
"C:/Tidy/TidyPrototype/Content/Assets/Kitchen/BP_Blender.uexp" 1765
"C:/Tidy/TidyPrototype/Content/Materials/Storage_Vessels/Toybox_trimsheet__1_.uasset" 1766
"C:/Tidy/TidyPrototype/Content/Materials/Storage_Vessels/Toybox_trimsheet__1_.uexp" 1767
"C:/Tidy/TidyPrototype/Content/Materials/Storage_Vessels/Toybox_trimsheet__1__Mat.uasset" 1768
"C:/Tidy/TidyPrototype/Content/Materials/Storage_Vessels/Toybox_trimsheet__1__Mat.uexp" 1769
"C:/Tidy/TidyPrototype/Content/Assets/Kitchen/Kitchen_Appliances_Kettle.ubulk" 1770
"C:/Tidy/TidyPrototype/Content/Assets/Kitchen/Kitchen_Appliances_Kettle.uasset" 1771
"C:/Tidy/TidyPrototype/Content/Assets/Kitchen/Kitchen_Appliances_Kettle.uexp" 1772
"C:/Tidy/TidyPrototype/Content/Assets/Kitchen/Kitchen_Appliances_Kettle_Base.ubulk" 1773
"C:/Tidy/TidyPrototype/Content/Assets/Kitchen/Kitchen_Appliances_Kettle_Base.uasset" 1774
"C:/Tidy/TidyPrototype/Content/Assets/Kitchen/Kitchen_Appliances_Kettle_Base.uexp" 1775
"C:/Tidy/TidyPrototype/Content/Assets/Kitchen/BP_Kettel.uasset" 1776
"C:/Tidy/TidyPrototype/Content/Assets/Kitchen/BP_Kettel.uexp" 1777
"C:/Tidy/TidyPrototype/Content/Assets/Nuke/T_Nuke_BaseColour.ubulk" 1778
"C:/Tidy/TidyPrototype/Content/Assets/Nuke/T_Nuke_BaseColour.uasset" 1779
"C:/Tidy/TidyPrototype/Content/Assets/Nuke/T_Nuke_BaseColour.uexp" 1780
"C:/Tidy/TidyPrototype/Content/Assets/Nuke/T_Nuke_ORMS.ubulk" 1781
"C:/Tidy/TidyPrototype/Content/Assets/Nuke/T_Nuke_ORMS.uasset" 1782
"C:/Tidy/TidyPrototype/Content/Assets/Nuke/T_Nuke_ORMS.uexp" 1783
"C:/Tidy/TidyPrototype/Content/Assets/Nuke/M_Nuke.uasset" 1784
"C:/Tidy/TidyPrototype/Content/Assets/Nuke/M_Nuke.uexp" 1785
"C:/Tidy/TidyPrototype/Content/Assets/fbx/handplane.ubulk" 1786
"C:/Tidy/TidyPrototype/Content/Assets/fbx/handplane.uasset" 1787
"C:/Tidy/TidyPrototype/Content/Assets/fbx/handplane.uexp" 1788
"C:/Tidy/TidyPrototype/Content/Assets/Nuke/Nuke.ubulk" 1789
"C:/Tidy/TidyPrototype/Content/Assets/Nuke/Nuke.uasset" 1790
"C:/Tidy/TidyPrototype/Content/Assets/Nuke/Nuke.uexp" 1791
"C:/Tidy/TidyPrototype/Content/Assets/Kitchen/Kitchen_Oven.ubulk" 1792
"C:/Tidy/TidyPrototype/Content/Assets/Kitchen/Kitchen_Oven.uasset" 1793
"C:/Tidy/TidyPrototype/Content/Assets/Kitchen/Kitchen_Oven.uexp" 1794
"C:/Tidy/TidyPrototype/Content/Assets/Kitchen/Kitchen_Oven_Knob.ubulk" 1795
"C:/Tidy/TidyPrototype/Content/Assets/Kitchen/Kitchen_Oven_Knob.uasset" 1796
"C:/Tidy/TidyPrototype/Content/Assets/Kitchen/Kitchen_Oven_Knob.uexp" 1797
"C:/Tidy/TidyPrototype/Content/Assets/Kitchen/BP_KitchenOven.uasset" 1798
"C:/Tidy/TidyPrototype/Content/Assets/Kitchen/BP_KitchenOven.uexp" 1799
"C:/Tidy/TidyPrototype/Content/Assets/MiscHouse/standardSurface2SG_Base_color_Mat.uasset" 1800
"C:/Tidy/TidyPrototype/Content/Assets/MiscHouse/standardSurface2SG_Base_color_Mat.uexp" 1801
"C:/Tidy/TidyPrototype/Content/Assets/Painting/GDMLGradTeam.ubulk" 1802
"C:/Tidy/TidyPrototype/Content/Assets/Painting/GDMLGradTeam.uasset" 1803
"C:/Tidy/TidyPrototype/Content/Assets/Painting/GDMLGradTeam.uexp" 1804
"C:/Tidy/TidyPrototype/Content/Assets/Painting/Grad+Sam.ubulk" 1805
"C:/Tidy/TidyPrototype/Content/Assets/Painting/Grad+Sam.uasset" 1806
"C:/Tidy/TidyPrototype/Content/Assets/Painting/Grad+Sam.uexp" 1807
"C:/Tidy/TidyPrototype/Content/Assets/Painting/Henry_JoelPic.ubulk" 1808
"C:/Tidy/TidyPrototype/Content/Assets/Painting/Henry_JoelPic.uasset" 1809
"C:/Tidy/TidyPrototype/Content/Assets/Painting/Henry_JoelPic.uexp" 1810
"C:/Tidy/TidyPrototype/Content/Assets/Painting/JoelPic.ubulk" 1811
"C:/Tidy/TidyPrototype/Content/Assets/Painting/JoelPic.uasset" 1812
"C:/Tidy/TidyPrototype/Content/Assets/Painting/JoelPic.uexp" 1813
"C:/Tidy/TidyPrototype/Content/Assets/Painting/SmallPictures_standardSurface2SG_BaseColor.ubulk" 1814
"C:/Tidy/TidyPrototype/Content/Assets/Painting/SmallPictures_standardSurface2SG_BaseColor.uasset" 1815
"C:/Tidy/TidyPrototype/Content/Assets/Painting/SmallPictures_standardSurface2SG_BaseColor.uexp" 1816
"C:/Tidy/TidyPrototype/Content/Assets/Painting/SmallPictures_standardSurface2SG_OcclusionRoughnessMetallic.ubulk" 1817
"C:/Tidy/TidyPrototype/Content/Assets/Painting/SmallPictures_standardSurface2SG_OcclusionRoughnessMetallic.uasset" 1818
"C:/Tidy/TidyPrototype/Content/Assets/Painting/SmallPictures_standardSurface2SG_OcclusionRoughnessMetallic.uexp" 1819
"C:/Tidy/TidyPrototype/Content/Assets/Painting/M_SmallPics.uasset" 1820
"C:/Tidy/TidyPrototype/Content/Assets/Painting/M_SmallPics.uexp" 1821
"../../../Engine/Content/EngineMaterials/Substrate/Glints2/AGlintTex2dArray2.uasset" 1822
"../../../Engine/Content/EngineMaterials/Substrate/Glints2/AGlintTex2dArray2.uexp" 1823
"C:/Tidy/TidyPrototype/Content/Assets/fbx/tools_map.uasset" 1824
"C:/Tidy/TidyPrototype/Content/Assets/fbx/tools_map.uexp" 1825
"C:/Tidy/TidyPrototype/Content/Assets/fbx/map.ubulk" 1826
"C:/Tidy/TidyPrototype/Content/Assets/fbx/map.uasset" 1827
"C:/Tidy/TidyPrototype/Content/Assets/fbx/map.uexp" 1828
"C:/Tidy/TidyPrototype/Content/Assets/Painting/ThomasPic.ubulk" 1829
"C:/Tidy/TidyPrototype/Content/Assets/Painting/ThomasPic.uasset" 1830
"C:/Tidy/TidyPrototype/Content/Assets/Painting/ThomasPic.uexp" 1831
"C:/Tidy/TidyPrototype/Content/Assets/Kitchen/Kitchen_Appliances_Blender_Lid.ubulk" 1832
"C:/Tidy/TidyPrototype/Content/Assets/Kitchen/Kitchen_Appliances_Blender_Lid.uasset" 1833
"C:/Tidy/TidyPrototype/Content/Assets/Kitchen/Kitchen_Appliances_Blender_Lid.uexp" 1834
"C:/Tidy/TidyPrototype/Content/Assets/Kitchen/Kitchen_Appliances_CuttingBoard.ubulk" 1835
"C:/Tidy/TidyPrototype/Content/Assets/Kitchen/Kitchen_Appliances_CuttingBoard.uasset" 1836
"C:/Tidy/TidyPrototype/Content/Assets/Kitchen/Kitchen_Appliances_CuttingBoard.uexp" 1837
"C:/Tidy/TidyPrototype/Content/Assets/Props/House_Props_Diffuse.ubulk" 1838
"C:/Tidy/TidyPrototype/Content/Assets/Props/House_Props_Diffuse.uasset" 1839
"C:/Tidy/TidyPrototype/Content/Assets/Props/House_Props_Diffuse.uexp" 1840
"C:/Tidy/TidyPrototype/Content/Assets/Props/Material.uasset" 1841
"C:/Tidy/TidyPrototype/Content/Assets/Props/Material.uexp" 1842
"C:/Tidy/TidyPrototype/Content/Assets/Props/doll.ubulk" 1843
"C:/Tidy/TidyPrototype/Content/Assets/Props/doll.uasset" 1844
"C:/Tidy/TidyPrototype/Content/Assets/Props/doll.uexp" 1845
"C:/Tidy/TidyPrototype/Content/Assets/Kitchen/Kitchen_Appliances_Toaster.ubulk" 1846
"C:/Tidy/TidyPrototype/Content/Assets/Kitchen/Kitchen_Appliances_Toaster.uasset" 1847
"C:/Tidy/TidyPrototype/Content/Assets/Kitchen/Kitchen_Appliances_Toaster.uexp" 1848
"C:/Tidy/TidyPrototype/Content/Assets/Kitchen/Kitchen_Draws.ubulk" 1849
"C:/Tidy/TidyPrototype/Content/Assets/Kitchen/Kitchen_Draws.uasset" 1850
"C:/Tidy/TidyPrototype/Content/Assets/Kitchen/Kitchen_Draws.uexp" 1851
"C:/Tidy/TidyPrototype/Content/Assets/Props/Rook.ubulk" 1852
"C:/Tidy/TidyPrototype/Content/Assets/Props/Rook.uasset" 1853
"C:/Tidy/TidyPrototype/Content/Assets/Props/Rook.uexp" 1854
"C:/Tidy/TidyPrototype/Content/Assets/Kitchen/Kitchen_Fridge.ubulk" 1855
"C:/Tidy/TidyPrototype/Content/Assets/Kitchen/Kitchen_Fridge.uasset" 1856
"C:/Tidy/TidyPrototype/Content/Assets/Kitchen/Kitchen_Fridge.uexp" 1857
"C:/Tidy/TidyPrototype/Content/Assets/Kitchen/Kitchen_Fridge_FreezerDoor.ubulk" 1858
"C:/Tidy/TidyPrototype/Content/Assets/Kitchen/Kitchen_Fridge_FreezerDoor.uasset" 1859
"C:/Tidy/TidyPrototype/Content/Assets/Kitchen/Kitchen_Fridge_FreezerDoor.uexp" 1860
"C:/Tidy/TidyPrototype/Content/Assets/Kitchen/Kitchen_Fridge_FridgeDoor.ubulk" 1861
"C:/Tidy/TidyPrototype/Content/Assets/Kitchen/Kitchen_Fridge_FridgeDoor.uasset" 1862
"C:/Tidy/TidyPrototype/Content/Assets/Kitchen/Kitchen_Fridge_FridgeDoor.uexp" 1863
"C:/Tidy/TidyPrototype/Content/Assets/Kitchen/Kitchen_LargeCupboard.ubulk" 1864
"C:/Tidy/TidyPrototype/Content/Assets/Kitchen/Kitchen_LargeCupboard.uasset" 1865
"C:/Tidy/TidyPrototype/Content/Assets/Kitchen/Kitchen_LargeCupboard.uexp" 1866
"C:/Tidy/TidyPrototype/Content/Assets/Storage_Vessels/Freezer_Body.ubulk" 1867
"C:/Tidy/TidyPrototype/Content/Assets/Storage_Vessels/Freezer_Body.uasset" 1868
"C:/Tidy/TidyPrototype/Content/Assets/Storage_Vessels/Freezer_Body.uexp" 1869
"C:/Tidy/TidyPrototype/Content/Assets/Storage_Vessels/Freezer_Lid.ubulk" 1870
"C:/Tidy/TidyPrototype/Content/Assets/Storage_Vessels/Freezer_Lid.uasset" 1871
"C:/Tidy/TidyPrototype/Content/Assets/Storage_Vessels/Freezer_Lid.uexp" 1872
"C:/Tidy/TidyPrototype/Content/Assets/Kitchen/Kitchen_Oven_Door.ubulk" 1873
"C:/Tidy/TidyPrototype/Content/Assets/Kitchen/Kitchen_Oven_Door.uasset" 1874
"C:/Tidy/TidyPrototype/Content/Assets/Kitchen/Kitchen_Oven_Door.uexp" 1875
"C:/Tidy/TidyPrototype/Content/Assets/fbx/shovel.ubulk" 1876
"C:/Tidy/TidyPrototype/Content/Assets/fbx/shovel.uasset" 1877
"C:/Tidy/TidyPrototype/Content/Assets/fbx/shovel.uexp" 1878
"C:/Tidy/TidyPrototype/Content/Assets/Storage_Vessels/Toy_Chest_Body.ubulk" 1879
"C:/Tidy/TidyPrototype/Content/Assets/Storage_Vessels/Toy_Chest_Body.uasset" 1880
"C:/Tidy/TidyPrototype/Content/Assets/Storage_Vessels/Toy_Chest_Body.uexp" 1881
"C:/Tidy/TidyPrototype/Content/Assets/Storage_Vessels/Toy_Chest_Lid.ubulk" 1882
"C:/Tidy/TidyPrototype/Content/Assets/Storage_Vessels/Toy_Chest_Lid.uasset" 1883
"C:/Tidy/TidyPrototype/Content/Assets/Storage_Vessels/Toy_Chest_Lid.uexp" 1884
"C:/Tidy/TidyPrototype/Content/Assets/Kitchen/Kitchen_Pantry.ubulk" 1885
"C:/Tidy/TidyPrototype/Content/Assets/Kitchen/Kitchen_Pantry.uasset" 1886
"C:/Tidy/TidyPrototype/Content/Assets/Kitchen/Kitchen_Pantry.uexp" 1887
"C:/Tidy/TidyPrototype/Content/Assets/WAlls/Door.ubulk" 1888
"C:/Tidy/TidyPrototype/Content/Assets/WAlls/Door.uasset" 1889
"C:/Tidy/TidyPrototype/Content/Assets/WAlls/Door.uexp" 1890
"C:/Tidy/TidyPrototype/Content/Assets/Kitchen/Kitchen_Pantry_Microwave.ubulk" 1891
"C:/Tidy/TidyPrototype/Content/Assets/Kitchen/Kitchen_Pantry_Microwave.uasset" 1892
"C:/Tidy/TidyPrototype/Content/Assets/Kitchen/Kitchen_Pantry_Microwave.uexp" 1893
"C:/Tidy/TidyPrototype/Content/Assets/Kitchen/Kitchen_Pantry_Microwave_Base.ubulk" 1894
"C:/Tidy/TidyPrototype/Content/Assets/Kitchen/Kitchen_Pantry_Microwave_Base.uasset" 1895
"C:/Tidy/TidyPrototype/Content/Assets/Kitchen/Kitchen_Pantry_Microwave_Base.uexp" 1896
"C:/Tidy/TidyPrototype/Content/Assets/WAlls/Door_initialShadingGroup_BaseColor.ubulk" 1897
"C:/Tidy/TidyPrototype/Content/Assets/WAlls/Door_initialShadingGroup_BaseColor.uasset" 1898
"C:/Tidy/TidyPrototype/Content/Assets/WAlls/Door_initialShadingGroup_BaseColor.uexp" 1899
"C:/Tidy/TidyPrototype/Content/Assets/WAlls/Door_initialShadingGroup_OcclusionRoughnessMetallic.ubulk" 1900
"C:/Tidy/TidyPrototype/Content/Assets/WAlls/Door_initialShadingGroup_OcclusionRoughnessMetallic.uasset" 1901
"C:/Tidy/TidyPrototype/Content/Assets/WAlls/Door_initialShadingGroup_OcclusionRoughnessMetallic.uexp" 1902
"C:/Tidy/TidyPrototype/Content/Assets/WAlls/M_Door.uasset" 1903
"C:/Tidy/TidyPrototype/Content/Assets/WAlls/M_Door.uexp" 1904
"C:/Tidy/TidyPrototype/Content/Assets/Kitchen/Kitchen_Pantry_Microwave_Door.ubulk" 1905
"C:/Tidy/TidyPrototype/Content/Assets/Kitchen/Kitchen_Pantry_Microwave_Door.uasset" 1906
"C:/Tidy/TidyPrototype/Content/Assets/Kitchen/Kitchen_Pantry_Microwave_Door.uexp" 1907
"C:/Tidy/TidyPrototype/Content/Assets/Kitchen/Kitchen_Pantry_Microwave_Knob.ubulk" 1908
"C:/Tidy/TidyPrototype/Content/Assets/Kitchen/Kitchen_Pantry_Microwave_Knob.uasset" 1909
"C:/Tidy/TidyPrototype/Content/Assets/Kitchen/Kitchen_Pantry_Microwave_Knob.uexp" 1910
"C:/Tidy/TidyPrototype/Content/Assets/Kitchen/Kitchen_Sink.ubulk" 1911
"C:/Tidy/TidyPrototype/Content/Assets/Kitchen/Kitchen_Sink.uasset" 1912
"C:/Tidy/TidyPrototype/Content/Assets/Kitchen/Kitchen_Sink.uexp" 1913
"C:/Tidy/TidyPrototype/Content/Assets/WAlls/Wall_Straight_EXTENDED_mtl.ubulk" 1914
"C:/Tidy/TidyPrototype/Content/Assets/WAlls/Wall_Straight_EXTENDED_mtl.uasset" 1915
"C:/Tidy/TidyPrototype/Content/Assets/WAlls/Wall_Straight_EXTENDED_mtl.uexp" 1916
"C:/Tidy/TidyPrototype/Content/Assets/House/Main_Base_color.ubulk" 1917
"C:/Tidy/TidyPrototype/Content/Assets/House/Main_Base_color.uasset" 1918
"C:/Tidy/TidyPrototype/Content/Assets/House/Main_Base_color.uexp" 1919
"C:/Tidy/TidyPrototype/Content/Assets/House/Main_Metallic.ubulk" 1920
"C:/Tidy/TidyPrototype/Content/Assets/House/Main_Metallic.uasset" 1921
"C:/Tidy/TidyPrototype/Content/Assets/House/Main_Metallic.uexp" 1922
"C:/Tidy/TidyPrototype/Content/Assets/House/Main_Roughness.ubulk" 1923
"C:/Tidy/TidyPrototype/Content/Assets/House/Main_Roughness.uasset" 1924
"C:/Tidy/TidyPrototype/Content/Assets/House/Main_Roughness.uexp" 1925
"C:/Tidy/TidyPrototype/Content/Assets/House/Main_Base_color_Mat.uasset" 1926
"C:/Tidy/TidyPrototype/Content/Assets/House/Main_Base_color_Mat.uexp" 1927
"C:/Tidy/TidyPrototype/Content/Assets/House/Outside1.uasset" 1928
"C:/Tidy/TidyPrototype/Content/Assets/House/Outside1.uexp" 1929
"C:/Tidy/TidyPrototype/Content/Assets/House/M_Outside.uasset" 1930
"C:/Tidy/TidyPrototype/Content/Assets/House/M_Outside.uexp" 1931
"C:/Tidy/TidyPrototype/Content/Assets/House/Outside.ubulk" 1932
"C:/Tidy/TidyPrototype/Content/Assets/House/Outside.uasset" 1933
"C:/Tidy/TidyPrototype/Content/Assets/House/Outside.uexp" 1934
"C:/Tidy/TidyPrototype/Content/Assets/House/WindowFrame.ubulk" 1935
"C:/Tidy/TidyPrototype/Content/Assets/House/WindowFrame.uasset" 1936
"C:/Tidy/TidyPrototype/Content/Assets/House/WindowFrame.uexp" 1937
"C:/Tidy/TidyPrototype/Content/Assets/House/WindowSlide.ubulk" 1938
"C:/Tidy/TidyPrototype/Content/Assets/House/WindowSlide.uasset" 1939
"C:/Tidy/TidyPrototype/Content/Assets/House/WindowSlide.uexp" 1940
"C:/Tidy/TidyPrototype/Content/Assets/House/WIndowWoodStick.ubulk" 1941
"C:/Tidy/TidyPrototype/Content/Assets/House/WIndowWoodStick.uasset" 1942
"C:/Tidy/TidyPrototype/Content/Assets/House/WIndowWoodStick.uexp" 1943
"C:/Tidy/TidyPrototype/Content/Assets/House/BP_Window.uasset" 1944
"C:/Tidy/TidyPrototype/Content/Assets/House/BP_Window.uexp" 1945
"C:/Tidy/TidyPrototype/Content/Assets/Kitchen/Kitchen_WallCupbaord.ubulk" 1946
"C:/Tidy/TidyPrototype/Content/Assets/Kitchen/Kitchen_WallCupbaord.uasset" 1947
"C:/Tidy/TidyPrototype/Content/Assets/Kitchen/Kitchen_WallCupbaord.uexp" 1948
"C:/Tidy/TidyPrototype/Content/Assets/Kitchen/Kitchen_Draws_Draws.ubulk" 1949
"C:/Tidy/TidyPrototype/Content/Assets/Kitchen/Kitchen_Draws_Draws.uasset" 1950
"C:/Tidy/TidyPrototype/Content/Assets/Kitchen/Kitchen_Draws_Draws.uexp" 1951
"C:/Tidy/TidyPrototype/Content/Blueprints/Drawers/BP_KitchenDrawer2.uasset" 1952
"C:/Tidy/TidyPrototype/Content/Blueprints/Drawers/BP_KitchenDrawer2.uexp" 1953
"C:/Tidy/TidyPrototype/Content/Materials/BedroomTextureSheets/UV_Texture_Square2_standardSurface1_BaseColor.ubulk" 1954
"C:/Tidy/TidyPrototype/Content/Materials/BedroomTextureSheets/UV_Texture_Square2_standardSurface1_BaseColor.uasset" 1955
"C:/Tidy/TidyPrototype/Content/Materials/BedroomTextureSheets/UV_Texture_Square2_standardSurface1_BaseColor.uexp" 1956
"C:/Tidy/TidyPrototype/Content/Materials/BedroomTextureSheets/UV_Texture_Square2_standardSurface1_Emissive.ubulk" 1957
"C:/Tidy/TidyPrototype/Content/Materials/BedroomTextureSheets/UV_Texture_Square2_standardSurface1_Emissive.uasset" 1958
"C:/Tidy/TidyPrototype/Content/Materials/BedroomTextureSheets/UV_Texture_Square2_standardSurface1_Emissive.uexp" 1959
"C:/Tidy/TidyPrototype/Content/Materials/BedroomTextureSheets/UV_Texture_Square2_standardSurface1_OcclusionRoughnessMetallic.ubulk" 1960
"C:/Tidy/TidyPrototype/Content/Materials/BedroomTextureSheets/UV_Texture_Square2_standardSurface1_OcclusionRoughnessMetallic.uasset" 1961
"C:/Tidy/TidyPrototype/Content/Materials/BedroomTextureSheets/UV_Texture_Square2_standardSurface1_OcclusionRoughnessMetallic.uexp" 1962
"C:/Tidy/TidyPrototype/Content/Materials/BedroomTextureSheets/M_Bedroom.uasset" 1963
"C:/Tidy/TidyPrototype/Content/Materials/BedroomTextureSheets/M_Bedroom.uexp" 1964
"C:/Tidy/TidyPrototype/Content/ExternalAssets/Goose/Material_001.uasset" 1965
"C:/Tidy/TidyPrototype/Content/ExternalAssets/Goose/Material_001.uexp" 1966
"C:/Tidy/TidyPrototype/Content/ExternalAssets/Goose/Material_002.uasset" 1967
"C:/Tidy/TidyPrototype/Content/ExternalAssets/Goose/Material_002.uexp" 1968
"C:/Tidy/TidyPrototype/Content/ExternalAssets/Goose/Material_003.uasset" 1969
"C:/Tidy/TidyPrototype/Content/ExternalAssets/Goose/Material_003.uexp" 1970
"C:/Tidy/TidyPrototype/Content/ExternalAssets/Goose/goose.ubulk" 1971
"C:/Tidy/TidyPrototype/Content/ExternalAssets/Goose/goose.uasset" 1972
"C:/Tidy/TidyPrototype/Content/ExternalAssets/Goose/goose.uexp" 1973
"C:/Tidy/TidyPrototype/Content/Assets/House/Carpet.ubulk" 1974
"C:/Tidy/TidyPrototype/Content/Assets/House/Carpet.uasset" 1975
"C:/Tidy/TidyPrototype/Content/Assets/House/Carpet.uexp" 1976
"../../../Engine/Content/EngineMaterials/Substrate/GLints/AGlintTex2dArray.uasset" 1977
"../../../Engine/Content/EngineMaterials/Substrate/GLints/AGlintTex2dArray.uexp" 1978
"C:/Tidy/TidyPrototype/Content/Assets/House/Carpet_Base_color.ubulk" 1979
"C:/Tidy/TidyPrototype/Content/Assets/House/Carpet_Base_color.uasset" 1980
"C:/Tidy/TidyPrototype/Content/Assets/House/Carpet_Base_color.uexp" 1981
"C:/Tidy/TidyPrototype/Content/Assets/House/Carpet_Base_color_Mat.uasset" 1982
"C:/Tidy/TidyPrototype/Content/Assets/House/Carpet_Base_color_Mat.uexp" 1983
"C:/Tidy/TidyPrototype/Content/Assets/House/Carpet_Bedroom0.uasset" 1984
"C:/Tidy/TidyPrototype/Content/Assets/House/Carpet_Bedroom0.uexp" 1985
"C:/Tidy/TidyPrototype/Content/Assets/House/Carpet_Bedroom1.uasset" 1986
"C:/Tidy/TidyPrototype/Content/Assets/House/Carpet_Bedroom1.uexp" 1987
"C:/Tidy/TidyPrototype/Content/ExternalAssets/Rats/Rat1.ubulk" 1988
"C:/Tidy/TidyPrototype/Content/ExternalAssets/Rats/Rat1.uasset" 1989
"C:/Tidy/TidyPrototype/Content/ExternalAssets/Rats/Rat1.uexp" 1990
"C:/Tidy/TidyPrototype/Content/Assets/Living_Room/Chest_of_Drawers_Draw__NEW.ubulk" 1991
"C:/Tidy/TidyPrototype/Content/Assets/Living_Room/Chest_of_Drawers_Draw__NEW.uasset" 1992
"C:/Tidy/TidyPrototype/Content/Assets/Living_Room/Chest_of_Drawers_Draw__NEW.uexp" 1993
"C:/Tidy/TidyPrototype/Content/ExternalAssets/Rats/Rat2.ubulk" 1994
"C:/Tidy/TidyPrototype/Content/ExternalAssets/Rats/Rat2.uasset" 1995
"C:/Tidy/TidyPrototype/Content/ExternalAssets/Rats/Rat2.uexp" 1996
"C:/Tidy/TidyPrototype/Content/Materials/Ceiling/Droplight_initialShadingGroup_BaseColor.ubulk" 1997
"C:/Tidy/TidyPrototype/Content/Materials/Ceiling/Droplight_initialShadingGroup_BaseColor.uasset" 1998
"C:/Tidy/TidyPrototype/Content/Materials/Ceiling/Droplight_initialShadingGroup_BaseColor.uexp" 1999
"C:/Tidy/TidyPrototype/Content/Materials/Ceiling/Droplight_initialShadingGroup_Emissive.ubulk" 2000
"C:/Tidy/TidyPrototype/Content/Materials/Ceiling/Droplight_initialShadingGroup_Emissive.uasset" 2001
"C:/Tidy/TidyPrototype/Content/Materials/Ceiling/Droplight_initialShadingGroup_Emissive.uexp" 2002
"C:/Tidy/TidyPrototype/Content/Materials/Ceiling/Droplight_initialShadingGroup_OcclusionRoughnessMetallic.ubulk" 2003
"C:/Tidy/TidyPrototype/Content/Materials/Ceiling/Droplight_initialShadingGroup_OcclusionRoughnessMetallic.uasset" 2004
"C:/Tidy/TidyPrototype/Content/Materials/Ceiling/Droplight_initialShadingGroup_OcclusionRoughnessMetallic.uexp" 2005
"C:/Tidy/TidyPrototype/Content/Materials/Ceiling/M_Droplight.uasset" 2006
"C:/Tidy/TidyPrototype/Content/Materials/Ceiling/M_Droplight.uexp" 2007
"C:/Tidy/TidyPrototype/Content/Materials/Ceiling/Fan_initialShadingGroup_BaseColor.ubulk" 2008
"C:/Tidy/TidyPrototype/Content/Materials/Ceiling/Fan_initialShadingGroup_BaseColor.uasset" 2009
"C:/Tidy/TidyPrototype/Content/Materials/Ceiling/Fan_initialShadingGroup_BaseColor.uexp" 2010
"C:/Tidy/TidyPrototype/Content/Materials/Ceiling/Fan_initialShadingGroup_Emissive.ubulk" 2011
"C:/Tidy/TidyPrototype/Content/Materials/Ceiling/Fan_initialShadingGroup_Emissive.uasset" 2012
"C:/Tidy/TidyPrototype/Content/Materials/Ceiling/Fan_initialShadingGroup_Emissive.uexp" 2013
"C:/Tidy/TidyPrototype/Content/Materials/Ceiling/Fan_initialShadingGroup_OcclusionRoughnessMetallic.ubulk" 2014
"C:/Tidy/TidyPrototype/Content/Materials/Ceiling/Fan_initialShadingGroup_OcclusionRoughnessMetallic.uasset" 2015
"C:/Tidy/TidyPrototype/Content/Materials/Ceiling/Fan_initialShadingGroup_OcclusionRoughnessMetallic.uexp" 2016
"C:/Tidy/TidyPrototype/Content/Materials/Ceiling/M_Fan.uasset" 2017
"C:/Tidy/TidyPrototype/Content/Materials/Ceiling/M_Fan.uexp" 2018
"C:/Tidy/TidyPrototype/Content/Materials/Ceiling/Flatlight_initialShadingGroup_BaseColor.ubulk" 2019
"C:/Tidy/TidyPrototype/Content/Materials/Ceiling/Flatlight_initialShadingGroup_BaseColor.uasset" 2020
"C:/Tidy/TidyPrototype/Content/Materials/Ceiling/Flatlight_initialShadingGroup_BaseColor.uexp" 2021
"C:/Tidy/TidyPrototype/Content/Materials/Ceiling/Flatlight_initialShadingGroup_Emissive.ubulk" 2022
"C:/Tidy/TidyPrototype/Content/Materials/Ceiling/Flatlight_initialShadingGroup_Emissive.uasset" 2023
"C:/Tidy/TidyPrototype/Content/Materials/Ceiling/Flatlight_initialShadingGroup_Emissive.uexp" 2024
"C:/Tidy/TidyPrototype/Content/Materials/Ceiling/Flatlight_initialShadingGroup_OcclusionRoughnessMetallic.ubulk" 2025
"C:/Tidy/TidyPrototype/Content/Materials/Ceiling/Flatlight_initialShadingGroup_OcclusionRoughnessMetallic.uasset" 2026
"C:/Tidy/TidyPrototype/Content/Materials/Ceiling/Flatlight_initialShadingGroup_OcclusionRoughnessMetallic.uexp" 2027
"C:/Tidy/TidyPrototype/Content/Materials/Ceiling/M_Flatlight.uasset" 2028
"C:/Tidy/TidyPrototype/Content/Materials/Ceiling/M_Flatlight.uexp" 2029
"../../../Engine/Content/EngineMaterials/Substrate/Volume/SubstrateSimpleVolumeEnvLUT3D.uasset" 2030
"../../../Engine/Content/EngineMaterials/Substrate/Volume/SubstrateSimpleVolumeEnvLUT3D.uexp" 2031
"../../../Engine/Content/EngineMaterials/Substrate/Volume/SubstrateSimpleVolumeLUT3D.uasset" 2032
"../../../Engine/Content/EngineMaterials/Substrate/Volume/SubstrateSimpleVolumeLUT3D.uexp" 2033
"../../../Engine/Content/Functions/Engine_MaterialFunctions01/Shading/ConvertFromDiffSpec.uasset" 2034
"../../../Engine/Content/Functions/Engine_MaterialFunctions01/Shading/ConvertFromDiffSpec.uexp" 2035
"../../../Engine/Content/Functions/Engine_MaterialFunctions01/Shading/PowerToRoughness.uasset" 2036
"../../../Engine/Content/Functions/Engine_MaterialFunctions01/Shading/PowerToRoughness.uexp" 2037
"C:/Tidy/TidyPrototype/Content/Levels/_GENERATED/thoma/Box_D8549F10.ubulk" 2038
"C:/Tidy/TidyPrototype/Content/Levels/_GENERATED/thoma/Box_D8549F10.uasset" 2039
"C:/Tidy/TidyPrototype/Content/Levels/_GENERATED/thoma/Box_D8549F10.uexp" 2040
"C:/Tidy/TidyPrototype/Content/Assets/Ceiling/Fan/Fan_COMBINED_.ubulk" 2041
"C:/Tidy/TidyPrototype/Content/Assets/Ceiling/Fan/Fan_COMBINED_.uasset" 2042
"C:/Tidy/TidyPrototype/Content/Assets/Ceiling/Fan/Fan_COMBINED_.uexp" 2043
"C:/Tidy/TidyPrototype/Content/Assets/Living_Room/2/CabinetBody_2.ubulk" 2044
"C:/Tidy/TidyPrototype/Content/Assets/Living_Room/2/CabinetBody_2.uasset" 2045
"C:/Tidy/TidyPrototype/Content/Assets/Living_Room/2/CabinetBody_2.uexp" 2046
"C:/Tidy/TidyPrototype/Content/Assets/Living_Room/2/Chair_2.ubulk" 2047
"C:/Tidy/TidyPrototype/Content/Assets/Living_Room/2/Chair_2.uasset" 2048
"C:/Tidy/TidyPrototype/Content/Assets/Living_Room/2/Chair_2.uexp" 2049
"C:/Tidy/TidyPrototype/Content/Assets/Living_Room/2/ChestOfDrawers_Body_2.ubulk" 2050
"C:/Tidy/TidyPrototype/Content/Assets/Living_Room/2/ChestOfDrawers_Body_2.uasset" 2051
"C:/Tidy/TidyPrototype/Content/Assets/Living_Room/2/ChestOfDrawers_Body_2.uexp" 2052
"C:/Tidy/TidyPrototype/Content/Assets/Living_Room/2/Chinese_ShortCabinetDoor_2.ubulk" 2053
"C:/Tidy/TidyPrototype/Content/Assets/Living_Room/2/Chinese_ShortCabinetDoor_2.uasset" 2054
"C:/Tidy/TidyPrototype/Content/Assets/Living_Room/2/Chinese_ShortCabinetDoor_2.uexp" 2055
"C:/Tidy/TidyPrototype/Content/Assets/Living_Room/2/Coffee_Table_2.ubulk" 2056
"C:/Tidy/TidyPrototype/Content/Assets/Living_Room/2/Coffee_Table_2.uasset" 2057
"C:/Tidy/TidyPrototype/Content/Assets/Living_Room/2/Coffee_Table_2.uexp" 2058
"C:/Tidy/TidyPrototype/Content/Assets/Living_Room/2/Couch_Base_2.ubulk" 2059
"C:/Tidy/TidyPrototype/Content/Assets/Living_Room/2/Couch_Base_2.uasset" 2060
"C:/Tidy/TidyPrototype/Content/Assets/Living_Room/2/Couch_Base_2.uexp" 2061
"C:/Tidy/TidyPrototype/Content/Assets/Living_Room/2/Couch_SeatCushion_2.ubulk" 2062
"C:/Tidy/TidyPrototype/Content/Assets/Living_Room/2/Couch_SeatCushion_2.uasset" 2063
"C:/Tidy/TidyPrototype/Content/Assets/Living_Room/2/Couch_SeatCushion_2.uexp" 2064
"C:/Tidy/TidyPrototype/Content/Assets/Living_Room/VideoGames/Console_ShellBox.ubulk" 2065
"C:/Tidy/TidyPrototype/Content/Assets/Living_Room/VideoGames/Console_ShellBox.uasset" 2066
"C:/Tidy/TidyPrototype/Content/Assets/Living_Room/VideoGames/Console_ShellBox.uexp" 2067
"C:/Tidy/TidyPrototype/Content/Levels/_GENERATED/thoma/CubeGridToolOutput_B99BBD35.ubulk" 2068
"C:/Tidy/TidyPrototype/Content/Levels/_GENERATED/thoma/CubeGridToolOutput_B99BBD35.uasset" 2069
"C:/Tidy/TidyPrototype/Content/Levels/_GENERATED/thoma/CubeGridToolOutput_B99BBD35.uexp" 2070
"C:/Tidy/TidyPrototype/Content/Assets/Living_Room/VideoGames/Controllers_ShellBox.ubulk" 2071
"C:/Tidy/TidyPrototype/Content/Assets/Living_Room/VideoGames/Controllers_ShellBox.uasset" 2072
"C:/Tidy/TidyPrototype/Content/Assets/Living_Room/VideoGames/Controllers_ShellBox.uexp" 2073
"C:/Tidy/TidyPrototype/Content/Assets/Living_Room/VideoGames/SpiritZip_CoverArt.ubulk" 2074
"C:/Tidy/TidyPrototype/Content/Assets/Living_Room/VideoGames/SpiritZip_CoverArt.uasset" 2075
"C:/Tidy/TidyPrototype/Content/Assets/Living_Room/VideoGames/SpiritZip_CoverArt.uexp" 2076
"C:/Tidy/TidyPrototype/Content/Assets/Living_Room/VideoGames/StriderHorsingAround_CoverArt.ubulk" 2077
"C:/Tidy/TidyPrototype/Content/Assets/Living_Room/VideoGames/StriderHorsingAround_CoverArt.uasset" 2078
"C:/Tidy/TidyPrototype/Content/Assets/Living_Room/VideoGames/StriderHorsingAround_CoverArt.uexp" 2079
"C:/Tidy/TidyPrototype/Content/Assets/Living_Room/VideoGames/TinyTransit_CoverArt.ubulk" 2080
"C:/Tidy/TidyPrototype/Content/Assets/Living_Room/VideoGames/TinyTransit_CoverArt.uasset" 2081
"C:/Tidy/TidyPrototype/Content/Assets/Living_Room/VideoGames/TinyTransit_CoverArt.uexp" 2082
"C:/Tidy/TidyPrototype/Content/Assets/Living_Room/VideoGames/Unknown_CoverArt.ubulk" 2083
"C:/Tidy/TidyPrototype/Content/Assets/Living_Room/VideoGames/Unknown_CoverArt.uasset" 2084
"C:/Tidy/TidyPrototype/Content/Assets/Living_Room/VideoGames/Unknown_CoverArt.uexp" 2085
"C:/Tidy/TidyPrototype/Content/Levels/_GENERATED/thoma/KitchenTable_8C836471.ubulk" 2086
"C:/Tidy/TidyPrototype/Content/Levels/_GENERATED/thoma/KitchenTable_8C836471.uasset" 2087
"C:/Tidy/TidyPrototype/Content/Levels/_GENERATED/thoma/KitchenTable_8C836471.uexp" 2088
"C:/Tidy/TidyPrototype/Content/Levels/_GENERATED/thoma/Rectangle_35733B85.ubulk" 2089
"C:/Tidy/TidyPrototype/Content/Levels/_GENERATED/thoma/Rectangle_35733B85.uasset" 2090
"C:/Tidy/TidyPrototype/Content/Levels/_GENERATED/thoma/Rectangle_35733B85.uexp" 2091
"C:/Tidy/TidyPrototype/Content/Assets/MiscHouse/Cube_003.ubulk" 2092
"C:/Tidy/TidyPrototype/Content/Assets/MiscHouse/Cube_003.uasset" 2093
"C:/Tidy/TidyPrototype/Content/Assets/MiscHouse/Cube_003.uexp" 2094
"C:/Tidy/TidyPrototype/Content/Blueprints/Doors/ChineseCabinetDoors/BP_ToiletSeat.uasset" 2095
"C:/Tidy/TidyPrototype/Content/Blueprints/Doors/ChineseCabinetDoors/BP_ToiletSeat.uexp" 2096
"C:/Tidy/TidyPrototype/Content/Assets/WAlls/Walls_COMBINED_initialShadingGroup_BaseColor.ubulk" 2097
"C:/Tidy/TidyPrototype/Content/Assets/WAlls/Walls_COMBINED_initialShadingGroup_BaseColor.uasset" 2098
"C:/Tidy/TidyPrototype/Content/Assets/WAlls/Walls_COMBINED_initialShadingGroup_BaseColor.uexp" 2099
"C:/Tidy/TidyPrototype/Content/Assets/WAlls/Walls_COMBINED_initialShadingGroup_OcclusionRoughnessMetallic.ubulk" 2100
"C:/Tidy/TidyPrototype/Content/Assets/WAlls/Walls_COMBINED_initialShadingGroup_OcclusionRoughnessMetallic.uasset" 2101
"C:/Tidy/TidyPrototype/Content/Assets/WAlls/Walls_COMBINED_initialShadingGroup_OcclusionRoughnessMetallic.uexp" 2102
"C:/Tidy/TidyPrototype/Content/Assets/WAlls/M_WallMat.uasset" 2103
"C:/Tidy/TidyPrototype/Content/Assets/WAlls/M_WallMat.uexp" 2104
"C:/Tidy/TidyPrototype/Content/Levels/_GENERATED/thoma/Boolean_4F567A59.ubulk" 2105
"C:/Tidy/TidyPrototype/Content/Levels/_GENERATED/thoma/Boolean_4F567A59.uasset" 2106
"C:/Tidy/TidyPrototype/Content/Levels/_GENERATED/thoma/Boolean_4F567A59.uexp" 2107
"C:/Tidy/TidyPrototype/Content/Materials/LivingRoom_TextureSheets/Video_Games/Console/Console_ShellBox_initialShadingGroup_BaseColor.ubulk" 2108
"C:/Tidy/TidyPrototype/Content/Materials/LivingRoom_TextureSheets/Video_Games/Console/Console_ShellBox_initialShadingGroup_BaseColor.uasset" 2109
"C:/Tidy/TidyPrototype/Content/Materials/LivingRoom_TextureSheets/Video_Games/Console/Console_ShellBox_initialShadingGroup_BaseColor.uexp" 2110
"C:/Tidy/TidyPrototype/Content/Materials/LivingRoom_TextureSheets/Video_Games/Console/Console_ShellBox_initialShadingGroup_OcclusionRoughnessMetallic.ubulk" 2111
"C:/Tidy/TidyPrototype/Content/Materials/LivingRoom_TextureSheets/Video_Games/Console/Console_ShellBox_initialShadingGroup_OcclusionRoughnessMetallic.uasset" 2112
"C:/Tidy/TidyPrototype/Content/Materials/LivingRoom_TextureSheets/Video_Games/Console/Console_ShellBox_initialShadingGroup_OcclusionRoughnessMetallic.uexp" 2113
"C:/Tidy/TidyPrototype/Content/Materials/LivingRoom_TextureSheets/Video_Games/Console/M_Console_ShellBox.uasset" 2114
"C:/Tidy/TidyPrototype/Content/Materials/LivingRoom_TextureSheets/Video_Games/Console/M_Console_ShellBox.uexp" 2115
"C:/Tidy/TidyPrototype/Content/Materials/LivingRoom_TextureSheets/Video_Games/Controller/Controllers_ShellBox_initialShadingGroup_BaseColor.ubulk" 2116
"C:/Tidy/TidyPrototype/Content/Materials/LivingRoom_TextureSheets/Video_Games/Controller/Controllers_ShellBox_initialShadingGroup_BaseColor.uasset" 2117
"C:/Tidy/TidyPrototype/Content/Materials/LivingRoom_TextureSheets/Video_Games/Controller/Controllers_ShellBox_initialShadingGroup_BaseColor.uexp" 2118
"C:/Tidy/TidyPrototype/Content/Materials/LivingRoom_TextureSheets/Video_Games/Controller/Controllers_ShellBox_initialShadingGroup_OcclusionRoughnessMetallic.ubulk" 2119
"C:/Tidy/TidyPrototype/Content/Materials/LivingRoom_TextureSheets/Video_Games/Controller/Controllers_ShellBox_initialShadingGroup_OcclusionRoughnessMetallic.uasset" 2120
"C:/Tidy/TidyPrototype/Content/Materials/LivingRoom_TextureSheets/Video_Games/Controller/Controllers_ShellBox_initialShadingGroup_OcclusionRoughnessMetallic.uexp" 2121
"C:/Tidy/TidyPrototype/Content/Materials/LivingRoom_TextureSheets/Video_Games/Controller/M_Controller_ShellBox.uasset" 2122
"C:/Tidy/TidyPrototype/Content/Materials/LivingRoom_TextureSheets/Video_Games/Controller/M_Controller_ShellBox.uexp" 2123
"C:/Tidy/TidyPrototype/Content/Materials/LivingRoom_TextureSheets/Video_Games/GameCase/UV_Texture_Square_standardSurface1_BaseColor.ubulk" 2124
"C:/Tidy/TidyPrototype/Content/Materials/LivingRoom_TextureSheets/Video_Games/GameCase/UV_Texture_Square_standardSurface1_BaseColor.uasset" 2125
"C:/Tidy/TidyPrototype/Content/Materials/LivingRoom_TextureSheets/Video_Games/GameCase/UV_Texture_Square_standardSurface1_BaseColor.uexp" 2126
"C:/Tidy/TidyPrototype/Content/Materials/LivingRoom_TextureSheets/Video_Games/GameCase/UV_Texture_Square_standardSurface1_OcclusionRoughnessMetallic.ubulk" 2127
"C:/Tidy/TidyPrototype/Content/Materials/LivingRoom_TextureSheets/Video_Games/GameCase/UV_Texture_Square_standardSurface1_OcclusionRoughnessMetallic.uasset" 2128
"C:/Tidy/TidyPrototype/Content/Materials/LivingRoom_TextureSheets/Video_Games/GameCase/UV_Texture_Square_standardSurface1_OcclusionRoughnessMetallic.uexp" 2129
"C:/Tidy/TidyPrototype/Content/Materials/LivingRoom_TextureSheets/Video_Games/GameCase/M_GameCovers.uasset" 2130
"C:/Tidy/TidyPrototype/Content/Materials/LivingRoom_TextureSheets/Video_Games/GameCase/M_GameCovers.uexp" 2131
"../../../Engine/Content/EngineMaterials/DefaultBloomKernel.uasset" 2132
"../../../Engine/Content/EngineMaterials/DefaultBloomKernel.uexp" 2133
"../../../Engine/Content/EngineMaterials/DefaultBokeh.uasset" 2134
"../../../Engine/Content/EngineMaterials/DefaultBokeh.uexp" 2135
"../../../Engine/Content/EngineMaterials/DefaultDeferredDecalMaterial.uasset" 2136
"../../../Engine/Content/EngineMaterials/DefaultDeferredDecalMaterial.uexp" 2137
"../../../Engine/Content/EngineMaterials/DefaultLightFunctionMaterial.uasset" 2138
"../../../Engine/Content/EngineMaterials/DefaultLightFunctionMaterial.uexp" 2139
"../../../Engine/Content/EngineMaterials/DefaultPostProcessMaterial.uasset" 2140
"../../../Engine/Content/EngineMaterials/DefaultPostProcessMaterial.uexp" 2141
"../../../Engine/Content/EngineFonts/RobotoDistanceField.uasset" 2142
"../../../Engine/Content/EngineFonts/RobotoDistanceField.uexp" 2143
"../../../Engine/Content/EngineMaterials/DefaultTextMaterialOpaque.uasset" 2144
"../../../Engine/Content/EngineMaterials/DefaultTextMaterialOpaque.uexp" 2145
"../../../Engine/Content/EngineMaterials/DefaultWhiteGrid.ubulk" 2146
"../../../Engine/Content/EngineMaterials/DefaultWhiteGrid.uasset" 2147
"../../../Engine/Content/EngineMaterials/DefaultWhiteGrid.uexp" 2148
"../../../Engine/Content/EngineMaterials/DefaultWhiteGrid_Low.uasset" 2149
"../../../Engine/Content/EngineMaterials/DefaultWhiteGrid_Low.uexp" 2150
"../../../Engine/Content/EngineMaterials/EmissiveMeshMaterial.uasset" 2151
"../../../Engine/Content/EngineMaterials/EmissiveMeshMaterial.uexp" 2152
"../../../Engine/Content/EngineMaterials/FastBlueNoise_scalar_128x128x64.uasset" 2153
"../../../Engine/Content/EngineMaterials/FastBlueNoise_scalar_128x128x64.uexp" 2154
"../../../Engine/Content/EngineMaterials/FastBlueNoise_scalar_128x128x8.uasset" 2155
"../../../Engine/Content/EngineMaterials/FastBlueNoise_scalar_128x128x8.uexp" 2156
"../../../Engine/Content/EngineMaterials/FastBlueNoise_vec2_128x128x64.uasset" 2157
"../../../Engine/Content/EngineMaterials/FastBlueNoise_vec2_128x128x64.uexp" 2158
"../../../Engine/Content/EngineMaterials/BaseFlattenDiffuseMap.uasset" 2159
"../../../Engine/Content/EngineMaterials/BaseFlattenDiffuseMap.uexp" 2160
"../../../Engine/Content/EngineMaterials/BaseFlattenEmissiveMap.uasset" 2161
"../../../Engine/Content/EngineMaterials/BaseFlattenEmissiveMap.uexp" 2162
"../../../Engine/Content/EngineMaterials/BaseFlattenGrayscaleMap.uasset" 2163
"../../../Engine/Content/EngineMaterials/BaseFlattenGrayscaleMap.uexp" 2164
"../../../Engine/Content/EngineMaterials/BaseFlattenNormalMap.uasset" 2165
"../../../Engine/Content/EngineMaterials/BaseFlattenNormalMap.uexp" 2166
"../../../Engine/Content/Functions/Engine_MaterialFunctions02/PivotPainter2/Black_1x1_EXR_Texture.uasset" 2167
"../../../Engine/Content/Functions/Engine_MaterialFunctions02/PivotPainter2/Black_1x1_EXR_Texture.uexp" 2168
"../../../Engine/Content/EngineMaterials/FlattenMaterial.uasset" 2169
"../../../Engine/Content/EngineMaterials/FlattenMaterial.uexp" 2170
"../../../Engine/Content/EngineMaterials/BaseFlattenDiffuseMap_VT.ubulk" 2171
"../../../Engine/Content/EngineMaterials/BaseFlattenDiffuseMap_VT.uasset" 2172
"../../../Engine/Content/EngineMaterials/BaseFlattenDiffuseMap_VT.uexp" 2173
"../../../Engine/Content/EngineMaterials/BaseFlattenEmissiveMap_VT.ubulk" 2174
"../../../Engine/Content/EngineMaterials/BaseFlattenEmissiveMap_VT.uasset" 2175
"../../../Engine/Content/EngineMaterials/BaseFlattenEmissiveMap_VT.uexp" 2176
"../../../Engine/Content/EngineMaterials/BaseFlattenGrayscaleMap_VT.ubulk" 2177
"../../../Engine/Content/EngineMaterials/BaseFlattenGrayscaleMap_VT.uasset" 2178
"../../../Engine/Content/EngineMaterials/BaseFlattenGrayscaleMap_VT.uexp" 2179
"../../../Engine/Content/EngineMaterials/BaseFlattenLinearColor_VT.ubulk" 2180
"../../../Engine/Content/EngineMaterials/BaseFlattenLinearColor_VT.uasset" 2181
"../../../Engine/Content/EngineMaterials/BaseFlattenLinearColor_VT.uexp" 2182
"../../../Engine/Content/EngineMaterials/BaseFlattenNormalMap_VT.ubulk" 2183
"../../../Engine/Content/EngineMaterials/BaseFlattenNormalMap_VT.uasset" 2184
"../../../Engine/Content/EngineMaterials/BaseFlattenNormalMap_VT.uexp" 2185
"../../../Engine/Content/EngineMaterials/Black_1x1_EXR_Texture_VT.ubulk" 2186
"../../../Engine/Content/EngineMaterials/Black_1x1_EXR_Texture_VT.uasset" 2187
"../../../Engine/Content/EngineMaterials/Black_1x1_EXR_Texture_VT.uexp" 2188
"../../../Engine/Content/EngineMaterials/FlattenMaterial_VT.uasset" 2189
"../../../Engine/Content/EngineMaterials/FlattenMaterial_VT.uexp" 2190
"../../../Engine/Content/EngineMaterials/FlattenMaterial_WS_Normal_VT.uasset" 2191
"../../../Engine/Content/EngineMaterials/FlattenMaterial_WS_Normal_VT.uexp" 2192
"../../../Engine/Content/EngineMaterials/GizmoMaterial.uasset" 2193
"../../../Engine/Content/EngineMaterials/GizmoMaterial.uexp" 2194
"../../../Engine/Content/EngineMaterials/MiniFont.uasset" 2195
"../../../Engine/Content/EngineMaterials/MiniFont.uexp" 2196
"../../../Engine/Content/EngineMaterials/InvalidLightmapSettings.ubulk" 2197
"../../../Engine/Content/EngineMaterials/InvalidLightmapSettings.uasset" 2198
"../../../Engine/Content/EngineMaterials/InvalidLightmapSettings.uexp" 2199
"../../../Engine/Content/EngineMaterials/M_InvalidLightmapSettings.uasset" 2200
"../../../Engine/Content/EngineMaterials/M_InvalidLightmapSettings.uexp" 2201
"../../../Engine/Content/EngineMaterials/NaniteHiddenSectionMaterial.uasset" 2202
"../../../Engine/Content/EngineMaterials/NaniteHiddenSectionMaterial.uexp" 2203
"../../../Engine/Content/EngineMaterials/PhAT_JointLimitMaterial.uasset" 2204
"../../../Engine/Content/EngineMaterials/PhAT_JointLimitMaterial.uexp" 2205
"../../../Engine/Content/EngineMaterials/DefaultCalibrationColor.uasset" 2206
"../../../Engine/Content/EngineMaterials/DefaultCalibrationColor.uexp" 2207
"../../../Engine/Content/EngineMaterials/PPM_DefaultCalibrationColor.uasset" 2208
"../../../Engine/Content/EngineMaterials/PPM_DefaultCalibrationColor.uexp" 2209
"../../../Engine/Content/EngineMaterials/DefaultCalibrationGrayscale.uasset" 2210
"../../../Engine/Content/EngineMaterials/DefaultCalibrationGrayscale.uexp" 2211
"../../../Engine/Content/EngineMaterials/PPM_DefaultCalibrationGrayscale.uasset" 2212
"../../../Engine/Content/EngineMaterials/PPM_DefaultCalibrationGrayscale.uexp" 2213
"../../../Engine/Content/EngineMaterials/PreintegratedSkinBRDF.uasset" 2214
"../../../Engine/Content/EngineMaterials/PreintegratedSkinBRDF.uexp" 2215
"../../../Engine/Content/EngineMaterials/RemoveSurfaceMaterial.uasset" 2216
"../../../Engine/Content/EngineMaterials/RemoveSurfaceMaterial.uexp" 2217
"../../../Engine/Content/EngineMaterials/SMAAAreaTex.uasset" 2218
"../../../Engine/Content/EngineMaterials/SMAAAreaTex.uexp" 2219
"../../../Engine/Content/EngineMaterials/SMAASearchTex.uasset" 2220
"../../../Engine/Content/EngineMaterials/SMAASearchTex.uexp" 2221
"../../../Engine/Content/EngineMaterials/WeightMapPlaceholderTexture.uasset" 2222
"../../../Engine/Content/EngineMaterials/WeightMapPlaceholderTexture.uexp" 2223
"../../../Engine/Content/EngineMaterials/WeightMapArrayPlaceholderTexture.uasset" 2224
"../../../Engine/Content/EngineMaterials/WeightMapArrayPlaceholderTexture.uexp" 2225
"../../../Engine/Content/EngineResources/WhiteSquareTexture.uasset" 2226
"../../../Engine/Content/EngineResources/WhiteSquareTexture.uexp" 2227
"../../../Engine/Content/EngineMaterials/Widget3DPassThrough.uasset" 2228
"../../../Engine/Content/EngineMaterials/Widget3DPassThrough.uexp" 2229
"../../../Engine/Content/EngineMaterials/Widget3DPassThrough_Masked.uasset" 2230
"../../../Engine/Content/EngineMaterials/Widget3DPassThrough_Masked.uexp" 2231
"../../../Engine/Content/EngineMaterials/Widget3DPassThrough_Opaque.uasset" 2232
"../../../Engine/Content/EngineMaterials/Widget3DPassThrough_Opaque.uexp" 2233
"../../../Engine/Content/EngineMaterials/Widget3DPassThrough_Masked_OneSided.uasset" 2234
"../../../Engine/Content/EngineMaterials/Widget3DPassThrough_Masked_OneSided.uexp" 2235
"../../../Engine/Content/EngineMaterials/Widget3DPassThrough_Opaque_OneSided.uasset" 2236
"../../../Engine/Content/EngineMaterials/Widget3DPassThrough_Opaque_OneSided.uexp" 2237
"../../../Engine/Content/EngineMaterials/Widget3DPassThrough_Translucent.uasset" 2238
"../../../Engine/Content/EngineMaterials/Widget3DPassThrough_Translucent.uexp" 2239
"../../../Engine/Content/EngineMaterials/Widget3DPassThrough_Translucent_OneSided.uasset" 2240
"../../../Engine/Content/EngineMaterials/Widget3DPassThrough_Translucent_OneSided.uexp" 2241
"C:/Tidy/TidyPrototype/Content/Input/Actions/ChangeMess1.uasset" 2242
"C:/Tidy/TidyPrototype/Content/Input/Actions/ChangeMess1.uexp" 2243
"C:/Tidy/TidyPrototype/Content/Input/Actions/ChangeMess2.uasset" 2244
"C:/Tidy/TidyPrototype/Content/Input/Actions/ChangeMess2.uexp" 2245
"C:/Tidy/TidyPrototype/Content/Input/Actions/ResetMess.uasset" 2246
"C:/Tidy/TidyPrototype/Content/Input/Actions/ResetMess.uexp" 2247
"C:/Tidy/TidyPrototype/Content/IMC_Menu.uasset" 2248
"C:/Tidy/TidyPrototype/Content/IMC_Menu.uexp" 2249
"C:/Tidy/TidyPrototype/Content/Audio/Main_Menu_Full_OST.ubulk" 2250
"C:/Tidy/TidyPrototype/Content/Audio/Main_Menu_Full_OST.uasset" 2251
"C:/Tidy/TidyPrototype/Content/Audio/Main_Menu_Full_OST.uexp" 2252
"C:/Tidy/TidyPrototype/Content/Blueprints/BP_MusicManager.uasset" 2253
"C:/Tidy/TidyPrototype/Content/Blueprints/BP_MusicManager.uexp" 2254
"../../../Engine/Content/EditorMeshes/EditorCube.ubulk" 2255
"../../../Engine/Content/EditorMeshes/EditorCube.uasset" 2256
"../../../Engine/Content/EditorMeshes/EditorCube.uexp" 2257
"../../../Engine/Content/ArtTools/RenderToTexture/Blueprints/PhysMesh.uasset" 2258
"../../../Engine/Content/ArtTools/RenderToTexture/Blueprints/PhysMesh.uexp" 2259
"../../../Engine/Content/ArtTools/RenderToTexture/Blueprints/TilingMesh.uasset" 2260
"../../../Engine/Content/ArtTools/RenderToTexture/Blueprints/TilingMesh.uexp" 2261
"../../../Engine/Content/ArtTools/RenderToTexture/Enums/RenderToTexture_Enum.uasset" 2262
"../../../Engine/Content/ArtTools/RenderToTexture/Enums/RenderToTexture_Enum.uexp" 2263
"../../../Engine/Content/ArtTools/RenderToTexture/Enums/RenderToTexture_Imposter_Enum.uasset" 2264
"../../../Engine/Content/ArtTools/RenderToTexture/Enums/RenderToTexture_Imposter_Enum.uexp" 2265
"../../../Engine/Content/ArtTools/RenderToTexture/Enums/EFloatTypes.uasset" 2266
"../../../Engine/Content/ArtTools/RenderToTexture/Enums/EFloatTypes.uexp" 2267
"../../../Engine/Content/ArtTools/RenderToTexture/Enums/EIntTypes.uasset" 2268
"../../../Engine/Content/ArtTools/RenderToTexture/Enums/EIntTypes.uexp" 2269
"../../../Engine/Content/ArtTools/RenderToTexture/Macros/RenderToTextureMacros.uasset" 2270
"../../../Engine/Content/ArtTools/RenderToTexture/Macros/RenderToTextureMacros.uexp" 2271
"../../../Engine/Content/ArtTools/RenderToTexture/Materials/MPC_R2T.uasset" 2272
"../../../Engine/Content/ArtTools/RenderToTexture/Materials/MPC_R2T.uexp" 2273
"../../../Engine/Content/ArtTools/RenderToTexture/Materials/M_BackgroundCard_01.uasset" 2274
"../../../Engine/Content/ArtTools/RenderToTexture/Materials/M_BackgroundCard_01.uexp" 2275
"../../../Engine/Content/ArtTools/RenderToTexture/Materials/M_RadiusDebugTranslucent.uasset" 2276
"../../../Engine/Content/ArtTools/RenderToTexture/Materials/M_RadiusDebugTranslucent.uexp" 2277
"../../../Engine/Content/ArtTools/RenderToTexture/Textures/127grey.uasset" 2278
"../../../Engine/Content/ArtTools/RenderToTexture/Textures/127grey.uexp" 2279
"../../../Engine/Content/ArtTools/RenderToTexture/MaterialFunctions/MarkRedOutside0-1Range.uasset" 2280
"../../../Engine/Content/ArtTools/RenderToTexture/MaterialFunctions/MarkRedOutside0-1Range.uexp" 2281
"../../../Engine/Content/Functions/Engine_MaterialFunctions02/Math/CreateThirdOrthogonalVector.uasset" 2282
"../../../Engine/Content/Functions/Engine_MaterialFunctions02/Math/CreateThirdOrthogonalVector.uexp" 2283
"../../../Engine/Content/Functions/Engine_MaterialFunctions02/Math/InverseTransformMatrix.uasset" 2284
"../../../Engine/Content/Functions/Engine_MaterialFunctions02/Math/InverseTransformMatrix.uexp" 2285
"../../../Engine/Content/Functions/Engine_MaterialFunctions02/Math/TransformToZVector.uasset" 2286
"../../../Engine/Content/Functions/Engine_MaterialFunctions02/Math/TransformToZVector.uexp" 2287
"../../../Engine/Content/ArtTools/RenderToTexture/Materials/M_RenderCustomHeightmap_01.uasset" 2288
"../../../Engine/Content/ArtTools/RenderToTexture/Materials/M_RenderCustomHeightmap_01.uexp" 2289
"../../../Engine/Content/ArtTools/RenderToTexture/MaterialFunctions/BoundingSphere_LightTransform.uasset" 2290
"../../../Engine/Content/ArtTools/RenderToTexture/MaterialFunctions/BoundingSphere_LightTransform.uexp" 2291
"../../../Engine/Content/EngineVolumetrics/Fogsheet/Materials/T_EV_BlankWhite_01.uasset" 2292
"../../../Engine/Content/EngineVolumetrics/Fogsheet/Materials/T_EV_BlankWhite_01.uexp" 2293
"../../../Engine/Content/ArtTools/RenderToTexture/Materials/M_RenderNormalizedDepth_01.uasset" 2294
"../../../Engine/Content/ArtTools/RenderToTexture/Materials/M_RenderNormalizedDepth_01.uexp" 2295
"../../../Engine/Content/ArtTools/RenderToTexture/Materials/M_RenderNormalizedDepth_01_Inst.uasset" 2296
"../../../Engine/Content/ArtTools/RenderToTexture/Materials/M_RenderNormalizedDepth_01_Inst.uexp" 2297
"../../../Engine/Content/ArtTools/RenderToTexture/Textures/TilingTexturePreview.uasset" 2298
"../../../Engine/Content/ArtTools/RenderToTexture/Textures/TilingTexturePreview.uexp" 2299
"../../../Engine/Content/ArtTools/RenderToTexture/Materials/M_TilingPreviewMat_01.uasset" 2300
"../../../Engine/Content/ArtTools/RenderToTexture/Materials/M_TilingPreviewMat_01.uexp" 2301
"../../../Engine/Content/ArtTools/RenderToTexture/Materials/M_UnlitText_01.uasset" 2302
"../../../Engine/Content/ArtTools/RenderToTexture/Materials/M_UnlitText_01.uexp" 2303
"../../../Engine/Content/ArtTools/RenderToTexture/Meshes/S_1_Unit_Plane.ubulk" 2304
"../../../Engine/Content/ArtTools/RenderToTexture/Meshes/S_1_Unit_Plane.uasset" 2305
"../../../Engine/Content/ArtTools/RenderToTexture/Meshes/S_1_Unit_Plane.uexp" 2306
"../../../Engine/Content/ArtTools/RenderToTexture/Meshes/S_1_Unit_Sphere.ubulk" 2307
"../../../Engine/Content/ArtTools/RenderToTexture/Meshes/S_1_Unit_Sphere.uasset" 2308
"../../../Engine/Content/ArtTools/RenderToTexture/Meshes/S_1_Unit_Sphere.uexp" 2309
"../../../Engine/Content/ArtTools/RenderToTexture/Textures/T_EV_BlankWhite_01.uasset" 2310
"../../../Engine/Content/ArtTools/RenderToTexture/Textures/T_EV_BlankWhite_01.uexp" 2311
"../../../Engine/Content/ArtTools/RenderToTexture/Materials/Debug/M_Emissive_Color.uasset" 2312
"../../../Engine/Content/ArtTools/RenderToTexture/Materials/Debug/M_Emissive_Color.uexp" 2313
"../../../Engine/Content/ArtTools/RenderToTexture/Materials/Debug/M_Emissive_Color_127-127-0.uasset" 2314
"../../../Engine/Content/ArtTools/RenderToTexture/Materials/Debug/M_Emissive_Color_127-127-0.uexp" 2315
"../../../Engine/Content/Functions/Engine_MaterialFunctions02/Texturing/FlipBook_MotionVectors.uasset" 2316
"../../../Engine/Content/Functions/Engine_MaterialFunctions02/Texturing/FlipBook_MotionVectors.uexp" 2317
"../../../Engine/Content/ArtTools/RenderToTexture/Materials/Flipbooks/M_FlipbookPreview_01.uasset" 2318
"../../../Engine/Content/ArtTools/RenderToTexture/Materials/Flipbooks/M_FlipbookPreview_01.uexp" 2319
"../../../Engine/Content/ArtTools/RenderToTexture/Materials/Flipbooks/M_FlipbookPreview_01_Inst.uasset" 2320
"../../../Engine/Content/ArtTools/RenderToTexture/Materials/Flipbooks/M_FlipbookPreview_01_Inst.uexp" 2321
"../../../Engine/Content/ArtTools/RenderToTexture/Textures/FlipbookMotionVectors/Position1.uasset" 2322
"../../../Engine/Content/ArtTools/RenderToTexture/Textures/FlipbookMotionVectors/Position1.uexp" 2323
"../../../Engine/Content/ArtTools/RenderToTexture/MaterialFunctions/DiffMotionVectors.uasset" 2324
"../../../Engine/Content/ArtTools/RenderToTexture/MaterialFunctions/DiffMotionVectors.uexp" 2325
"../../../Engine/Content/ArtTools/RenderToTexture/MaterialFunctions/FlipbookWind.uasset" 2326
"../../../Engine/Content/ArtTools/RenderToTexture/MaterialFunctions/FlipbookWind.uexp" 2327
"../../../Engine/Content/ArtTools/RenderToTexture/MaterialFunctions/OrthoFOV.uasset" 2328
"../../../Engine/Content/ArtTools/RenderToTexture/MaterialFunctions/OrthoFOV.uexp" 2329
"../../../Engine/Content/Functions/Engine_MaterialFunctions02/Utility/Sign.uasset" 2330
"../../../Engine/Content/Functions/Engine_MaterialFunctions02/Utility/Sign.uexp" 2331
"../../../Engine/Content/Functions/Engine_MaterialFunctions02/Utility/Round.uasset" 2332
"../../../Engine/Content/Functions/Engine_MaterialFunctions02/Utility/Round.uexp" 2333
"../../../Engine/Content/Functions/Engine_MaterialFunctions02/Texturing/FlipBook_UniformNonUniform.uasset" 2334
"../../../Engine/Content/Functions/Engine_MaterialFunctions02/Texturing/FlipBook_UniformNonUniform.uexp" 2335
"../../../Engine/Content/ArtTools/RenderToTexture/Materials/Flipbooks/M_RenderMotionVectors.uasset" 2336
"../../../Engine/Content/ArtTools/RenderToTexture/Materials/Flipbooks/M_RenderMotionVectors.uexp" 2337
"../../../Engine/Content/ArtTools/RenderToTexture/Materials/Flipbooks/M_RenderMotionVectors_Inst.uasset" 2338
"../../../Engine/Content/ArtTools/RenderToTexture/Materials/Flipbooks/M_RenderMotionVectors_Inst.uexp" 2339
"../../../Engine/Content/ArtTools/RenderToTexture/Materials/Flipbooks/M_RenderMotionVectors_Applied.uasset" 2340
"../../../Engine/Content/ArtTools/RenderToTexture/Materials/Flipbooks/M_RenderMotionVectors_Applied.uexp" 2341
"../../../Engine/Content/ArtTools/RenderToTexture/Materials/Flipbooks/M_RenderMotionVectors_Applied_Imposter.uasset" 2342
"../../../Engine/Content/ArtTools/RenderToTexture/Materials/Flipbooks/M_RenderMotionVectors_Applied_Imposter.uexp" 2343
"../../../Engine/Content/EngineMaterials/FlatNormal.uasset" 2344
"../../../Engine/Content/EngineMaterials/FlatNormal.uexp" 2345
"../../../Engine/Content/Functions/Engine_MaterialFunctions02/Utility/VectorToRadialValue.uasset" 2346
"../../../Engine/Content/Functions/Engine_MaterialFunctions02/Utility/VectorToRadialValue.uexp" 2347
"../../../Engine/Content/ArtTools/RenderToTexture/MaterialFunctions/FoliageZRotation.uasset" 2348
"../../../Engine/Content/ArtTools/RenderToTexture/MaterialFunctions/FoliageZRotation.uexp" 2349
"../../../Engine/Content/Functions/Engine_MaterialFunctions02/Math/Pi.uasset" 2350
"../../../Engine/Content/Functions/Engine_MaterialFunctions02/Math/Pi.uexp" 2351
"../../../Engine/Content/ArtTools/RenderToTexture/MaterialFunctions/ImposterUVs.uasset" 2352
"../../../Engine/Content/ArtTools/RenderToTexture/MaterialFunctions/ImposterUVs.uexp" 2353
"../../../Engine/Content/ArtTools/RenderToTexture/MaterialFunctions/Imposter_MotionVectors.uasset" 2354
"../../../Engine/Content/ArtTools/RenderToTexture/MaterialFunctions/Imposter_MotionVectors.uexp" 2355
"../../../Engine/Content/Functions/Engine_MaterialFunctions01/WorldPositionOffset/FoliageScaleFactor.uasset" 2356
"../../../Engine/Content/Functions/Engine_MaterialFunctions01/WorldPositionOffset/FoliageScaleFactor.uexp" 2357
"../../../Engine/Content/ArtTools/RenderToTexture/Materials/Imposters/M_ImposterTest_01.uasset" 2358
"../../../Engine/Content/ArtTools/RenderToTexture/Materials/Imposters/M_ImposterTest_01.uexp" 2359
"../../../Engine/Content/ArtTools/RenderToTexture/Materials/Imposters/M_ImposterTest_01_Inst.uasset" 2360
"../../../Engine/Content/ArtTools/RenderToTexture/Materials/Imposters/M_ImposterTest_01_Inst.uexp" 2361
"../../../Engine/Content/ArtTools/RenderToTexture/Materials/Imposters/M_ImposterTest_01_Inst_SingleAxis.uasset" 2362
"../../../Engine/Content/ArtTools/RenderToTexture/Materials/Imposters/M_ImposterTest_01_Inst_SingleAxis.uexp" 2363
"../../../Engine/Content/ArtTools/RenderToTexture/Blueprints/RenderToTexture_LevelBP.uasset" 2364
"../../../Engine/Content/ArtTools/RenderToTexture/Blueprints/RenderToTexture_LevelBP.uexp" 2365
"../../../Engine/Content/ArtTools/RenderToTexture/Blueprints/RenderToTexture_Pawn.uasset" 2366
"../../../Engine/Content/ArtTools/RenderToTexture/Blueprints/RenderToTexture_Pawn.uexp" 2367
"../../../Engine/Content/ArtTools/RenderToTexture/Blueprints/RenderToTexture_Game.uasset" 2368
"../../../Engine/Content/ArtTools/RenderToTexture/Blueprints/RenderToTexture_Game.uexp" 2369
"C:/Tidy/TidyPrototype/Content/Blueprints/GM_Menu.uasset" 2370
"C:/Tidy/TidyPrototype/Content/Blueprints/GM_Menu.uexp" 2371
"C:/Tidy/TidyPrototype/Content/Tidy_Backk.uasset" 2372
"C:/Tidy/TidyPrototype/Content/Tidy_Backk.uexp" 2373
"C:/Tidy/TidyPrototype/Content/GUI/Intro/introSeq0.uasset" 2374
"C:/Tidy/TidyPrototype/Content/GUI/Intro/introSeq0.uexp" 2375
"C:/Tidy/TidyPrototype/Content/GUI/Intro/introSeq1.uasset" 2376
"C:/Tidy/TidyPrototype/Content/GUI/Intro/introSeq1.uexp" 2377
"C:/Tidy/TidyPrototype/Content/GUI/Intro/introSeq2.uasset" 2378
"C:/Tidy/TidyPrototype/Content/GUI/Intro/introSeq2.uexp" 2379
"C:/Tidy/TidyPrototype/Content/GUI/Intro/phoneBack.uasset" 2380
"C:/Tidy/TidyPrototype/Content/GUI/Intro/phoneBack.uexp" 2381
"C:/Tidy/TidyPrototype/Content/GUI/Title/UI_VacuumCord_Attacteched.uasset" 2382
"C:/Tidy/TidyPrototype/Content/GUI/Title/UI_VacuumCord_Attacteched.uexp" 2383
"C:/Tidy/TidyPrototype/Content/GUI/Title/New/TitleScreen_Png.uasset" 2384
"C:/Tidy/TidyPrototype/Content/GUI/Title/New/TitleScreen_Png.uexp" 2385
"C:/Tidy/TidyPrototype/Content/GUI/WBP_Menu.uasset" 2386
"C:/Tidy/TidyPrototype/Content/GUI/WBP_Menu.uexp" 2387
"C:/Tidy/TidyPrototype/Content/Levels/Menu.uexp" 2388
"C:/Tidy/TidyPrototype/Content/Levels/Menu.umap" 2389
"C:/Tidy/TidyPrototype/Content/Levels/Prototype1_NewWalls.uexp" 2390
"C:/Tidy/TidyPrototype/Content/Levels/Prototype1_NewWalls.umap" 2391
"../../../Engine/Content/Maps/Entry_BuiltData.uasset" 2392
"../../../Engine/Content/Maps/Entry_BuiltData.uexp" 2393
"../../../Engine/Content/Maps/Entry.uexp" 2394
"../../../Engine/Content/Maps/Entry.umap" 2395
