"C:/Tidy/TidyPrototype/TidyPrototype.uproject" 1
"../../../Engine/Plugins/AudioGameplayVolume/AudioGameplayVolume.uplugin" 2
"../../../Engine/Plugins/ChaosCloth/ChaosCloth.uplugin" 3
"../../../Engine/Plugins/BaseMaterial/BaseMaterial.uplugin" 4
"../../../Engine/Plugins/ChaosInsights/ChaosInsights.uplugin" 5
"../../../Engine/Plugins/CmdLinkServer/CmdLinkServer.uplugin" 6
"../../../Engine/Plugins/BlueprintFileUtils/BlueprintFileUtils.uplugin" 7
"../../../Engine/Plugins/AudioInsights/AudioInsights.uplugin" 8
"../../../Engine/Plugins/ChaosClothAssetEditor/ChaosClothAssetEditor.uplugin" 9
"../../../Engine/Plugins/Chooser/Chooser.uplugin" 10
"../../../Engine/Plugins/JsonBlueprintUtilities/JsonBlueprintUtilities.uplugin" 11
"../../../Engine/Plugins/IoStoreInsights/IoStoreInsights.uplugin" 12
"../../../Engine/Plugins/LightWeightInstancesEditor/LightWeightInstancesEditor.uplugin" 13
"../../../Engine/Plugins/MassInsights/MassInsights.uplugin" 14
"../../../Engine/Plugins/MemoryUsageQueries/MemoryUsageQueries.uplugin" 15
"../../../Engine/Plugins/MeshPainting/MeshPainting.uplugin" 16
"../../../Engine/Plugins/ChaosClothAsset/ChaosClothAsset.uplugin" 17
"../../../Engine/Plugins/DiscoveryBeaconReceiver/DiscoveryBeaconReceiver.uplugin" 18
"../../../Engine/Plugins/EnhancedInput/EnhancedInput.uplugin" 19
"../../../Engine/Plugins/AudioGameplay/AudioGameplay.uplugin" 20
"../../../Engine/Plugins/PCG/PCG.uplugin" 21
"../../../Engine/Plugins/FastBuildController/FastBuildController.uplugin" 22
"../../../Engine/Plugins/TextureGraph/TextureGraph.uplugin" 23
"../../../Engine/Plugins/Mutable/Mutable.uplugin" 24
"../../../Engine/Plugins/WorldMetrics/WorldMetrics.uplugin" 25
"../../../Engine/Plugins/ScriptPlugin/ScriptPlugin.uplugin" 26
"../../../Engine/Plugins/UbaController/UbaController.uplugin" 27
"../../../Engine/Plugins/ChaosVD/ChaosVD.uplugin" 28
"../../../Engine/Plugins/AI/AISupport/AISupport.uplugin" 29
"../../../Engine/Plugins/AI/EnvironmentQueryEditor/EnvironmentQueryEditor.uplugin" 30
"../../../Engine/Plugins/XGEController/XGEController.uplugin" 31
"../../../Engine/Plugins/TraceUtilities/TraceUtilities.uplugin" 32
"../../../Engine/Plugins/AI/MassAI/MassAI.uplugin" 33
"../../../Engine/Plugins/AI/MLAdapter/MLAdapter.uplugin" 34
"../../../Engine/Plugins/AI/MassCrowd/MassCrowd.uplugin" 35
"../../../Engine/Plugins/Compositing/HoldoutComposite/HoldoutComposite.uplugin" 36
"../../../Engine/Plugins/Compositing/CompositeCore/CompositeCore.uplugin" 37
"../../../Engine/Plugins/Compositing/LensDistortion/LensDistortion.uplugin" 38
"../../../Engine/Plugins/Compositing/Composite/Composite.uplugin" 39
"../../../Engine/Plugins/Compositing/OpenColorIO/OpenColorIO.uplugin" 40
"../../../Engine/Plugins/Compositing/OpenCVLensDistortion/OpenCVLensDistortion.uplugin" 41
"../../../Engine/Plugins/Editor/BlueprintMaterialTextureNodes/BlueprintMaterialTextureNodes.uplugin" 42
"../../../Engine/Plugins/Editor/ConsoleVariablesEditor/ConsoleVariables.uplugin" 43
"../../../Engine/Plugins/Editor/AssetReferenceRestrictions/AssetReferenceRestrictions.uplugin" 44
"../../../Engine/Plugins/Editor/AssetSearch/AssetSearch.uplugin" 45
"../../../Engine/Plugins/Editor/ColorGrading/ColorGrading.uplugin" 46
"../../../Engine/Plugins/Editor/ChangelistReview/ChangelistReview.uplugin" 47
"../../../Engine/Plugins/Editor/AssetRegistryExport/AssetRegistryExport.uplugin" 48
"../../../Engine/Plugins/Editor/DataValidation/DataValidation.uplugin" 49
"../../../Engine/Plugins/Compositing/Composure/Composure.uplugin" 50
"../../../Engine/Plugins/Editor/EditorScriptingUtilities/EditorScriptingUtilities.uplugin" 51
"../../../Engine/Plugins/Editor/DisplayClusterLaunch/DisplayClusterLaunch.uplugin" 52
"../../../Engine/Plugins/Editor/EditorDebugTools/EditorDebugTools.uplugin" 53
"../../../Engine/Plugins/Editor/AssetManagerEditor/AssetManagerEditor.uplugin" 54
"../../../Engine/Plugins/Editor/EditorSysConfigAssistant/EditorSysConfigAssistant.uplugin" 55
"../../../Engine/Plugins/RenderGraphInsights/RenderGraphInsights.uplugin" 56
"../../../Engine/Plugins/Editor/EngineAssetDefinitions/EngineAssetDefinitions.uplugin" 57
"../../../Engine/Plugins/Editor/GuidedTutorials/GuidedTutorials.uplugin" 58
"../../../Engine/Plugins/Editor/CurveEditorTools/CurveEditorTools.uplugin" 59
"../../../Engine/Plugins/Editor/MacGraphicsSwitching/MacGraphicsSwitching.uplugin" 60
"../../../Engine/Plugins/Editor/LiveUpdateForSlate/LiveUpdateForSlate.uplugin" 61
"../../../Engine/Plugins/Editor/GeometryMode/GeometryMode.uplugin" 62
"../../../Engine/Plugins/Editor/MobileLauncherProfileWizard/MobileLauncherProfileWizard.uplugin" 63
"../../../Engine/Plugins/Editor/MakeCookedEditorAsDLC/MakeCookedEditorAsDLC.uplugin" 64
"../../../Engine/Plugins/Editor/FacialAnimation/FacialAnimation.uplugin" 65
"../../../Engine/Plugins/Editor/MaterialAnalyzer/MaterialAnalyzer.uplugin" 66
"../../../Engine/Plugins/Editor/MeshLODToolset/MeshLODToolset.uplugin" 67
"../../../Engine/Plugins/Editor/GameplayTagsEditor/GameplayTagsEditor.uplugin" 68
"../../../Engine/Plugins/Editor/ModelingToolsEditorMode/ModelingToolsEditorMode.uplugin" 69
"../../../Engine/Plugins/Editor/BlueprintHeaderView/BlueprintHeaderView.uplugin" 70
"../../../Engine/Plugins/Editor/SampleToolsEditorMode/SampleToolsEditorMode.uplugin" 71
"../../../Engine/Plugins/Editor/ProxyLODPlugin/ProxyLODPlugin.uplugin" 72
"../../../Engine/Plugins/Editor/SequencerAnimTools/SequencerAnimTools.uplugin" 73
"../../../Engine/Plugins/Editor/ModelViewViewModelPreview/ModelViewViewModelPreview.uplugin" 74
"../../../Engine/Plugins/AI/HTNPlanner/HTNPlanner.uplugin" 75
"../../../Engine/Plugins/Editor/StylusInput/StylusInput.uplugin" 76
"../../../Engine/Plugins/Editor/LandscapePatch/LandscapePatch.uplugin" 77
"../../../Engine/Plugins/Editor/UMGWidgetPreview/UMGWidgetPreview.uplugin" 78
"../../../Engine/Plugins/Editor/ScriptableToolsEditorMode/ScriptableToolsEditorMode.uplugin" 79
"../../../Engine/Plugins/Editor/UVEditor/UVEditor.uplugin" 80
"../../../Engine/Plugins/FX/CascadeToNiagaraConverter/CascadeToNiagaraConverter.uplugin" 81
"../../../Engine/Plugins/FX/Cascade/Cascade.uplugin" 82
"../../../Engine/Plugins/Editor/WorldPartitionHLODUtilities/WorldPartitionHLODUtilities.uplugin" 83
"../../../Engine/Plugins/Editor/StaticMeshEditorModeling/StaticMeshEditorModeling.uplugin" 84
"../../../Engine/Plugins/FX/ExampleCustomDataInterface/ExampleCustomDataInterface.uplugin" 85
"../../../Engine/Plugins/Editor/PluginBrowser/PluginBrowser.uplugin" 86
"../../../Engine/Plugins/FX/NiagaraFluids/NiagaraFluids.uplugin" 87
"../../../Engine/Plugins/Editor/SpeedTreeImporter/SpeedTreeImporter.uplugin" 88
"../../../Engine/Plugins/Media/AjaMedia/AjaMedia.uplugin" 89
"../../../Engine/Plugins/Editor/WaveformEditor/WaveformEditor.uplugin" 90
"../../../Engine/Plugins/FX/NiagaraSimCaching/NiagaraSimCaching.uplugin" 91
"../../../Engine/Plugins/FX/Niagara/Niagara.uplugin" 92
"../../../Engine/Plugins/FX/NiagaraMRQ/NiagaraMRQ.uplugin" 93
"../../../Engine/Plugins/Media/AudioCaptureTimecodeProvider/AudioCaptureTimecodeProvider.uplugin" 94
"../../../Engine/Plugins/Media/AppleProResMedia/AppleProResMedia.uplugin" 95
"../../../Engine/Plugins/Media/AvidDNxHDDecoderElectra/AvidDNxHDDecoderElectra.uplugin" 96
"../../../Engine/Plugins/Media/AvfMedia/AvfMedia.uplugin" 97
"../../../Engine/Plugins/Editor/CryptoKeys/CryptoKeys.uplugin" 98
"../../../Engine/Plugins/Media/BlackmagicMedia/BlackmagicMedia.uplugin" 99
"../../../Engine/Plugins/Media/D3D12VideoDecodersElectra/D3D12VideoDecodersElectra.uplugin" 100
"../../../Engine/Plugins/FX/NiagaraPreviewContent/NiagaraPreviewContent.uplugin" 101
"../../../Engine/Plugins/FX/NiagaraNanite/NiagaraNanite.uplugin" 102
"../../../Engine/Plugins/Media/ElectraCDM/ElectraCDM.uplugin" 103
"../../../Engine/Plugins/Media/FlacDecoderElectra/FlacDecoderElectra.uplugin" 104
"../../../Engine/Plugins/Media/BinkMedia/BinkMedia.uplugin" 105
"../../../Engine/Plugins/Media/ElectraSubtitles/ElectraSubtitles.uplugin" 106
"../../../Engine/Plugins/Media/ElectraUtil/ElectraUtil.uplugin" 107
"../../../Engine/Plugins/Media/HAPMedia/HAPMedia.uplugin" 108
"../../../Engine/Plugins/Media/ElectraPlayer/ElectraPlayer.uplugin" 109
"../../../Engine/Plugins/Media/ElectraCodecs/ElectraCodecs.uplugin" 110
"../../../Engine/Plugins/Media/LinearTimecode/LinearTimecode.uplugin" 111
"../../../Engine/Plugins/Media/AndroidCamera/AndroidCamera.uplugin" 112
"../../../Engine/Plugins/Media/MediaMovieStreamer/MediaMovieStreamer.uplugin" 113
"../../../Engine/Plugins/Media/AppleProResDecoderElectra/AppleProResDecoderElectra.uplugin" 114
"../../../Engine/Plugins/Media/ImgMedia/ImgMedia.uplugin" 115
"../../../Engine/Plugins/Media/AvidDNxMedia/AvidDNxMedia.uplugin" 116
"../../../Engine/Plugins/Media/OpusDecoderElectra/OpusDecoderElectra.uplugin" 117
"../../../Engine/Plugins/Media/AndroidMedia/AndroidMedia.uplugin" 118
"../../../Engine/Plugins/Media/MediaPlayerEditor/MediaPlayerEditor.uplugin" 119
"../../../Engine/Plugins/Media/MediaCompositing/MediaCompositing.uplugin" 120
"../../../Engine/Plugins/Media/MediaIOFramework/MediaIOFramework.uplugin" 121
"../../../Engine/Plugins/Media/HardwareEncoders/HardwareEncoders.uplugin" 122
"../../../Engine/Plugins/Media/NDIMedia/NDIMedia.uplugin" 123
"../../../Engine/Plugins/Media/HAPDecoderElectra/HAPDecoderElectra.uplugin" 124
"../../../Engine/Plugins/Media/MJPEGDecoderElectra/MJPEGDecoderElectra.uplugin" 125
"../../../Engine/Plugins/Media/MediaViewer/MediaViewer.uplugin" 126
"../../../Engine/Plugins/Media/PixelStreaming2/PixelStreaming2.uplugin" 127
"../../../Engine/Plugins/Media/MfMedia/MfMedia.uplugin" 128
"../../../Engine/Plugins/Media/PixelStreaming/PixelStreaming.uplugin" 129
"../../../Engine/Plugins/Media/TimecodeSynchronizer/TimecodeSynchronizer.uplugin" 130
"../../../Engine/Plugins/Performance/AutomatedPerfTesting/AutomatedPerfTesting.uplugin" 131
"../../../Engine/Plugins/Runtime/ADM/ADM.uplugin" 132
"../../../Engine/Plugins/Media/WmfMedia/WmfMedia.uplugin" 133
"../../../Engine/Plugins/Runtime/AndroidBackgroundService/AndroidBackgroundService.uplugin" 134
"../../../Engine/Plugins/Media/PixelCapture/PixelCapture.uplugin" 135
"../../../Engine/Plugins/Runtime/AndroidMoviePlayer/AndroidMoviePlayer.uplugin" 136
"../../../Engine/Plugins/Runtime/AndroidPermission/AndroidPermission.uplugin" 137
"../../../Engine/Plugins/Runtime/AndroidFileServer/AndroidFileServer.uplugin" 138
"../../../Engine/Plugins/Media/MediaFrameworkUtilities/MediaFrameworkUtilities.uplugin" 139
"../../../Engine/Plugins/Media/MediaPlate/MediaPlate.uplugin" 140
"../../../Engine/Plugins/Runtime/ApexDestruction/ApexDestruction.uplugin" 141
"../../../Engine/Plugins/Media/WebMMedia/WebMMedia.uplugin" 142
"../../../Engine/Plugins/Runtime/AppleMoviePlayer/AppleMoviePlayer.uplugin" 143
"../../../Engine/Plugins/Runtime/ActorLayerUtilities/ActorLayerUtilities.uplugin" 144
"../../../Engine/Plugins/Runtime/AudioCapture/AudioCapture.uplugin" 145
"../../../Engine/Plugins/Runtime/AssetTags/AssetTags.uplugin" 146
"../../../Engine/Plugins/Runtime/AnimationBudgetAllocator/AnimationBudgetAllocator.uplugin" 147
"../../../Engine/Plugins/Runtime/AudioModulation/AudioModulation.uplugin" 148
"../../../Engine/Plugins/Runtime/AppleImageUtils/AppleImageUtils.uplugin" 149
"../../../Engine/Plugins/Runtime/CableComponent/CableComponent.uplugin" 150
"../../../Engine/Plugins/Runtime/AudioMotorSim/AudioMotorSim.uplugin" 151
"../../../Engine/Plugins/Runtime/AudioSynesthesia/AudioSynesthesia.uplugin" 152
"../../../Engine/Plugins/Runtime/CommonUI/CommonUI.uplugin" 153
"../../../Engine/Plugins/Runtime/AudioWidgets/AudioWidgets.uplugin" 154
"../../../Engine/Plugins/Runtime/AndroidDeviceProfileSelector/AndroidDeviceProfileSelector.uplugin" 155
"../../../Engine/Plugins/Runtime/CustomMeshComponent/CustomMeshComponent.uplugin" 156
"../../../Engine/Plugins/Runtime/GameFeatures/GameFeatures.uplugin" 157
"../../../Engine/Plugins/Performance/PerformanceMonitor/PerformanceMonitor.uplugin" 158
"../../../Engine/Plugins/Runtime/DataRegistry/DataRegistry.uplugin" 159
"../../../Engine/Plugins/Runtime/ExampleDeviceProfileSelector/ExampleDeviceProfileSelector.uplugin" 160
"../../../Engine/Plugins/Runtime/Firebase/Firebase.uplugin" 161
"../../../Engine/Plugins/Runtime/GameplayBehaviorSmartObjects/GameplayBehaviorSmartObjects.uplugin" 162
"../../../Engine/Plugins/Runtime/GameInput/GameInput.uplugin" 163
"../../../Engine/Plugins/Runtime/GeometryCache/GeometryCache.uplugin" 164
"../../../Engine/Plugins/Runtime/GameplayAbilities/GameplayAbilities.uplugin" 165
"../../../Engine/Plugins/Runtime/ExternalGPUStatistics/ExternalGPUStatistics.uplugin" 166
"../../../Engine/Plugins/Runtime/GeoReferencing/GeoReferencing.uplugin" 167
"../../../Engine/Plugins/Runtime/GeometryScripting/GeometryScripting.uplugin" 168
"../../../Engine/Plugins/Runtime/GameplayInteractions/GameplayInteractions.uplugin" 169
"../../../Engine/Plugins/Runtime/GoogleCloudMessaging/GoogleCloudMessaging.uplugin" 170
"../../../Engine/Plugins/Runtime/Harmonix/Harmonix.uplugin" 171
"../../../Engine/Plugins/Runtime/GeometryProcessing/GeometryProcessing.uplugin" 172
"../../../Engine/Plugins/Runtime/GooglePAD/GooglePAD.uplugin" 173
"../../../Engine/Plugins/Media/VPxDecoderElectra/VPxDecoderElectra.uplugin" 174
"../../../Engine/Plugins/Runtime/ChunkDownloader/ChunkDownloader.uplugin" 175
"../../../Engine/Plugins/Runtime/HDRIBackdrop/HDRIBackdrop.uplugin" 176
"../../../Engine/Plugins/Runtime/HairStrands/HairStrands.uplugin" 177
"../../../Engine/Plugins/Runtime/InputDebugging/InputDebugging.uplugin" 178
"../../../Engine/Plugins/Runtime/ComputeFramework/ComputeFramework.uplugin" 179
"../../../Engine/Plugins/Runtime/ArchVisCharacter/ArchVisCharacter.uplugin" 180
"../../../Engine/Plugins/Runtime/IOSDeviceProfileSelector/IOSDeviceProfileSelector.uplugin" 181
"../../../Engine/Plugins/Runtime/InstancedActors/InstancedActors.uplugin" 182
"../../../Engine/Plugins/Runtime/LocationServicesAndroidImpl/LocationServicesAndroidImpl.uplugin" 183
"../../../Engine/Plugins/Runtime/LevelStreamingPersistence/LevelStreamingPersistence.uplugin" 184
"../../../Engine/Plugins/Runtime/HPMotionController/HPMotionController.uplugin" 185
"../../../Engine/Plugins/Runtime/LinuxDeviceProfileSelector/LinuxDeviceProfileSelector.uplugin" 186
"../../../Engine/Plugins/Runtime/GameplayStateTree/GameplayStateTree.uplugin" 187
"../../../Engine/Plugins/Runtime/LocationServicesIOSImpl/LocationServicesIOSImpl.uplugin" 188
"../../../Engine/Plugins/Runtime/MassEntity/MassEntity.uplugin" 189
"../../../Engine/Plugins/Runtime/LocationServicesBPLibrary/LocationServicesBPLibrary.uplugin" 190
"../../../Engine/Plugins/Runtime/IOSReplayKit/IOSReplayKit.uplugin" 191
"../../../Engine/Plugins/Runtime/MeshModelingToolset/MeshModelingToolset.uplugin" 192
"../../../Engine/Plugins/Runtime/HTTPChunkInstaller/HTTPChunkInstaller.uplugin" 193
"../../../Engine/Plugins/Runtime/MicrosoftSpatialAudio/MicroSoftSpatialSound.uplugin" 194
"../../../Engine/Plugins/Runtime/Metasound/Metasound.uplugin" 195
"../../../Engine/Plugins/Runtime/MobilePatchingUtils/MobilePatchingUtils.uplugin" 196
"../../../Engine/Plugins/Runtime/MassGameplay/MassGameplay.uplugin" 197
"../../../Engine/Plugins/Runtime/LiveLinkOvernDisplay/LiveLinkOverNDisplay.uplugin" 198
"../../../Engine/Plugins/Runtime/ModelViewViewModel/ModelViewViewModel.uplugin" 199
"../../../Engine/Plugins/Runtime/MultiServerReplication/MultiServerReplication.uplugin" 200
"../../../Engine/Plugins/Runtime/MsQuic/MsQuic.uplugin" 201
"../../../Engine/Plugins/Runtime/MixedRealityCaptureFramework/MixedRealityCaptureFramework.uplugin" 202
"../../../Engine/Plugins/Runtime/NetworkPredictionExtras/NetworkPredictionExtras.uplugin" 203
"../../../Engine/Plugins/Runtime/MusicEnvironment/MusicEnvironment.uplugin" 204
"../../../Engine/Plugins/Runtime/NetworkPrediction/NetworkPrediction.uplugin" 205
"../../../Engine/Plugins/Runtime/OpenXR/OpenXR.uplugin" 206
"../../../Engine/Plugins/Runtime/ModularGameplay/ModularGameplay.uplugin" 207
"../../../Engine/Plugins/Runtime/MIDIDevice/MIDIDevice.uplugin" 208
"../../../Engine/Plugins/Runtime/nDisplayModularFeatures/nDisplayModularFeatures.uplugin" 209
"../../../Engine/Plugins/Runtime/OpenXREyeTracker/OpenXREyeTracker.uplugin" 210
"../../../Engine/Plugins/Runtime/OpenXRHandTracking/OpenXRHandTracking.uplugin" 211
"../../../Engine/Plugins/Runtime/OpenXRMsftHandInteraction/OpenXRMsftHandInteraction.uplugin" 212
"../../../Engine/Plugins/Runtime/OpenXRViveTracker/OpenXRViveTracker.uplugin" 213
"../../../Engine/Plugins/Runtime/OpenCV/OpenCV.uplugin" 214
"../../../Engine/Plugins/Runtime/OSC/OSC.uplugin" 215
"../../../Engine/Plugins/Runtime/PropertyAccess/PropertyAccessEditor.uplugin" 216
"../../../Engine/Plugins/Runtime/nDisplay/nDisplay.uplugin" 217
"../../../Engine/Plugins/Runtime/OptionalMobileFeaturesBPLibrary/OptionalMobileFeaturesBPLibrary.uplugin" 218
"../../../Engine/Plugins/Runtime/RenderTrace/RenderTrace.uplugin" 219
"../../../Engine/Plugins/Runtime/ReplicationGraph/ReplicationGraph.uplugin" 220
"../../../Engine/Plugins/Runtime/ReplicationSystemTestPlugin/ReplicationSystemTestPlugin.uplugin" 221
"../../../Engine/Plugins/Runtime/ScriptableToolsFramework/ScriptableToolsFramework.uplugin" 222
"../../../Engine/Plugins/Runtime/PropertyBindingUtils/PropertyBindingUtils.uplugin" 223
"../../../Engine/Plugins/Runtime/SignificanceManager/SignificanceManager.uplugin" 224
"../../../Engine/Plugins/Runtime/SkeletalMerging/SkeletalMerging.uplugin" 225
"../../../Engine/Plugins/Runtime/SmartObjects/SmartObjects.uplugin" 226
"../../../Engine/Plugins/Runtime/SoundFields/SoundFields.uplugin" 227
"../../../Engine/Plugins/Runtime/ResonanceAudio/ResonanceAudio.uplugin" 228
"../../../Engine/Plugins/Runtime/SoundCueTemplates/SoundCueTemplates.uplugin" 229
"../../../Engine/Plugins/Runtime/SoundMod/SoundMod.uplugin" 230
"../../../Engine/Plugins/Runtime/RigVM/RigVM.uplugin" 231
"../../../Engine/Plugins/Runtime/Soundscape/Soundscape.uplugin" 232
"../../../Engine/Plugins/Runtime/SoundUtilities/SoundUtilities.uplugin" 233
"../../../Engine/Plugins/Runtime/StateTree/StateTree.uplugin" 234
"../../../Engine/Plugins/Runtime/NetworkPredictionInsights/NetworkPredictionInsights.uplugin" 235
"../../../Engine/Plugins/Runtime/Spatialization/Spatialization.uplugin" 236
"../../../Engine/Plugins/Runtime/WebBrowserNativeProxy/WebBrowserNativeProxy.uplugin" 237
"../../../Engine/Plugins/Runtime/Synthesis/Synthesis.uplugin" 238
"../../../Engine/Plugins/Runtime/PreLoadScreenMoviePlayer/PreLoadScreenMoviePlayer.uplugin" 239
"../../../Engine/Plugins/Runtime/WebBrowserWidget/WebBrowserWidget.uplugin" 240
"../../../Engine/Plugins/Runtime/WebMMoviePlayer/WebMMoviePlayer.uplugin" 241
"../../../Engine/Plugins/Runtime/WindowsMoviePlayer/WindowsMoviePlayer.uplugin" 242
"../../../Engine/Plugins/Runtime/NavCorridor/NavCorridor.uplugin" 243
"../../../Engine/Plugins/Runtime/WorldConditions/WorldConditions.uplugin" 244
"../../../Engine/Plugins/Runtime/WindowsDeviceProfileSelector/WindowsDeviceProfileSelector.uplugin" 245
"../../../Engine/Plugins/Runtime/ProceduralMeshComponent/ProceduralMeshComponent.uplugin" 246
"../../../Engine/Plugins/Runtime/SunPosition/SunPosition.uplugin" 247
"../../../Engine/Plugins/Runtime/ZoneGraphAnnotations/ZoneGraphAnnotations.uplugin" 248
"../../../Engine/Plugins/Runtime/ZoneGraph/ZoneGraph.uplugin" 249
"../../../Engine/Plugins/Runtime/WarpUtils/WarpUtils.uplugin" 250
"../../../Engine/Plugins/Runtime/USDCore/USDCore.uplugin" 251
"../../../Engine/Plugins/Animation/AnimationWarping/AnimationWarping.uplugin" 252
"../../../Engine/Plugins/Animation/AnimationData/AnimationData.uplugin" 253
"../../../Engine/Plugins/Runtime/WaveTable/WaveTable.uplugin" 254
"../../../Engine/Plugins/Animation/AnimationLocomotionLibrary/AnimationLocomotionLibrary.uplugin" 255
"../../../Engine/Plugins/Animation/BlendSpaceMotionAnalysis/BlendSpaceMotionAnalysis.uplugin" 256
"../../../Engine/Plugins/Animation/ControlRigModules/ControlRigModules.uplugin" 257
"../../../Engine/Plugins/Animation/BlendStack/BlendStack.uplugin" 258
"../../../Engine/Plugins/Runtime/XRBase/XRBase.uplugin" 259
"../../../Engine/Plugins/Animation/ACLPlugin/ACLPlugin.uplugin" 260
"../../../Engine/Plugins/Animation/AnimationModifierLibrary/AnimationModifierLibrary.uplugin" 261
"../../../Engine/Plugins/Animation/ControlRigSpline/ControlRigSpline.uplugin" 262
"../../../Engine/Plugins/Animation/EaseCurveTool/EaseCurveTool.uplugin" 263
"../../../Engine/Plugins/Animation/DeformerGraph/DeformerGraph.uplugin" 264
"../../../Engine/Plugins/Animation/IKRig/IKRig.uplugin" 265
"../../../Engine/Plugins/Animation/LiveLink/LiveLink.uplugin" 266
"../../../Engine/Plugins/Animation/DNACalib/DNACalib.uplugin" 267
"../../../Engine/Plugins/Animation/GameplayInsights/GameplayInsights.uplugin" 268
"../../../Engine/Plugins/Animation/ControlRig/ControlRig.uplugin" 269
"../../../Engine/Plugins/Animation/LiveLinkExampleDevice/LiveLinkExampleDevice.uplugin" 270
"../../../Engine/Plugins/Animation/LiveLinkCurveDebugUI/LiveLinkCurveDebugUI.uplugin" 271
"../../../Engine/Plugins/Animation/LiveLinkDevice/LiveLinkDevice.uplugin" 272
"../../../Engine/Plugins/Animation/LiveLinkHub/LiveLinkHub.uplugin" 273
"../../../Engine/Plugins/Animation/PerformanceCaptureCore/PerformanceCaptureCore.uplugin" 274
"../../../Engine/Plugins/Animation/MotionWarping/MotionWarping.uplugin" 275
"../../../Engine/Plugins/Animation/AnimatorKit/AnimatorKit.uplugin" 276
"../../../Engine/Plugins/Animation/LiveLinkUnrealDevice/LiveLinkUnrealDevice.uplugin" 277
"../../../Engine/Plugins/Animation/SkeletalMeshModelingTools/SkeletalMeshModelingTools.uplugin" 278
"../../../Engine/Plugins/Animation/GeneSplicer/GeneSplicer.uplugin" 279
"../../../Engine/Plugins/Developer/AnimationSharing/AnimationSharing.uplugin" 280
"../../../Engine/Plugins/Animation/PoseSearch/PoseSearch.uplugin" 281
"../../../Engine/Plugins/Developer/DirectoryPlaceholder/DirectoryPlaceholder.uplugin" 282
"../../../Engine/Plugins/Developer/FieldNotificationTrace/FieldNotificationTrace.uplugin" 283
"../../../Engine/Plugins/Developer/BlankPlugin/BlankPlugin.uplugin" 284
"../../../Engine/Plugins/Developer/GitSourceControl/GitSourceControl.uplugin" 285
"../../../Engine/Plugins/Developer/N10XSourceCodeAccess/N10XSourceCodeAccess.uplugin" 286
"../../../Engine/Plugins/Animation/RigLogic/RigLogic.uplugin" 287
"../../../Engine/Plugins/Developer/NullSourceCodeAccess/NullSourceCodeAccess.uplugin" 288
"../../../Engine/Plugins/Developer/OneSkyLocalizationService/OneSkyLocalizationService.uplugin" 289
"../../../Engine/Plugins/Animation/TweeningUtils/TweeningUtils.uplugin" 290
"../../../Engine/Plugins/Developer/PerforceSourceControl/PerforceSourceControl.uplugin" 291
"../../../Engine/Plugins/Developer/GPUReshape/GPUReshape.uplugin" 292
"../../../Engine/Plugins/Developer/PixWinPlugin/PixWinPlugin.uplugin" 293
"../../../Engine/Plugins/Developer/NamingTokens/NamingTokens.uplugin" 294
"../../../Engine/Plugins/Developer/ProjectLauncher/ProjectLauncher.uplugin" 295
"../../../Engine/Plugins/Developer/CLionSourceCodeAccess/CLionSourceCodeAccess.uplugin" 296
"../../../Engine/Plugins/Developer/PluginUtils/PluginUtils.uplugin" 297
"../../../Engine/Plugins/Developer/KDevelopSourceCodeAccess/KDevelopSourceCodeAccess.uplugin" 298
"../../../Engine/Plugins/Developer/SubversionSourceControl/SubversionSourceControl.uplugin" 299
"../../../Engine/Plugins/Developer/PlasticSourceControl/PlasticSourceControl.uplugin" 300
"../../../Engine/Plugins/Developer/RenderDocPlugin/RenderDocPlugin.uplugin" 301
"../../../Engine/Plugins/Developer/VisualStudioSourceCodeAccess/VisualStudioSourceCodeAccess.uplugin" 302
"../../../Engine/Plugins/Developer/UObjectPlugin/UObjectPlugin.uplugin" 303
"../../../Engine/Plugins/Developer/PropertyAccessNode/PropertyAccessNode.uplugin" 304
"../../../Engine/Plugins/Experimental/AbilitySystemGameFeatureActions/AbilitySystemGameFeatureActions.uplugin" 305
"../../../Engine/Plugins/Developer/VisualStudioCodeSourceCodeAccess/VisualStudioCodeSourceCodeAccess.uplugin" 306
"../../../Engine/Plugins/Developer/CodeLiteSourceCodeAccess/CodeLiteSourceCodeAccess.uplugin" 307
"../../../Engine/Plugins/Developer/TraceSourceFiltering/TraceSourceFilters.uplugin" 308
"../../../Engine/Plugins/Experimental/AdvancedRenamer/AdvancedRenamer.uplugin" 309
"../../../Engine/Plugins/Experimental/AvalancheDisplayCluster/AvalancheDisplayCluster.uplugin" 310
"../../../Engine/Plugins/Developer/RiderSourceCodeAccess/RiderSourceCodeAccess.uplugin" 311
"../../../Engine/Plugins/Experimental/AsyncMessageSystemTests/AsyncMessageSystemTests.uplugin" 312
"../../../Engine/Plugins/Developer/DumpGPUServices/DumpGPUServices.uplugin" 313
"../../../Engine/Plugins/Experimental/AnimToTexture/AnimToTexture.uplugin" 314
"../../../Engine/Plugins/Experimental/BlueprintSnapNodes/BlueprintSnapNodes.uplugin" 315
"../../../Engine/Plugins/Developer/XCodeSourceCodeAccess/XCodeSourceCodeAccess.uplugin" 316
"../../../Engine/Plugins/Developer/XcodeGPUDebuggerPlugin/XcodeGPUDebuggerPlugin.uplugin" 317
"../../../Engine/Plugins/Developer/TextureFormatOodle/TextureFormatOodle.uplugin" 318
"../../../Engine/Plugins/Experimental/AvalancheSequenceNavigator/AvalancheSequenceNavigator.uplugin" 319
"../../../Engine/Plugins/Experimental/AsyncMessageSystem/AsyncMessageSystem.uplugin" 320
"../../../Engine/Plugins/Experimental/ActorPalette/ActorPalette.uplugin" 321
"../../../Engine/Plugins/Experimental/ChaosClothEditor/ChaosClothEditor.uplugin" 322
"../../../Engine/Plugins/Experimental/Buoyancy/Buoyancy.uplugin" 323
"../../../Engine/Plugins/Experimental/AutomationUtils/AutomationUtils.uplugin" 324
"../../../Engine/Plugins/Experimental/CelestialVault/CelestialVault.uplugin" 325
"../../../Engine/Plugins/Experimental/ChaosCaching/ChaosCaching.uplugin" 326
"../../../Engine/Plugins/Experimental/BackChannel/BackChannel.uplugin" 327
"../../../Engine/Plugins/Experimental/ChaosRigidAsset/ChaosRigidAsset.uplugin" 328
"../../../Engine/Plugins/Experimental/ChaosSolverPlugin/ChaosSolverPlugin.uplugin" 329
"../../../Engine/Plugins/Experimental/ChaosNiagara/ChaosNiagara.uplugin" 330
"../../../Engine/Plugins/Experimental/ChaosEditor/ChaosEditor.uplugin" 331
"../../../Engine/Plugins/Experimental/ChaosCachingUSD/ChaosCachingUSD.uplugin" 332
"../../../Engine/Plugins/Experimental/ChaosFlesh/ChaosFlesh.uplugin" 333
"../../../Engine/Plugins/Experimental/CineCameraRigs/CineCameraRigs.uplugin" 334
"../../../Engine/Plugins/Experimental/ChaosUserDataPT/ChaosUserDataPT.uplugin" 335
"../../../Engine/Plugins/Experimental/AIAssistant/AIAssistant.uplugin" 336
"../../../Engine/Plugins/Experimental/CineCameraSceneCapture/CineCameraSceneCapture.uplugin" 337
"../../../Engine/Plugins/Experimental/ChaosModularVehicleExamples/ChaosModularVehicleExamples.uplugin" 338
"../../../Engine/Plugins/Experimental/CinematicPrestreaming/CinematicPrestreaming.uplugin" 339
"../../../Engine/Plugins/Experimental/ChaosVehiclesPlugin/ChaosVehiclesPlugin.uplugin" 340
"../../../Engine/Plugins/Experimental/ColorCorrectRegions/ColorCorrectRegions.uplugin" 341
"../../../Engine/Plugins/Experimental/ChaosOutfitAsset/ChaosOutfitAsset.uplugin" 342
"../../../Engine/Plugins/Experimental/ControlFlows/ControlFlows.uplugin" 343
"../../../Engine/Plugins/Experimental/DefaultInstallBundleManager/DefaultInstallBundleManager.uplugin" 344
"../../../Engine/Plugins/Experimental/CommonConversation/CommonConversation.uplugin" 345
"../../../Engine/Plugins/Experimental/DynamicMaterialMediaStreamBridge/DynamicMaterialMediaStreamBridge.uplugin" 346
"../../../Engine/Plugins/Experimental/CinematicSequenceNavigator/CinematicSequenceNavigator.uplugin" 347
"../../../Engine/Plugins/Experimental/EditorDataStorageFeatures/EditorDataStorageFeatures.uplugin" 348
"../../../Engine/Plugins/Experimental/CharacterAI/CharacterAI.uplugin" 349
"../../../Engine/Plugins/Experimental/DynamicWind/DynamicWind.uplugin" 350
"../../../Engine/Plugins/Experimental/CodeView/CodeView.uplugin" 351
"../../../Engine/Plugins/Experimental/DrawDebugLibrary/DrawDebugLibrary.uplugin" 352
"../../../Engine/Plugins/Experimental/ChaosMover/ChaosMover.uplugin" 353
"../../../Engine/Plugins/Experimental/EditorTelemetry/EditorTelemetry.uplugin" 354
"../../../Engine/Plugins/Experimental/Fracture/Fracture.uplugin" 355
"../../../Engine/Plugins/Experimental/CodeEditor/CodeEditor.uplugin" 356
"../../../Engine/Plugins/Experimental/FloatingProperties/FloatingProperties.uplugin" 357
"../../../Engine/Plugins/Experimental/ControlRigPhysics/ControlRigPhysics.uplugin" 358
"../../../Engine/Plugins/Experimental/Dataflow/Dataflow.uplugin" 359
"../../../Engine/Plugins/Experimental/FastGeoStreaming/FastGeoStreaming.uplugin" 360
"../../../Engine/Plugins/Experimental/EditorDataStorage/EditorDataStorage.uplugin" 361
"../../../Engine/Plugins/Experimental/GameplayBehaviors/GameplayBehaviors.uplugin" 362
"../../../Engine/Plugins/Experimental/BlueprintStats/BlueprintStats.uplugin" 363
"../../../Engine/Plugins/Experimental/GeometryCacheAbcFile/GeometryCacheAbcFile.uplugin" 364
"../../../Engine/Plugins/Experimental/GameplayGraph/GameplayGraph.uplugin" 365
"../../../Engine/Plugins/Experimental/FullBodyIK/FullBodyIK.uplugin" 366
"../../../Engine/Plugins/Experimental/ChaosModularVehicle/ChaosModularVehicle.uplugin" 367
"../../../Engine/Plugins/Experimental/FieldSystemPlugin/FieldSystemPlugin.uplugin" 368
"../../../Engine/Plugins/Experimental/Gauntlet/Gauntlet.uplugin" 369
"../../../Engine/Plugins/Experimental/GPULightmass/GPULightmass.uplugin" 370
"../../../Engine/Plugins/Experimental/GeometryCollectionPlugin/GeometryCollectionPlugin.uplugin" 371
"../../../Engine/Plugins/Experimental/GizmoFramework/GizmoFramework.uplugin" 372
"../../../Engine/Plugins/Experimental/GlobalConfigurationData/GlobalConfigurationData.uplugin" 373
"../../../Engine/Plugins/Experimental/DaySequence/DaySequence.uplugin" 374
"../../../Engine/Plugins/Experimental/GeometryFlow/GeometryFlow.uplugin" 375
"../../../Engine/Plugins/Experimental/HairCardGenerator/HairCardGenerator.uplugin" 376
"../../../Engine/Plugins/Experimental/HairStrandsMutable/HairStrandsMutable.uplugin" 377
"../../../Engine/Plugins/Experimental/GeometryDataflow/GeometryDataflow.uplugin" 378
"../../../Engine/Plugins/Experimental/EditorPerformance/EditorPerformance.uplugin" 379
"../../../Engine/Plugins/Experimental/HairModelingToolset/HairModelingToolset.uplugin" 380
"../../../Engine/Plugins/Experimental/EvaluationNotifies/EvaluationNotifies.uplugin" 381
"../../../Engine/Plugins/Experimental/ImagePlate/ImagePlate.uplugin" 382
"../../../Engine/Plugins/Experimental/Iris/Iris.uplugin" 383
"../../../Engine/Plugins/Experimental/InlineMaterialInstance/InlineMaterialInstance.uplugin" 384
"../../../Engine/Plugins/Experimental/LiveLinkControlRig/LiveLinkControlRig.uplugin" 385
"../../../Engine/Plugins/Experimental/GameplayTargetingSystem/TargetingSystem.uplugin" 386
"../../../Engine/Plugins/Experimental/Landmass/Landmass.uplugin" 387
"../../../Engine/Plugins/Experimental/LowLevelNetTrace/LowLevelNetTrace.uplugin" 388
"../../../Engine/Plugins/Experimental/GizmoEdMode/GizmoEdMode.uplugin" 389
"../../../Engine/Plugins/Experimental/InteractionInterface/InteractionInterface.uplugin" 390
"../../../Engine/Plugins/Experimental/JWT/JWT.uplugin" 391
"../../../Engine/Plugins/Experimental/InEditorDocumentation/InEditorDocumentation.uplugin" 392
"../../../Engine/Plugins/Experimental/MetasoundExperimental/MetasoundExperimental.uplugin" 393
"../../../Engine/Plugins/Experimental/LiveLinkOpenVR/LiveLinkOpenVR.uplugin" 394
"../../../Engine/Plugins/Experimental/ImpostorBaker/ImpostorBaker.uplugin" 395
"../../../Engine/Plugins/Experimental/MeshModelingToolsetExp/MeshModelingToolsetExp.uplugin" 396
"../../../Engine/Plugins/Experimental/MLflow/MLflow.uplugin" 397
"../../../Engine/Plugins/Experimental/GameInputWindows/GameInputWindows.uplugin" 398
"../../../Engine/Plugins/Experimental/MotorSimOutputMotoSynth/MotorSimOutputMotoSynth.uplugin" 399
"../../../Engine/Plugins/Experimental/MotoSynth/MotoSynth.uplugin" 400
"../../../Engine/Plugins/Experimental/Mover/Mover.uplugin" 401
"../../../Engine/Plugins/Experimental/MoverAnimNext/MoverAnimNext.uplugin" 402
"../../../Engine/Plugins/Experimental/MediaStream/MediaStream.uplugin" 403
"../../../Engine/Plugins/Experimental/MovieSceneAnimMixer/MovieSceneAnimMixer.uplugin" 404
"../../../Engine/Plugins/Experimental/LearningAgents/LearningAgents.uplugin" 405
"../../../Engine/Plugins/Experimental/ImageWidgets/ImageWidgets.uplugin" 406
"../../../Engine/Plugins/Experimental/InstanceDataObjectFixupTool/InstanceDataObjectFixupTool.uplugin" 407
"../../../Engine/Plugins/Experimental/MoverTests/MoverTests.uplugin" 408
"../../../Engine/Plugins/Experimental/LocalizableMessage/LocalizableMessage.uplugin" 409
"../../../Engine/Plugins/Experimental/MoverIntegrations/MoverIntegrations.uplugin" 410
"../../../Engine/Plugins/Experimental/MutableDataflow/MutableDataflow.uplugin" 411
"../../../Engine/Plugins/Experimental/NeuralRendering/NeuralRendering.uplugin" 412
"../../../Engine/Plugins/Experimental/MeshResizing/MeshResizing.uplugin" 413
"../../../Engine/Plugins/Experimental/MovieScenePoseSearchTracks/MovieScenePoseSearchTracks.uplugin" 414
"../../../Engine/Plugins/Experimental/MutablePopulation/MutablePopulation.uplugin" 415
"../../../Engine/Plugins/Experimental/NaniteDisplacedMesh/NaniteDisplacedMesh.uplugin" 416
"../../../Engine/Plugins/Experimental/MoverExamples/MoverExamples.uplugin" 417
"../../../Engine/Plugins/Experimental/GeometryCacheLevelSequenceBaker/GeometryCacheLevelSequenceBaker.uplugin" 418
"../../../Engine/Plugins/Experimental/NNERuntimeBasicCpu/NNERuntimeBasicCpu.uplugin" 419
"../../../Engine/Plugins/Experimental/LevelSequenceNavigatorBridge/LevelSequenceNavigatorBridge.uplugin" 420
"../../../Engine/Plugins/Experimental/NNERuntimeCoreML/NNERuntimeCoreML.uplugin" 421
"../../../Engine/Plugins/Experimental/OptiXDenoise/OptiXDenoise.uplugin" 422
"../../../Engine/Plugins/Experimental/PanoramicCapture/PanoramicCapture.uplugin" 423
"../../../Engine/Plugins/Experimental/NNERuntimeRDG/NNERuntimeRDG.uplugin" 424
"../../../Engine/Plugins/Experimental/PlainPropsEngine/PlainPropsEngine.uplugin" 425
"../../../Engine/Plugins/Experimental/NFORDenoise/NFORDenoise.uplugin" 426
"../../../Engine/Plugins/Experimental/NNERuntimeIREE/NNERuntimeIREE.uplugin" 427
"../../../Engine/Plugins/Experimental/PhysicsControl/PhysicsControl.uplugin" 428
"../../../Engine/Plugins/Experimental/OpenImageDenoise/OpenImageDenoise.uplugin" 429
"../../../Engine/Plugins/Experimental/NaniteAssemblyEditorUtils/NaniteAssemblyEditorUtils.uplugin" 430
"../../../Engine/Plugins/Experimental/PlatformCrypto/PlatformCrypto.uplugin" 431
"../../../Engine/Plugins/Experimental/PluginAudit/PluginAudit.uplugin" 432
"../../../Engine/Plugins/Experimental/PlainPropsUObject/PlainPropsUObject.uplugin" 433
"../../../Engine/Plugins/Experimental/ProceduralVegetationEditor/ProceduralVegetationEditor.uplugin" 434
"../../../Engine/Plugins/Experimental/PluginTemplateTool/PluginTemplateTool.uplugin" 435
"../../../Engine/Plugins/Experimental/PlainProps/PlainProps.uplugin" 436
"../../../Engine/Plugins/Experimental/PSDImporterMaterialDesignerBridge/PSDImporterMaterialDesignerBridge.uplugin" 437
"../../../Engine/Plugins/Experimental/PCGBiomeCore/PCGBiomeCore.uplugin" 438
"../../../Engine/Plugins/Experimental/PythonMLPackages/PythonMLPackages.uplugin" 439
"../../../Engine/Plugins/Experimental/RawInput/RawInput.uplugin" 440
"../../../Engine/Plugins/Experimental/MutableClothing/MutableClothing.uplugin" 441
"../../../Engine/Plugins/Experimental/PythonScriptPlugin/PythonScriptPlugin.uplugin" 442
"../../../Engine/Plugins/Experimental/PixelStreamingPlayer/PixelStreamingPlayer.uplugin" 443
"../../../Engine/Plugins/Experimental/PostProcessMaterialChainGraph/PostProcessMaterialChainGraph.uplugin" 444
"../../../Engine/Plugins/Experimental/RemoteControlActorModifierBridge/RemoteControlActorModifierBridge.uplugin" 445
"../../../Engine/Plugins/Experimental/RenderGrid/RenderGrid.uplugin" 446
"../../../Engine/Plugins/Experimental/RuntimeTelemetry/RuntimeTelemetry.uplugin" 447
"../../../Engine/Plugins/Experimental/RigLogicUAF/RigLogicUAF.uplugin" 448
"../../../Engine/Plugins/Experimental/QuicMessaging/QuicMessaging.uplugin" 449
"../../../Engine/Plugins/Experimental/PlanarCutPlugin/PlanarCut.uplugin" 450
"../../../Engine/Plugins/Experimental/RigLogicMutable/RigLogicMutable.uplugin" 451
"../../../Engine/Plugins/Experimental/RemoteSession/RemoteSession.uplugin" 452
"../../../Engine/Plugins/Experimental/RazerChromaDevices/RazerChromaDevices.uplugin" 453
"../../../Engine/Plugins/Experimental/SecuritySandbox/SecuritySandbox.uplugin" 454
"../../../Engine/Plugins/Experimental/SerializationUtils/SerializationUtils.uplugin" 455
"../../../Engine/Plugins/Experimental/PSDImporter/PSDImporter.uplugin" 456
"../../../Engine/Plugins/Experimental/SlateScreenReader/SlateScreenReader.uplugin" 457
"../../../Engine/Plugins/Experimental/PythonFoundationPackages/PythonFoundationPackages.uplugin" 458
"../../../Engine/Plugins/Experimental/PluginReferenceViewer/PluginReferenceViewer.uplugin" 459
"../../../Engine/Plugins/Experimental/StateGraph/StateGraph.uplugin" 460
"../../../Engine/Plugins/Experimental/SpatialReadiness/SpatialReadiness.uplugin" 461
"../../../Engine/Plugins/Experimental/SlateIM/SlateIM.uplugin" 462
"../../../Engine/Plugins/Experimental/SubmitToolEditor/SubmitToolEditor.uplugin" 463
"../../../Engine/Plugins/Experimental/LiveLinkFaceImporter/LiveLinkFaceImporter.uplugin" 464
"../../../Engine/Plugins/Experimental/Shotgrid/Shotgrid.uplugin" 465
"../../../Engine/Plugins/Experimental/StructUtils/StructUtils.uplugin" 466
"../../../Engine/Plugins/Experimental/SurfaceEffects/SurfaceEffects.uplugin" 467
"../../../Engine/Plugins/Experimental/TechAudioTools/TechAudioTools.uplugin" 468
"../../../Engine/Plugins/Experimental/SkeletalReduction/SkeletalReduction.uplugin" 469
"../../../Engine/Plugins/Experimental/ToolPresets/ToolPresets.uplugin" 470
"../../../Engine/Plugins/Experimental/TargetDeviceServicesScripting/TargetDeviceServicesScripting.uplugin" 471
"../../../Engine/Plugins/Experimental/ScreenReader/ScreenReader.uplugin" 472
"../../../Engine/Plugins/Experimental/Tensorboard/Tensorboard.uplugin" 473
"../../../Engine/Plugins/Experimental/SlateModelViewViewModel/SlateModelViewViewModel.uplugin" 474
"../../../Engine/Plugins/Experimental/UserToolBoxBasicCommand/UserToolBoxBasicCommand.uplugin" 475
"../../../Engine/Plugins/Experimental/SubtitlesAndClosedCaptions/SubtitlesAndClosedCaptions.uplugin" 476
"../../../Engine/Plugins/Experimental/UserToolBoxCore/UserToolBoxCore.uplugin" 477
"../../../Engine/Plugins/Experimental/Water/Water.uplugin" 478
"../../../Engine/Plugins/Experimental/WaterExtras/WaterExtras.uplugin" 479
"../../../Engine/Plugins/Experimental/RemoteControlComponents/RemoteControlComponents.uplugin" 480
"../../../Engine/Plugins/Experimental/WaterAdvanced/WaterAdvanced.uplugin" 481
"../../../Engine/Plugins/Experimental/SequenceNavigator/SequenceNavigator.uplugin" 482
"../../../Engine/Plugins/Experimental/WebSocketMessaging/WebSocketMessaging.uplugin" 483
"../../../Engine/Plugins/Experimental/WaveFunctionCollapse/WaveFunctionCollapse.uplugin" 484
"../../../Engine/Plugins/Experimental/UIFramework/UIFramework.uplugin" 485
"../../../Engine/Plugins/Experimental/WidgetEditorToolPalette/WidgetEditorToolPalette.uplugin" 486
"../../../Engine/Plugins/Experimental/Volumetrics/Volumetrics.uplugin" 487
"../../../Engine/Plugins/Experimental/PCGBiomeSample/PCGBiomeSample.uplugin" 488
"../../../Engine/Plugins/Experimental/Workspace/Workspace.uplugin" 489
"../../../Engine/Plugins/Experimental/SimpleHMD/SimpleHMD.uplugin" 490
"../../../Engine/Plugins/MetaHuman/MetaHumanAnimator/MetaHuman.uplugin" 491
"../../../Engine/Plugins/MetaHuman/MetaHumanCalibrationProcessing/MetaHumanCalibrationProcessing.uplugin" 492
"../../../Engine/Plugins/Experimental/WebSocketNetworking/WebSocketNetworking.uplugin" 493
"../../../Engine/Plugins/Experimental/TetMeshing/TetMeshing.uplugin" 494
"../../../Engine/Plugins/MetaHuman/MetaHumanLiveLink/MetaHumanLiveLink.uplugin" 495
"../../../Engine/Plugins/Experimental/XRCreativeFramework/XRCreativeFramework.uplugin" 496
"../../../Engine/Plugins/Experimental/VirtualProductionUtilities/VirtualProductionUtilities.uplugin" 497
"../../../Engine/Plugins/MetaHuman/MetaHumanCharacter/MetaHumanCharacter.uplugin" 498
"../../../Engine/Plugins/MetaHuman/MetaHumanSDK/MetaHumanSDK.uplugin" 499
"../../../Engine/Plugins/MetaHuman/MetaHumanCoreTechLib/MetaHumanCoreTech.uplugin" 500
"../../../Engine/Plugins/Experimental/VirtualHeightfieldMesh/VirtualHeightfieldMesh.uplugin" 501
"../../../Engine/Plugins/Tests/CQTest/CQTest.uplugin" 502
"../../../Engine/Plugins/Tests/AudioCQTests/AudioCQTests.uplugin" 503
"../../../Engine/Plugins/Experimental/TextToSpeech/TextToSpeech.uplugin" 504
"../../../Engine/Plugins/NetcodeUnitTest/NUTUnrealEngine/NUTUnrealEngine.uplugin" 505
"../../../Engine/Plugins/Tests/AutomationDriverTests/AutomationDriverTests.uplugin" 506
"../../../Engine/Plugins/Tests/CQTestEnhancedInput/CQTestEnhancedInput.uplugin" 507
"../../../Engine/Plugins/Tests/PythonAutomationTest/PythonAutomationTest.uplugin" 508
"../../../Engine/Plugins/Tests/CQTestExperimental/CQTestExperimental.uplugin" 509
"../../../Engine/Plugins/Tests/RuntimeTests/RuntimeTests.uplugin" 510
"../../../Engine/Plugins/Tests/FbxAutomationTestBuilder/FbxAutomationTestBuilder.uplugin" 511
"../../../Engine/Plugins/Tests/EditorTests/EditorTests.uplugin" 512
"../../../Engine/Plugins/Tests/RHITests/RHITests.uplugin" 513
"../../../Engine/Plugins/Tests/FunctionalTestingEditor/FunctionalTestingEditor.uplugin" 514
"../../../Engine/Plugins/VirtualProduction/ActorModifierCore/ActorModifierCore.uplugin" 515
"../../../Engine/Plugins/VirtualProduction/AvalancheSceneState/AvalancheSceneState.uplugin" 516
"../../../Engine/Plugins/Tests/TestSamples/TestSamples.uplugin" 517
"../../../Engine/Plugins/VirtualProduction/Avalanche/Avalanche.uplugin" 518
"../../../Engine/Plugins/Tests/TestFramework/TestFramework.uplugin" 519
"../../../Engine/Plugins/VirtualProduction/CameraCalibrationCore/CameraCalibrationCore.uplugin" 520
"../../../Engine/Plugins/Tests/WidgetAutomationTests/WidgetAutomationTests.uplugin" 521
"../../../Engine/Plugins/VirtualProduction/AvalancheDataLink/AvalancheDataLink.uplugin" 522
"../../../Engine/Plugins/Tests/InterchangeTests/InterchangeTests.uplugin" 523
"../../../Engine/Plugins/VirtualProduction/CameraCalibration/CameraCalibration.uplugin" 524
"../../../Engine/Plugins/VirtualProduction/ActorModifier/ActorModifier.uplugin" 525
"../../../Engine/Plugins/NetcodeUnitTest/NetcodeUnitTest/NetcodeUnitTest.uplugin" 526
"../../../Engine/Plugins/VirtualProduction/CameraCalibrationML/CameraCalibrationML.uplugin" 527
"../../../Engine/Plugins/VirtualProduction/DynamicMaterial/DynamicMaterial.uplugin" 528
"../../../Engine/Plugins/VirtualProduction/ClonerEffector/ClonerEffector.uplugin" 529
"../../../Engine/Plugins/VirtualProduction/DataCharts/DataCharts.uplugin" 530
"../../../Engine/Plugins/VirtualProduction/DataLinkOAuth/DataLinkOAuth.uplugin" 531
"../../../Engine/Plugins/VirtualProduction/ICVFX/ICVFX.uplugin" 532
"../../../Engine/Plugins/VirtualProduction/CompositePlane/CompositePlane.uplugin" 533
"../../../Engine/Plugins/VirtualProduction/LiveLinkCamera/LiveLinkCamera.uplugin" 534
"../../../Engine/Plugins/VirtualProduction/ICVFXTesting/ICVFXTesting.uplugin" 535
"../../../Engine/Plugins/VirtualProduction/CustomDetailsView/CustomDetailsView.uplugin" 536
"../../../Engine/Plugins/VirtualProduction/CaptureData/CaptureData.uplugin" 537
"../../../Engine/Plugins/VirtualProduction/GeometryMask/GeometryMask.uplugin" 538
"../../../Engine/Plugins/VirtualProduction/EpicStageApp/EpicStageApp.uplugin" 539
"../../../Engine/Plugins/VirtualProduction/CinematicAssemblyTools/CinematicAssemblyTools.uplugin" 540
"../../../Engine/Plugins/VirtualProduction/LevelSnapshots/LevelSnapshots.uplugin" 541
"../../../Engine/Plugins/VirtualProduction/LiveLinkFreeD/LiveLinkFreeD.uplugin" 542
"../../../Engine/Plugins/VirtualProduction/PerformanceCaptureWorkflow/PerformanceCaptureWorkflow.uplugin" 543
"../../../Engine/Plugins/VirtualProduction/LiveLinkPrestonMDR/LiveLinkPrestonMDR.uplugin" 544
"../../../Engine/Plugins/VirtualProduction/PropertyAnimator/PropertyAnimator.uplugin" 545
"../../../Engine/Plugins/VirtualProduction/LensComponent/LensComponent.uplugin" 546
"../../../Engine/Plugins/VirtualProduction/LiveLinkOpenTrackIO/LiveLinkOpenTrackIO.uplugin" 547
"../../../Engine/Plugins/VirtualProduction/LiveLinkMasterLockit/LiveLinkMasterLockit.uplugin" 548
"../../../Engine/Plugins/VirtualProduction/LiveLinkXR/LiveLinkXR.uplugin" 549
"../../../Engine/Plugins/VirtualProduction/LiveLinkLens/LiveLinkLens.uplugin" 550
"../../../Engine/Plugins/VirtualProduction/RemoteControlInterception/RemoteControlInterception.uplugin" 551
"../../../Engine/Plugins/VirtualProduction/RemoteControlProtocolOSC/RemoteControlProtocolOSC.uplugin" 552
"../../../Engine/Plugins/VirtualProduction/DataLink/DataLink.uplugin" 553
"../../../Engine/Plugins/VirtualProduction/OperatorStack/OperatorStack.uplugin" 554
"../../../Engine/Plugins/VirtualProduction/RemoteControlWebInterface/RemoteControlWebInterface.uplugin" 555
"../../../Engine/Plugins/VirtualProduction/MultiUserTakes/MultiUserTakes.uplugin" 556
"../../../Engine/Plugins/VirtualProduction/SceneStateDataLink/SceneStateDataLink.uplugin" 557
"../../../Engine/Plugins/VirtualProduction/StormSync/StormSync.uplugin" 558
"../../../Engine/Plugins/VirtualProduction/SequencerPlaylists/SequencerPlaylists.uplugin" 559
"../../../Engine/Plugins/VirtualProduction/RemoteControlProtocolMIDI/RemoteControlProtocolMIDI.uplugin" 560
"../../../Engine/Plugins/VirtualProduction/StageMonitoring/StageMonitoring.uplugin" 561
"../../../Engine/Plugins/VirtualProduction/Switchboard/Switchboard.uplugin" 562
"../../../Engine/Plugins/VirtualProduction/SceneState/SceneState.uplugin" 563
"../../../Engine/Plugins/VirtualProduction/VirtualCamera/VirtualCamera.uplugin" 564
"../../../Engine/Plugins/VirtualProduction/Takes/Takes.uplugin" 565
"../../../Engine/Plugins/VirtualProduction/TimedDataMonitor/TimedDataMonitor.uplugin" 566
"../../../Engine/Plugins/VirtualProduction/VirtualScouting/VirtualScouting.uplugin" 567
"../../../Engine/Plugins/VirtualProduction/SVGImporter/SVGImporter.uplugin" 568
"../../../Engine/Plugins/VirtualProduction/PropertyAnimatorCore/PropertyAnimatorCore.uplugin" 569
"../../../Engine/Plugins/VirtualProduction/RemoteControlProtocolDMX/RemoteControlProtocolDMX.uplugin" 570
"../../../Engine/Plugins/VirtualProduction/Text3D/Text3D.uplugin" 571
"../../../Engine/Plugins/Importers/USDImporter/USDImporter.uplugin" 572
"../../../Engine/Plugins/VirtualProduction/LiveLinkVRPN/LiveLinkVRPN.uplugin" 573
"../../../Engine/Plugins/VirtualProduction/TextureShare/TextureShare.uplugin" 574
"../../../Engine/Plugins/VirtualProduction/StormSyncAvalancheBridge/StormSyncAvalancheBridge.uplugin" 575
"../../../Engine/Plugins/VirtualProduction/LiveLinkInputDevice/LiveLinkInputDevice.uplugin" 576
"../../../Engine/Plugins/Messaging/UdpMessaging/UdpMessaging.uplugin" 577
"../../../Engine/Plugins/Importers/AlembicImporter/AlembicImporter.uplugin" 578
"../../../Engine/Plugins/Messaging/TcpMessaging/TcpMessaging.uplugin" 579
"../../../Engine/Plugins/VirtualProduction/VirtualCameraCore/VirtualCameraCore.uplugin" 580
"../../../Engine/Plugins/Importers/USDMultiUser/USDMultiUser.uplugin" 581
"../../../Engine/Plugins/Online/EOSOverlayInputProvider/EOSOverlayInputProvider.uplugin" 582
"../../../Engine/Plugins/Online/OnlineServicesNull/OnlineServicesNull.uplugin" 583
"../../../Engine/Plugins/Importers/AlembicHairImporter/AlembicHairImporter.uplugin" 584
"../../../Engine/Plugins/Online/OnlineFrameworkCommon/OnlineFrameworkCommon.uplugin" 585
"../../../Engine/Plugins/Online/OnlineServices/OnlineServices.uplugin" 586
"../../../Engine/Plugins/Online/OnlineServicesOSSAdapter/OnlineServicesOSSAdapter.uplugin" 587
"../../../Engine/Plugins/Online/EOSShared/EOSShared.uplugin" 588
"../../../Engine/Plugins/Online/OnlineServicesEOSGS/OnlineServicesEOSGS.uplugin" 589
"../../../Engine/Plugins/Online/OnlineSubsystem/OnlineSubsystem.uplugin" 590
"../../../Engine/Plugins/Importers/USDImporterMDL/USDImporterMDL.uplugin" 591
"../../../Engine/Plugins/Online/OnlineServicesEOS/OnlineServicesEOS.uplugin" 592
"../../../Engine/Plugins/Online/OnlineSubsystemFacebook/OnlineSubsystemFacebook.uplugin" 593
"../../../Engine/Plugins/Online/OnlineSubsystemAmazon/OnlineSubsystemAmazon.uplugin" 594
"../../../Engine/Plugins/Online/OnlineSubsystemNull/OnlineSubsystemNull.uplugin" 595
"../../../Engine/Plugins/Online/OnlineSubsystemTencent/OnlineSubsystemTencent.uplugin" 596
"../../../Engine/Plugins/Online/OnlineSubsystemApple/OnlineSubsystemApple.uplugin" 597
"../../../Engine/Plugins/Online/OnlineSubsystemSteam/OnlineSubsystemSteam.uplugin" 598
"../../../Engine/Plugins/Online/OnlineSubsystemUtils/OnlineSubsystemUtils.uplugin" 599
"../../../Engine/Plugins/Online/OnlineFramework/OnlineFramework.uplugin" 600
"../../../Engine/Plugins/Online/OnlineSubsystemEOS/OnlineSubsystemEOS.uplugin" 601
"../../../Engine/Plugins/Online/SocketSubsystemEOS/SocketSubsystemEOS.uplugin" 602
"../../../Engine/Plugins/2D/Paper2D/Paper2D.uplugin" 603
"../../../Engine/Plugins/Cameras/CameraShakePreviewer/CameraShakePreviewer.uplugin" 604
"../../../Engine/Plugins/Cameras/EngineCameras/EngineCameras.uplugin" 605
"../../../Engine/Plugins/Messaging/MessagingDebugger/MessagingDebugger.uplugin" 606
"../../../Engine/Plugins/Portal/LauncherChunkInstaller/LauncherChunkInstaller.uplugin" 607
"../../../Engine/Plugins/Slate/SlateInsights/SlateInsights.uplugin" 608
"../../../Engine/Plugins/VirtualProduction/RemoteControl/RemoteControl.uplugin" 609
"../../../Engine/Plugins/Online/SocketSubsystemSteamIP/SocketSubsystemSteamIP.uplugin" 610
"../../../Engine/Plugins/Enterprise/AxFImporter/AxFImporter.uplugin" 611
"../../../Engine/Plugins/Online/OnlineBase/OnlineBase.uplugin" 612
"../../../Engine/Plugins/Slate/SlateScripting/SlateScripting.uplugin" 613
"../../../Engine/Plugins/Enterprise/DataprepEditor/DataprepEditor.uplugin" 614
"../../../Engine/Plugins/Compression/OodleNetwork/OodleNetwork.uplugin" 615
"../../../Engine/Plugins/Enterprise/DatasmithC4DImporter/DatasmithC4DImporter.uplugin" 616
"../../../Engine/Plugins/Enterprise/DatasmithContent/DatasmithContent.uplugin" 617
"../../../Engine/Plugins/Online/OnlineSubsystemGoogle/OnlineSubsystemGoogle.uplugin" 618
"../../../Engine/Plugins/Enterprise/DatasmithFBXImporter/DatasmithFBXImporter.uplugin" 619
"../../../Engine/Plugins/Enterprise/DatasmithImporter/DatasmithImporter.uplugin" 620
"../../../Engine/Plugins/Cameras/GameplayCameras/GameplayCameras.uplugin" 621
"../../../Engine/Plugins/Enterprise/GLTFExporter/GLTFExporter.uplugin" 622
"../../../Engine/Plugins/Interchange/Assets/InterchangeAssets.uplugin" 623
"../../../Engine/Plugins/Online/WebAuth/WebAuth.uplugin" 624
"../../../Engine/Plugins/Interchange/Runtime/Interchange.uplugin" 625
"../../../Engine/Plugins/Enterprise/MDLImporter/MDLImporter.uplugin" 626
"../../../Engine/Plugins/Enterprise/VariantManagerContent/VariantManagerContent.uplugin" 627
"../../../Engine/Plugins/MovieScene/CustomizableSequencerTracks/CustomizableSequencerTracks.uplugin" 628
"../../../Engine/Plugins/MovieScene/ActorSequence/ActorSequence.uplugin" 629
"../../../Engine/Plugins/Interchange/Editor/InterchangeEditor.uplugin" 630
"../../../Engine/Plugins/MovieScene/MovieSceneTextTrack/MovieSceneTextTrack.uplugin" 631
"../../../Engine/Plugins/MovieScene/MoviePipelineMaskRenderPass/MoviePipelineMaskRenderPass.uplugin" 632
"../../../Engine/Plugins/MovieScene/MovieRenderPipeline/MovieRenderPipeline.uplugin" 633
"../../../Engine/Plugins/PCGInterops/PCGGeometryScriptInterop/PCGGeometryScriptInterop.uplugin" 634
"../../../Engine/Plugins/MovieScene/SequencerScripting/SequencerScripting.uplugin" 635
"../../../Engine/Plugins/MovieScene/SequenceValidator/SequenceValidator.uplugin" 636
"../../../Engine/Plugins/Enterprise/DatasmithCADImporter/DatasmithCADImporter.uplugin" 637
"../../../Engine/Plugins/Enterprise/LidarPointCloud/LidarPointCloud.uplugin" 638
"../../../Engine/Plugins/MovieScene/LevelSequenceEditor/LevelSequenceEditor.uplugin" 639
"../../../Engine/Plugins/MovieScene/ReplayTracks/ReplayTracks.uplugin" 640
"../../../Engine/Plugins/NNE/NNERuntimeORT/NNERuntimeORT.uplugin" 641
"../../../Engine/Plugins/PCGInterops/PCGPythonInterop/PCGPythonInterop.uplugin" 642
"../../../Engine/Plugins/Web/HttpBlueprint/HttpBlueprint.uplugin" 643
"../../../Engine/Plugins/Enterprise/VariantManager/VariantManager.uplugin" 644
"../../../Engine/Plugins/PCGInterops/PCGExternalDataInterop/PCGExternalDataInterop.uplugin" 645
"../../../Engine/Plugins/Protocols/MQTT/MQTT.uplugin" 646
"../../../Engine/Plugins/Editor/ContentBrowser/ContentBrowserAliasDataSource/ContentBrowserAliasDataSource.uplugin" 647
"../../../Engine/Plugins/Editor/ContentBrowser/ContentBrowserAssetDataSource/ContentBrowserAssetDataSource.uplugin" 648
"../../../Engine/Plugins/MovieScene/TemplateSequence/TemplateSequence.uplugin" 649
"../../../Engine/Plugins/Editor/ContentBrowser/ContentBrowserClassDataSource/ContentBrowserClassDataSource.uplugin" 650
"../../../Engine/Plugins/Runtime/Analytics/Adjust/Adjust.uplugin" 651
"../../../Engine/Plugins/Editor/Localization/PortableObjectFileDataSource/PortableObjectFileDataSource.uplugin" 652
"../../../Engine/Plugins/Editor/ContentBrowser/ContentBrowserFileDataSource/ContentBrowserFileDataSource.uplugin" 653
"../../../Engine/Plugins/Runtime/Analytics/AnalyticsBlueprintLibrary/AnalyticsBlueprintLibrary.uplugin" 654
"../../../Engine/Plugins/Runtime/PacketHandlers/AESHandlerComponent/AESHandlerComponent.uplugin" 655
"../../../Engine/Plugins/Runtime/Analytics/FileLogging/FileLogging.uplugin" 656
"../../../Engine/Plugins/Runtime/PacketHandlers/DTLSHandlerComponent/DTLSHandlerComponent.uplugin" 657
"../../../Engine/Plugins/NNE/NNEDenoiser/NNEDenoiser.uplugin" 658
"../../../Engine/Plugins/Animation/MLDeformer/ChaosFleshGenerator/ChaosFleshGenerator.uplugin" 659
"../../../Engine/Plugins/Animation/MLDeformer/NeuralMorphModel/NeuralMorphModel.uplugin" 660
"../../../Engine/Plugins/Online/OnlineServicesEpicCommon/OnlineServicesEpicCommon.uplugin" 661
"../../../Engine/Plugins/Animation/MLDeformer/NearestNeighborModel/NearestNeighborModel.uplugin" 662
"../../../Engine/Plugins/Animation/MLDeformer/VertexDeltaModel/VertexDeltaModel.uplugin" 663
"../../../Engine/Plugins/Animation/MLDeformer/ChaosClothGenerator/ChaosClothGenerator.uplugin" 664
"../../../Engine/Plugins/Animation/MLDeformer/MLDeformerFramework/MLDeformerFramework.uplugin" 665
"../../../Engine/Plugins/VirtualProduction/Rivermax/RivermaxCore/RivermaxCore.uplugin" 666
"../../../Engine/Plugins/Runtime/Windows/WinVirtualKeyboard/WinVirtualKeyboard.uplugin" 667
"../../../Engine/Plugins/Runtime/Windows/XInputDevice/XInputDevice.uplugin" 668
"../../../Engine/Plugins/Runtime/PacketHandlers/AESGCMHandlerComponent/AESGCMHandlerComponent.uplugin" 669
"../../../Engine/Plugins/Runtime/Windows/WinDualShock/WinDualShock.uplugin" 670
"../../../Engine/Plugins/Runtime/Analytics/AnalyticsMulticast/AnalyticsMulticast.uplugin" 671
"../../../Engine/Plugins/Experimental/MetaHuman/MetaHumanRuntime/MetaHumanRuntime.uplugin" 672
"../../../Engine/Plugins/VirtualProduction/Rivermax/RivermaxSync/RivermaxSync.uplugin" 673
"../../../Engine/Plugins/Experimental/MetaHuman/MetaHumanCharacterUAF/MetaHumanCharacterUAF.uplugin" 674
"../../../Engine/Plugins/Online/Android/OnlineSubsystemGooglePlay/OnlineSubsystemGooglePlay.uplugin" 675
"../../../Engine/Plugins/Runtime/Database/ADOSupport/ADOSupport.uplugin" 676
"../../../Engine/Plugins/Experimental/Web/WebAPI/WebAPI.uplugin" 677
"../../../Engine/Plugins/Runtime/Database/RemoteDatabaseSupport/RemoteDatabaseSupport.uplugin" 678
"../../../Engine/Plugins/Online/Android/AndroidFetchBackgroundDownload/AndroidFetchBackgroundDownload.uplugin" 679
"../../../Engine/Plugins/Runtime/Database/SQLiteCore/SQLiteCore.uplugin" 680
"../../../Engine/Plugins/VirtualProduction/Rivermax/RivermaxMedia/RivermaxMedia.uplugin" 681
"../../../Engine/Plugins/Experimental/VirtualProduction/VPSettings/VPSettings.uplugin" 682
"../../../Engine/Plugins/Runtime/Database/SQLiteSupport/SQLiteSupport.uplugin" 683
"../../../Engine/Plugins/Experimental/MetaHuman/MetaHumanCalibrationDiagnostics/MetaHumanCalibrationDiagnostics.uplugin" 684
"../../../Engine/Plugins/Online/VoiceChat/VoiceChat/VoiceChat.uplugin" 685
"../../../Engine/Plugins/Editor/ObjectMixer/LightMixer/LightMixer.uplugin" 686
"../../../Engine/Plugins/Experimental/VirtualProduction/VPRoles/VPRoles.uplugin" 687
"../../../Engine/Plugins/Runtime/MeshReconstruction/DummyMeshReconstructor/DummyMeshReconstructor.uplugin" 688
"../../../Engine/Plugins/Experimental/VirtualProduction/LedWallCalibration/LedWallCalibration.uplugin" 689
"../../../Engine/Plugins/Online/VoiceChat/EOSVoiceChat/EOSVoiceChat.uplugin" 690
"../../../Engine/Plugins/Runtime/Advertising/IOSTapJoy/IOSTapJoy.uplugin" 691
"../../../Engine/Plugins/Developer/Concert/ConcertMain/ConcertMain.uplugin" 692
"../../../Engine/Plugins/Interchange/Extensions/OpenUSD/InterchangeOpenUSD.uplugin" 693
"../../../Engine/Plugins/VirtualProduction/CaptureManager/CaptureManagerApp/CaptureManagerApp.uplugin" 694
"../../../Engine/Plugins/VirtualProduction/CaptureManager/CaptureManagerEditor/CaptureManagerEditor.uplugin" 695
"../../../Engine/Plugins/Runtime/XR/XRScribe/XRScribe.uplugin" 696
"../../../Engine/Plugins/VirtualProduction/CaptureManager/CaptureManagerCore/CaptureManagerCore.uplugin" 697
"../../../Engine/Plugins/Interchange/Extensions/OpenVDB/InterchangeOpenVDB.uplugin" 698
"../../../Engine/Plugins/Experimental/Animation/CurveExpression/CurveExpression.uplugin" 699
"../../../Engine/Plugins/VirtualProduction/CaptureManager/CaptureManagerDevices/CaptureManagerDevices.uplugin" 700
"../../../Engine/Plugins/Experimental/Animation/HierarchyTableAnimation/HierarchyTableAnimation.uplugin" 701
"../../../Engine/Plugins/Editor/ObjectMixer/ObjectMixer/ObjectMixer.uplugin" 702
"../../../Engine/Plugins/Experimental/Animation/Optimus/Optimus.uplugin" 703
"../../../Engine/Plugins/Experimental/Animation/ContextualAnimation/ContextualAnimation.uplugin" 704
"../../../Engine/Plugins/Runtime/XR/XRVisualization/XRVisualization.uplugin" 705
"../../../Engine/Plugins/Experimental/Animation/Locomotor/Locomotor.uplugin" 706
"../../../Engine/Plugins/Experimental/Animation/PackedAttributes/PackedAttributes.uplugin" 707
"../../../Engine/Plugins/Experimental/Animation/SkeletalMeshMorphTargetEditingTools/SkeletalMeshMorphTargetEditingTools.uplugin" 708
"../../../Engine/Plugins/Experimental/Animation/HierarchyTable/HierarchyTable.uplugin" 709
"../../../Engine/Plugins/Experimental/Animation/RigMapper/RigMapper.uplugin" 710
"../../../Engine/Plugins/VirtualProduction/DMX/DatasmithMVR/DatasmithMVR.uplugin" 711
"../../../Engine/Plugins/Experimental/Animation/RigMapperOp/RigMapperOp.uplugin" 712
"../../../Engine/Plugins/Experimental/PCGInterops/PCGWaterInterop/PCGWaterInterop.uplugin" 713
"../../../Engine/Plugins/Experimental/Animation/MotionTrajectory/MotionTrajectory.uplugin" 714
"../../../Engine/Plugins/Experimental/PCGInterops/PCGInstancedActorsInterop/PCGInstancedActorsInterop.uplugin" 715
"../../../Engine/Plugins/Experimental/PCGInterops/PCGNiagaraInterop/PCGNiagaraInterop.uplugin" 716
"../../../Engine/Plugins/VirtualProduction/DMX/DMXControlConsole/DMXControlConsole.uplugin" 717
"../../../Engine/Plugins/VirtualProduction/DMX/DMXDisplayCluster/DMXDisplayCluster.uplugin" 718
"../../../Engine/Plugins/Experimental/CharacterFXEditor/ExampleCharacterFXEditor/ExampleCharacterFXEditor.uplugin" 719
"../../../Engine/Plugins/VirtualProduction/DMX/DMXFixtures/DMXFixtures.uplugin" 720
"../../../Engine/Plugins/VirtualProduction/DMX/DMXGDTF/DMXGDTF.uplugin" 721
"../../../Engine/Plugins/Experimental/PCGInterops/PCGFastGeoInterop/PCGFastGeoInterop.uplugin" 722
"../../../Engine/Plugins/Experimental/PCGInterops/PCGNaniteAssembliesInterop/PCGNaniteAssembliesInterop.uplugin" 723
"../../../Engine/Plugins/Runtime/Database/DatabaseSupport/DatabaseSupport.uplugin" 724
"../../../Engine/Plugins/Experimental/Animation/TrajectoryTools/TrajectoryTools.uplugin" 725
"../../../Engine/Plugins/Online/IOS/OnlineSubsystemIOS/OnlineSubsystemIOS.uplugin" 726
"../../../Engine/Plugins/VirtualProduction/DMX/DMXModularFeatures/DMXModularFeatures.uplugin" 727
"../../../Engine/Plugins/Experimental/Enterprise/DatasmithInterchange/DatasmithInterchange.uplugin" 728
"../../../Engine/Plugins/Experimental/CharacterFXEditor/BaseCharacterFXEditor/BaseCharacterFXEditor.uplugin" 729
"../../../Engine/Plugins/Experimental/Animation/RelativeIKOp/RelativeIKOp.uplugin" 730
"../../../Engine/Plugins/Experimental/Enterprise/DatasmithRuntime/DatasmithRuntime.uplugin" 731
"../../../Engine/Plugins/Experimental/Enterprise/DataprepGeometryOperations/DataprepGeometryOperations.uplugin" 732
"../../../Engine/Plugins/VirtualProduction/DMX/DMXPixelMapping/DMXPixelMapping.uplugin" 733
"../../../Engine/Plugins/Experimental/UAF/UAFMirroring/UAFMirroring.uplugin" 734
"../../../Engine/Plugins/VirtualProduction/DMX/DMXProtocol/DMXProtocol.uplugin" 735
"../../../Engine/Plugins/Experimental/UAF/UAFPoseSearch/UAFPoseSearch.uplugin" 736
"../../../Engine/Plugins/Experimental/UAF/UAFTests/UAFTests.uplugin" 737
"../../../Engine/Plugins/Experimental/UAF/UAFStateTree/UAFStateTree.uplugin" 738
"../../../Engine/Plugins/Experimental/UAF/UAFWarping/UAFWarping.uplugin" 739
"../../../Engine/Plugins/Experimental/UAF/UAF/UAF.uplugin" 740
"../../../Engine/Plugins/Experimental/UAF/UAFControlRig/UAFControlRig.uplugin" 741
"../../../Engine/Plugins/Experimental/UAF/UAFChooser/UAFChooser.uplugin" 742
"../../../Engine/Plugins/Runtime/Nvidia/GeForceNOWWrapper/GeForceNOWWrapper.uplugin" 743
"../../../Engine/Plugins/Experimental/UAF/UAFAnimGraph/UAFAnimGraph.uplugin" 744
"../../../Engine/Plugins/VirtualProduction/DMX/DMXEngine/DMXEngine.uplugin" 745
"../../../Engine/Plugins/Runtime/Steam/SteamController/SteamController.uplugin" 746
"../../../Engine/Plugins/Experimental/AVCodecs/LibVpxCodecs/LibVpxCodecs.uplugin" 747
"../../../Engine/Plugins/Experimental/AVCodecs/VTCodecs/VTCodecs.uplugin" 748
"../../../Engine/Plugins/Runtime/Steam/SteamAudio/SteamAudio.uplugin" 749
"../../../Engine/Plugins/Experimental/AVCodecs/AVCodecsCore/AVCodecsCore.uplugin" 750
"../../../Engine/Plugins/Runtime/Steam/SteamShared/SteamShared.uplugin" 751
"../../../Engine/Plugins/Experimental/AVCodecs/AMFCodecs/AMFCodecs.uplugin" 752
"../../../Engine/Plugins/Runtime/AR/ARUtilities/ARUtilities.uplugin" 753
"../../../Engine/Plugins/Experimental/AVCodecs/NVCodecs/NVCodecs.uplugin" 754
"../../../Engine/Plugins/Developer/Concert/ConcertSync/ConcertSyncCore/ConcertSyncCore.uplugin" 755
"../../../Engine/Plugins/Developer/Concert/ConcertSync/ConcertSyncClient/ConcertSyncClient.uplugin" 756
"../../../Engine/Plugins/Runtime/Nvidia/Reflex/Reflex.uplugin" 757
"../../../Engine/Plugins/Developer/Concert/ConcertApp/DisasterRecoveryClient/DisasterRecoveryClient.uplugin" 758
"../../../Engine/Plugins/Experimental/AVCodecs/WMFCodecs/WMFCodecs.uplugin" 759
"../../../Engine/Plugins/Developer/Concert/ConcertSync/ConcertSyncTest/ConcertSyncTest.uplugin" 760
"../../../Engine/Plugins/Developer/Concert/ConcertApp/MultiUserClient/MultiUserClient.uplugin" 761
"../../../Engine/Plugins/Runtime/AR/AppleAR/AppleARKitFaceSupport/AppleARKitFaceSupport.uplugin" 762
"../../../Engine/Plugins/Runtime/Steam/SteamSockets/SteamSockets.uplugin" 763
"../../../Engine/Plugins/Runtime/AR/AppleAR/AppleARKit/AppleARKit.uplugin" 764
"../../../Engine/Plugins/Developer/Concert/ConcertApp/MultiUserServer/MultiUserServer.uplugin" 765
"../../../Engine/Plugins/Developer/Concert/ConcertInsights/ConcertInsightsServer/ConcertInsightsServer.uplugin" 766
"../../../Engine/Plugins/Developer/Concert/ConcertSync/ConcertSyncServer/ConcertSyncServer.uplugin" 767
"../../../Engine/Plugins/Developer/Concert/ConcertInsights/ConcertInsightsClient/ConcertInsightsClient.uplugin" 768
"../../../Engine/Plugins/Runtime/AR/Google/GoogleARCore/GoogleARCore.uplugin" 769
"../../../Engine/Plugins/Developer/Concert/ConcertInsights/ConcertInsightsCore/ConcertInsightsCore.uplugin" 770
"../../../Engine/Plugins/Developer/Concert/ConcertInsights/ConcertInsightsVisualizer/ConcertInsightsVisualizer.uplugin" 771
"../../../Engine/Plugins/Runtime/AR/Google/GoogleARCoreServices/GoogleARCoreServices.uplugin" 772
"../../../Engine/Plugins/Experimental/Animation/MLDeformer/DetailPoseModel/DetailPoseModel.uplugin" 773
"../../../Engine/Plugins/Developer/Concert/ConcertScripting/ConcertReplicationScripting/ConcertReplicationScripting.uplugin" 774
"../../../Engine/Plugins/Developer/Concert/ConcertUI/ConcertClientSharedSlate/ConcertClientSharedSlate.uplugin" 775
"../../../Engine/Plugins/Developer/Concert/ConcertUI/ConcertSharedSlate/ConcertSharedSlate.uplugin" 776
"../../../Engine/Platforms/Android/Plugins/Animation/RigLogic/RigLogic_Android.uplugin" 777
"../../../Engine/Platforms/Android/Plugins/Animation/ACLPlugin/ACLPlugin_Android.uplugin" 778
"../../../Engine/Platforms/IOS/Plugins/Animation/RigLogic/RigLogic_IOS.uplugin" 779
"../../../Engine/Content/Internationalization/icudt64l/cnvalias.icu" 780
"../../../Engine/Content/Internationalization/icudt64l/res_index.res" 781
"../../../Engine/Content/Internationalization/icudt64l/plurals.res" 782
"../../../Engine/Content/Internationalization/icudt64l/lang/en_AU.res" 783
"../../../Engine/Content/Internationalization/icudt64l/lang/pool.res" 784
"../../../Engine/Content/Internationalization/icudt64l/lang/en_001.res" 785
"../../../Engine/Content/Internationalization/icudt64l/lang/en.res" 786
"../../../Engine/Content/Internationalization/icudt64l/lang/root.res" 787
"../../../Engine/Content/Internationalization/icudt64l/region/en_AU.res" 788
"../../../Engine/Content/Internationalization/icudt64l/region/pool.res" 789
"../../../Engine/Content/Internationalization/icudt64l/region/en.res" 790
"../../../Engine/Content/Internationalization/icudt64l/region/root.res" 791
"../../../Engine/Content/Internationalization/icudt64l/windowsZones.res" 792
"../../../Engine/Content/Internationalization/icudt64l/zoneinfo64.res" 793
"../../../Engine/Content/Internationalization/icudt64l/keyTypeData.res" 794
"../../../Engine/Content/Internationalization/icudt64l/timezoneTypes.res" 795
"../../../Engine/Content/Internationalization/icudt64l/likelySubtags.res" 796
"../../../Engine/Content/Internationalization/icudt64l/en_US.res" 797
"../../../Engine/Content/Internationalization/icudt64l/pool.res" 798
"../../../Engine/Content/Internationalization/icudt64l/en.res" 799
"../../../Engine/Content/Internationalization/icudt64l/root.res" 800
"../../../Engine/Content/Internationalization/icudt64l/supplementalData.res" 801
"../../../Engine/Config/ConfigRedirects.ini" 802
"C:/Users/thoma/AppData/Local/UnrealEngine/5.7/Saved/Config/WindowsEditor/Manifest.ini" 803
"../../../Engine/Config/BaseEngine.ini" 804
"../../../Engine/Config/Windows/BaseWindowsEngine.ini" 805
"../../../../../../Tidy/TidyPrototype/Config/DefaultEngine.ini" 806
"../../../Engine/Config/BaseGame.ini" 807
"../../../../../../Tidy/TidyPrototype/Config/DefaultGame.ini" 808
"../../../Engine/Config/Windows/WindowsGame.ini" 809
"C:/Tidy/TidyPrototype/Saved/Config/WindowsEditor/Game.ini" 810
"../../../Engine/Config/BaseInput.ini" 811
"../../../Engine/Config/Windows/BaseWindowsInput.ini" 812
"../../../../../../Tidy/TidyPrototype/Config/DefaultInput.ini" 813
"../../../Engine/Config/Windows/WindowsInput.ini" 814
"../../../Engine/Config/BaseDeviceProfiles.ini" 815
"../../../Engine/Config/BaseGameUserSettings.ini" 816
"C:/Tidy/TidyPrototype/Saved/Config/WindowsEditor/GameUserSettings.ini" 817
"../../../Engine/Config/BaseScalability.ini" 818
"../../../Engine/Config/BaseRuntimeOptions.ini" 819
"../../../Engine/Config/BaseInstallBundle.ini" 820
"../../../Engine/Config/BaseHardware.ini" 821
"../../../../../../Tidy/TidyPrototype/Config/DefaultGameplayTags.ini" 822
"../../../Engine/Config/BaseCompat.ini" 823
"../../../Engine/Config/BaseLightmass.ini" 824
"../../../Engine/Config/BaseEditor.ini" 825
"../../../../../../Tidy/TidyPrototype/Config/DefaultEditor.ini" 826
"C:/Tidy/TidyPrototype/Saved/Config/WindowsEditor/Editor.ini" 827
"../../../Engine/Config/BaseMaterialExpressions.ini" 828
"../../../Engine/Config/BaseEditorPerProjectUserSettings.ini" 829
"../../../../../../Tidy/TidyPrototype/Config/DefaultEditorPerProjectUserSettings.ini" 830
"../../../Engine/Config/Windows/WindowsEditorPerProjectUserSettings.ini" 831
"C:/Tidy/TidyPrototype/Saved/Config/WindowsEditor/EditorPerProjectUserSettings.ini" 832
"../../../Engine/Config/BaseEditorSettings.ini" 833
"../../../Engine/Config/Windows/WindowsEditorSettings.ini" 834
"C:/Users/thoma/AppData/Local/UnrealEngine/5.7/Saved/Config/WindowsEditor/EditorSettings.ini" 835
"../../../Engine/Config/BaseEditorKeyBindings.ini" 836
"C:/Users/thoma/AppData/Local/UnrealEngine/5.7/Saved/Config/WindowsEditor/EditorLayout.ini" 837
"../../../../../../Tidy/TidyPrototype/Intermediate/CachedAssetRegistryDiscovery.bin" 838
"../../../../../../Tidy/TidyPrototype/Binaries/Win64/TidyPrototype-Win64-Shipping.target" 839
"../../../Engine/Config/Linux/BaseLinuxEngine.ini" 840
"../../../Engine/Config/Mac/BaseMacEngine.ini" 841
"../../../Engine/Config/IOS/BaseIOSEngine.ini" 842
"../../../Engine/Config/Android/BaseAndroidEngine.ini" 843
"../../../Engine/Config/Unix/UnixEngine.ini" 844
"../../../Engine/Config/Linux/LinuxEngine.ini" 845
"../../../Engine/Platforms/VisionOS/Config/BaseVisionOSEngine.ini" 846
"../../../Engine/Config/Android/AndroidEngine.ini" 847
"../../../Engine/Config/TVOS/TVOSEngine.ini" 848
"../../../Engine/Platforms/VisionOS/Config/VisionOSEngine.ini" 849
"../../../Engine/Binaries/Win64/BootstrapPackagedGame-Win64-Shipping.target" 850
"../../../Engine/Binaries/Win64/BuildPatchTool-Win64-Shipping.target" 851
"../../../Engine/Binaries/Win64/CrashReportClient-Win64-Shipping.target" 852
"../../../Engine/Binaries/Win64/CrashReportClientEditor-Win64-Shipping.target" 853
"../../../Engine/Binaries/Win64/DatasmithCADWorker.target" 854
"../../../Engine/Binaries/Win64/EpicWebHelper-Win64-Shipping.target" 855
"../../../Engine/Binaries/Win64/InterchangeWorker.target" 856
"../../../Engine/Binaries/Win64/LiveCodingConsole.target" 857
"../../../Engine/Binaries/Win64/LiveLinkHub.target" 858
"../../../Engine/Config/IOS/BaseIOSGame.ini" 859
"../../../Engine/Config/Android/BaseAndroidGame.ini" 860
"../../../Engine/Config/Mac/MacGame.ini" 861
"../../../Engine/Config/IOS/IOSGame.ini" 862
"../../../Engine/Config/Linux/LinuxGame.ini" 863
"../../../Engine/Config/Mac/BaseMacInput.ini" 864
"../../../Engine/Config/Android/BaseAndroidInput.ini" 865
"../../../Engine/Config/IOS/BaseIOSInput.ini" 866
"../../../Engine/Config/Android/AndroidScalability.ini" 867
"../../../Engine/Config/IOS/IOSScalability.ini" 868
"../../../Engine/Config/Android/BaseAndroidInstallBundle.ini" 869
"../../../Engine/Config/IOS/BaseIOSInstallBundle.ini" 870
"../../../Engine/Binaries/Win64/ShaderCompileWorker.target" 871
"../../../Engine/Binaries/Win64/SwitchboardListener.target" 872
"../../../Engine/Binaries/Win64/SwitchboardListenerHelper.target" 873
"../../../Engine/Binaries/Win64/UnrealEditor-Win64-DebugGame.target" 874
"../../../Engine/Binaries/Win64/UnrealEditor.target" 875
"../../../Engine/Config/PluginBase.ini" 876
"../../../Engine/Plugins/ChaosVD/Config/DefaultChaosVD.ini" 877
"../../../Engine/Plugins/EnhancedInput/Config/BaseEnhancedInput.ini" 878
"../../../Engine/Plugins/TraceUtilities/Config/BaseTraceUtilities.ini" 879
"../../../Engine/Plugins/Compositing/CompositeCore/Config/BaseCompositeCore.ini" 880
"../../../Engine/Plugins/Editor/EditorScriptingUtilities/Config/BaseEditorScriptingUtilities.ini" 881
"../../../Engine/Plugins/FX/Niagara/Config/BaseNiagara.ini" 882
"../../../../../../Tidy/TidyPrototype/Config/DefaultNiagara.ini" 883
"C:/Tidy/TidyPrototype/Saved/Config/WindowsEditor/Niagara.ini" 884
"../../../Engine/Plugins/Runtime/GameplayStateTree/Config/BaseGameplayStateTree.ini" 885
"../../../Engine/Plugins/Runtime/HairStrands/Config/BaseHairStrands.ini" 886
"../../../Engine/Plugins/Runtime/Metasound/Config/BaseMetasound.ini" 887
"../../../Engine/Plugins/Runtime/Metasound/Config/DefaultMetasound.ini" 888
"../../../Engine/Plugins/Runtime/PropertyBindingUtils/Config/BasePropertyBindingUtils.ini" 889
"../../../Engine/Plugins/Runtime/RigVM/Config/BaseRigVM.ini" 890
"../../../Engine/Plugins/Runtime/StateTree/Config/BaseStateTree.ini" 891
"../../../Engine/Plugins/Runtime/Synthesis/Config/BaseSynthesis.ini" 892
"../../../Engine/Plugins/Animation/ControlRig/Config/BaseControlRig.ini" 893
"../../../Engine/Plugins/Animation/DeformerGraph/Config/BaseDeformerGraph.ini" 894
"../../../Engine/Plugins/Animation/IKRig/Config/BaseIKRig.ini" 895
"../../../Engine/Plugins/Experimental/FullBodyIK/Config/BaseFullBodyIK.ini" 896
"../../../Engine/Plugins/Experimental/ToolPresets/Config/BaseToolPresets.ini" 897
"../../../Engine/Plugins/MetaHuman/MetaHumanSDK/Config/BaseMetaHumanSDK.ini" 898
"../../../Engine/Plugins/VirtualProduction/Takes/Config/BaseTakes.ini" 899
"../../../Engine/Plugins/2D/Paper2D/Config/BasePaper2D.ini" 900
"../../../Engine/Plugins/Cameras/GameplayCameras/Config/BaseGameplayCameras.ini" 901
"../../../Engine/Plugins/Enterprise/DatasmithContent/Config/BaseDatasmithContent.ini" 902
"../../../Engine/Plugins/Enterprise/GLTFExporter/Config/BaseGLTFExporter.ini" 903
"../../../Engine/Plugins/Enterprise/GLTFExporter/Config/DefaultGLTFExporter.ini" 904
"../../../Engine/Plugins/Interchange/Assets/Config/BaseInterchangeAssets.ini" 905
"../../../Engine/Plugins/Interchange/Runtime/Config/BaseInterchange.ini" 906
"../../../Engine/Plugins/Enterprise/VariantManagerContent/Config/BaseVariantManagerContent.ini" 907
"../../../Engine/Plugins/ChaosVD/Config/Engine.ini" 908
"../../../Engine/Plugins/EnhancedInput/Config/Input.ini" 909
"../../../Engine/Plugins/Runtime/InputDebugging/Config/Input.ini" 910
"../../../Engine/Plugins/Runtime/Windows/XInputDevice/Config/Input.ini" 911
"../../../Engine/Plugins/Runtime/RigVM/Config/Editor.ini" 912
"../../../Engine/Plugins/Online/OnlineSubsystemUtils/Config/Editor.ini" 913
"../../../Engine/Plugins/NNE/NNEDenoiser/Config/Game.ini" 914
"../../../Engine/Plugins/Editor/ModelingToolsEditorMode/Binaries/Win64/UnrealEditor.modules" 915
"../../../Engine/Plugins/Runtime/MeshModelingToolset/Binaries/Win64/UnrealEditor.modules" 916
"../../../Engine/Plugins/Experimental/MeshModelingToolsetExp/Binaries/Win64/UnrealEditor.modules" 917
"../../../Engine/Plugins/Editor/MeshLODToolset/Binaries/Win64/UnrealEditor.modules" 918
"../../../Engine/Plugins/Experimental/ToolPresets/Binaries/Win64/UnrealEditor.modules" 919
"../../../Engine/Plugins/Editor/StylusInput/Binaries/Win64/UnrealEditor.modules" 920
"../../../Engine/Plugins/Runtime/GeometryProcessing/Binaries/Win64/UnrealEditor.modules" 921
"../../../Engine/Plugins/Editor/ProxyLODPlugin/Binaries/Win64/UnrealEditor.modules" 922
"../../../Engine/Plugins/Experimental/PlanarCutPlugin/Binaries/Win64/UnrealEditor.modules" 923
"../../../Engine/Plugins/Runtime/GeometryCache/Binaries/Win64/UnrealEditor.modules" 924
"../../../Engine/Plugins/Experimental/GeometryFlow/Binaries/Win64/UnrealEditor.modules" 925
"../../../Engine/Plugins/Editor/EditorScriptingUtilities/Binaries/Win64/UnrealEditor.modules" 926
"../../../Engine/Plugins/FX/Niagara/Binaries/Win64/UnrealEditor.modules" 927
"../../../Engine/Plugins/Experimental/PythonScriptPlugin/Binaries/Win64/UnrealEditor.modules" 928
"../../../Engine/Plugins/Editor/ContentBrowser/ContentBrowserFileDataSource/Binaries/Win64/UnrealEditor.modules" 929
"../../../Engine/Plugins/Runtime/GameplayStateTree/Binaries/Win64/UnrealEditor.modules" 930
"../../../Engine/Plugins/Runtime/StateTree/Binaries/Win64/UnrealEditor.modules" 931
"../../../Engine/Plugins/Animation/GameplayInsights/Binaries/Win64/UnrealEditor.modules" 932
"../../../Engine/Plugins/Runtime/PropertyAccess/Binaries/Win64/UnrealEditor.modules" 933
"../../../Engine/Plugins/Runtime/PropertyBindingUtils/Binaries/Win64/UnrealEditor.modules" 934
"../../../Engine/Plugins/AudioInsights/Binaries/Win64/UnrealEditor.modules" 935
"../../../Engine/Plugins/Runtime/AudioWidgets/Binaries/Win64/UnrealEditor.modules" 936
"../../../Engine/Plugins/Runtime/AudioSynesthesia/Binaries/Win64/UnrealEditor.modules" 937
"../../../Engine/Plugins/ChaosCloth/Binaries/Win64/UnrealEditor.modules" 938
"../../../Engine/Plugins/Experimental/ChaosCaching/Binaries/Win64/UnrealEditor.modules" 939
"../../../Engine/Plugins/VirtualProduction/Takes/Binaries/Win64/UnrealEditor.modules" 940
"../../../Engine/Plugins/Runtime/AudioCapture/Binaries/Win64/UnrealEditor.modules" 941
"../../../Engine/Plugins/MovieScene/LevelSequenceEditor/Binaries/Win64/UnrealEditor.modules" 942
"../../../Engine/Plugins/Developer/NamingTokens/Binaries/Win64/UnrealEditor.modules" 943
"../../../Engine/Plugins/MovieScene/SequencerScripting/Binaries/Win64/UnrealEditor.modules" 944
"../../../Engine/Plugins/Editor/EngineAssetDefinitions/Binaries/Win64/UnrealEditor.modules" 945
"../../../Engine/Plugins/ChaosInsights/Binaries/Win64/UnrealEditor.modules" 946
"../../../Engine/Plugins/ChaosVD/Binaries/Win64/UnrealEditor.modules" 947
"../../../Engine/Plugins/Experimental/EditorDataStorage/Binaries/Win64/UnrealEditor.modules" 948
"../../../Engine/Plugins/Experimental/EditorDataStorageFeatures/Binaries/Win64/UnrealEditor.modules" 949
"../../../Engine/Plugins/CmdLinkServer/Binaries/Win64/UnrealEditor.modules" 950
"../../../Engine/Plugins/EnhancedInput/Binaries/Win64/UnrealEditor.modules" 951
"../../../Engine/Plugins/Editor/DataValidation/Binaries/Win64/UnrealEditor.modules" 952
"../../../Engine/Plugins/IoStoreInsights/Binaries/Win64/UnrealEditor.modules" 953
"../../../Engine/Plugins/MassInsights/Binaries/Win64/UnrealEditor.modules" 954
"../../../Engine/Plugins/MeshPainting/Binaries/Win64/UnrealEditor.modules" 955
"../../../Engine/Plugins/Interchange/Editor/Binaries/Win64/UnrealEditor.modules" 956
"../../../Engine/Plugins/Interchange/Runtime/Binaries/Win64/UnrealEditor.modules" 957
"../../../Engine/Plugins/Runtime/HairStrands/Binaries/Win64/UnrealEditor.modules" 958
"../../../Engine/Plugins/Enterprise/VariantManagerContent/Binaries/Win64/UnrealEditor.modules" 959
"../../../Engine/Plugins/Enterprise/VariantManager/Binaries/Win64/UnrealEditor.modules" 960
"../../../Engine/Plugins/Interchange/Assets/Binaries/Win64/UnrealEditor.modules" 961
"../../../Engine/Plugins/Animation/DeformerGraph/Binaries/Win64/UnrealEditor.modules" 962
"../../../Engine/Plugins/Experimental/Dataflow/Binaries/Win64/UnrealEditor.modules" 963
"../../../Engine/Plugins/Runtime/ComputeFramework/Binaries/Win64/UnrealEditor.modules" 964
"../../../Engine/Plugins/Animation/ControlRig/Binaries/Win64/UnrealEditor.modules" 965
"../../../Engine/Plugins/Experimental/CharacterFXEditor/BaseCharacterFXEditor/Binaries/Win64/UnrealEditor.modules" 966
"../../../Engine/Plugins/Runtime/ProceduralMeshComponent/Binaries/Win64/UnrealEditor.modules" 967
"../../../Engine/Plugins/Animation/SkeletalMeshModelingTools/Binaries/Win64/UnrealEditor.modules" 968
"../../../Engine/Plugins/Runtime/RigVM/Binaries/Win64/UnrealEditor.modules" 969
"../../../Engine/Plugins/Animation/TweeningUtils/Binaries/Win64/UnrealEditor.modules" 970
"../../../Engine/Plugins/RenderGraphInsights/Binaries/Win64/UnrealEditor.modules" 971
"../../../Engine/Plugins/TraceUtilities/Binaries/Win64/UnrealEditor.modules" 972
"../../../Engine/Plugins/WorldMetrics/Binaries/Win64/UnrealEditor.modules" 973
"../../../Engine/Plugins/XGEController/Binaries/Win64/UnrealEditor.modules" 974
"../../../Engine/Plugins/UbaController/Binaries/Win64/UnrealEditor.modules" 975
"../../../Engine/Plugins/AI/AISupport/Binaries/Win64/UnrealEditor.modules" 976
"../../../Engine/Plugins/AI/EnvironmentQueryEditor/Binaries/Win64/UnrealEditor.modules" 977
"../../../Engine/Plugins/Editor/BlueprintHeaderView/Binaries/Win64/UnrealEditor.modules" 978
"../../../Engine/Plugins/Editor/AssetManagerEditor/Binaries/Win64/UnrealEditor.modules" 979
"../../../Engine/Plugins/Editor/ContentBrowser/ContentBrowserAssetDataSource/Binaries/Win64/UnrealEditor.modules" 980
"../../../Engine/Plugins/Editor/ChangelistReview/Binaries/Win64/UnrealEditor.modules" 981
"../../../Engine/Plugins/Editor/ColorGrading/Binaries/Win64/UnrealEditor.modules" 982
"../../../Engine/Plugins/Editor/ObjectMixer/ObjectMixer/Binaries/Win64/UnrealEditor.modules" 983
"../../../Engine/Plugins/Editor/CurveEditorTools/Binaries/Win64/UnrealEditor.modules" 984
"../../../Engine/Plugins/Editor/CryptoKeys/Binaries/Win64/UnrealEditor.modules" 985
"../../../Engine/Plugins/Editor/FacialAnimation/Binaries/Win64/UnrealEditor.modules" 986
"../../../Engine/Plugins/Editor/EditorDebugTools/Binaries/Win64/UnrealEditor.modules" 987
"../../../Engine/Plugins/Editor/GameplayTagsEditor/Binaries/Win64/UnrealEditor.modules" 988
"../../../Engine/Plugins/Editor/GeometryMode/Binaries/Win64/UnrealEditor.modules" 989
"../../../Engine/Plugins/Editor/MobileLauncherProfileWizard/Binaries/Win64/UnrealEditor.modules" 990
"../../../Engine/Plugins/Editor/MaterialAnalyzer/Binaries/Win64/UnrealEditor.modules" 991
"../../../Engine/Plugins/Editor/PluginBrowser/Binaries/Win64/UnrealEditor.modules" 992
"../../../Engine/Plugins/Developer/PluginUtils/Binaries/Win64/UnrealEditor.modules" 993
"../../../Engine/Plugins/Editor/SequencerAnimTools/Binaries/Win64/UnrealEditor.modules" 994
"../../../Engine/Plugins/Editor/SpeedTreeImporter/Binaries/Win64/UnrealEditor.modules" 995
"../../../Engine/Plugins/Editor/UMGWidgetPreview/Binaries/Win64/UnrealEditor.modules" 996
"../../../Engine/Plugins/Editor/UVEditor/Binaries/Win64/UnrealEditor.modules" 997
"../../../Engine/Plugins/Editor/WorldPartitionHLODUtilities/Binaries/Win64/UnrealEditor.modules" 998
"../../../Engine/Plugins/FX/Cascade/Binaries/Win64/UnrealEditor.modules" 999
"../../../Engine/Plugins/FX/NiagaraPreviewContent/Binaries/Win64/UnrealEditor.modules" 1000
"../../../Engine/Plugins/FX/NiagaraSimCaching/Binaries/Win64/UnrealEditor.modules" 1001
"../../../Engine/Plugins/Media/AndroidMedia/Binaries/Win64/UnrealEditor.modules" 1002
"../../../Engine/Plugins/Media/AvfMedia/Binaries/Win64/UnrealEditor.modules" 1003
"../../../Engine/Plugins/Media/ImgMedia/Binaries/Win64/UnrealEditor.modules" 1004
"../../../Engine/Plugins/Media/MediaPlayerEditor/Binaries/Win64/UnrealEditor.modules" 1005
"../../../Engine/Plugins/Media/MediaCompositing/Binaries/Win64/UnrealEditor.modules" 1006
"../../../Engine/Plugins/Media/MediaPlate/Binaries/Win64/UnrealEditor.modules" 1007
"../../../Engine/Plugins/Compositing/CompositeCore/Binaries/Win64/UnrealEditor.modules" 1008
"../../../Engine/Plugins/Media/WmfMedia/Binaries/Win64/UnrealEditor.modules" 1009
"../../../Engine/Plugins/Runtime/ActorLayerUtilities/Binaries/Win64/UnrealEditor.modules" 1010
"../../../Engine/Plugins/Runtime/AndroidDeviceProfileSelector/Binaries/Win64/UnrealEditor.modules" 1011
"../../../Engine/Plugins/Runtime/AndroidFileServer/Binaries/Win64/UnrealEditor.modules" 1012
"../../../Engine/Plugins/Runtime/AndroidPermission/Binaries/Win64/UnrealEditor.modules" 1013
"../../../Engine/Plugins/Runtime/AppleImageUtils/Binaries/Win64/UnrealEditor.modules" 1014
"../../../Engine/Plugins/Runtime/ArchVisCharacter/Binaries/Win64/UnrealEditor.modules" 1015
"../../../Engine/Plugins/Runtime/AssetTags/Binaries/Win64/UnrealEditor.modules" 1016
"../../../Engine/Plugins/Runtime/CableComponent/Binaries/Win64/UnrealEditor.modules" 1017
"../../../Engine/Plugins/Runtime/ChunkDownloader/Binaries/Win64/UnrealEditor.modules" 1018
"../../../Engine/Plugins/Runtime/CustomMeshComponent/Binaries/Win64/UnrealEditor.modules" 1019
"../../../Engine/Plugins/Runtime/ExampleDeviceProfileSelector/Binaries/Win64/UnrealEditor.modules" 1020
"../../../Engine/Plugins/Runtime/GooglePAD/Binaries/Win64/UnrealEditor.modules" 1021
"../../../Engine/Plugins/Runtime/InputDebugging/Binaries/Win64/UnrealEditor.modules" 1022
"../../../Engine/Plugins/Runtime/LocationServicesBPLibrary/Binaries/Win64/UnrealEditor.modules" 1023
"../../../Engine/Plugins/Runtime/Metasound/Binaries/Win64/UnrealEditor.modules" 1024
"../../../Engine/Plugins/Runtime/WaveTable/Binaries/Win64/UnrealEditor.modules" 1025
"../../../Engine/Plugins/Runtime/MobilePatchingUtils/Binaries/Win64/UnrealEditor.modules" 1026
"../../../Engine/Plugins/Runtime/MsQuic/Binaries/Win64/UnrealEditor.modules" 1027
"../../../Engine/Plugins/Runtime/SoundFields/Binaries/Win64/UnrealEditor.modules" 1028
"../../../Engine/Plugins/Runtime/ResonanceAudio/Binaries/Win64/UnrealEditor.modules" 1029
"../../../Engine/Plugins/Runtime/Synthesis/Binaries/Win64/UnrealEditor.modules" 1030
"../../../Engine/Plugins/Runtime/WebMMoviePlayer/Binaries/Win64/UnrealEditor.modules" 1031
"../../../Engine/Plugins/Media/WebMMedia/Binaries/Win64/UnrealEditor.modules" 1032
"../../../Engine/Plugins/Runtime/WindowsMoviePlayer/Binaries/Win64/UnrealEditor.modules" 1033
"../../../Engine/Plugins/Runtime/WindowsDeviceProfileSelector/Binaries/Win64/UnrealEditor.modules" 1034
"../../../Engine/Plugins/Animation/AnimationData/Binaries/Win64/UnrealEditor.modules" 1035
"../../../Engine/Plugins/Animation/AnimationModifierLibrary/Binaries/Win64/UnrealEditor.modules" 1036
"../../../Engine/Plugins/Animation/ACLPlugin/Binaries/Win64/UnrealEditor.modules" 1037
"../../../Engine/Plugins/Animation/BlendSpaceMotionAnalysis/Binaries/Win64/UnrealEditor.modules" 1038
"../../../Engine/Plugins/Animation/ControlRigSpline/Binaries/Win64/UnrealEditor.modules" 1039
"../../../Engine/Plugins/Animation/EaseCurveTool/Binaries/Win64/UnrealEditor.modules" 1040
"../../../Engine/Plugins/Animation/IKRig/Binaries/Win64/UnrealEditor.modules" 1041
"../../../Engine/Plugins/Experimental/FullBodyIK/Binaries/Win64/UnrealEditor.modules" 1042
"../../../Engine/Plugins/Developer/AnimationSharing/Binaries/Win64/UnrealEditor.modules" 1043
"../../../Engine/Plugins/Runtime/SignificanceManager/Binaries/Win64/UnrealEditor.modules" 1044
"../../../Engine/Plugins/Developer/CLionSourceCodeAccess/Binaries/Win64/UnrealEditor.modules" 1045
"../../../Engine/Plugins/Developer/GitSourceControl/Binaries/Win64/UnrealEditor.modules" 1046
"../../../Engine/Plugins/Developer/N10XSourceCodeAccess/Binaries/Win64/UnrealEditor.modules" 1047
"../../../Engine/Plugins/Developer/PerforceSourceControl/Binaries/Win64/UnrealEditor.modules" 1048
"../../../Engine/Plugins/Developer/GPUReshape/Binaries/Win64/UnrealEditor.modules" 1049
"../../../Engine/Plugins/Developer/PlasticSourceControl/Binaries/Win64/UnrealEditor.modules" 1050
"../../../Engine/Plugins/Developer/PixWinPlugin/Binaries/Win64/UnrealEditor.modules" 1051
"../../../Engine/Plugins/Developer/RenderDocPlugin/Binaries/Win64/UnrealEditor.modules" 1052
"../../../Engine/Plugins/Developer/ProjectLauncher/Binaries/Win64/UnrealEditor.modules" 1053
"../../../Engine/Plugins/Developer/PropertyAccessNode/Binaries/Win64/UnrealEditor.modules" 1054
"../../../Engine/Plugins/Developer/SubversionSourceControl/Binaries/Win64/UnrealEditor.modules" 1055
"../../../Engine/Plugins/Developer/TextureFormatOodle/Binaries/Win64/UnrealEditor.modules" 1056
"../../../Engine/Plugins/Developer/DumpGPUServices/Binaries/Win64/UnrealEditor.modules" 1057
"../../../Engine/Plugins/Developer/RiderSourceCodeAccess/Binaries/Win64/UnrealEditor.modules" 1058
"../../../Engine/Plugins/Developer/VisualStudioSourceCodeAccess/Binaries/Win64/UnrealEditor.modules" 1059
"../../../Engine/Plugins/Developer/UObjectPlugin/Binaries/Win64/UnrealEditor.modules" 1060
"../../../Engine/Plugins/Developer/VisualStudioCodeSourceCodeAccess/Binaries/Win64/UnrealEditor.modules" 1061
"../../../Engine/Plugins/Experimental/AdvancedRenamer/Binaries/Win64/UnrealEditor.modules" 1062
"../../../Engine/Plugins/Experimental/BackChannel/Binaries/Win64/UnrealEditor.modules" 1063
"../../../Engine/Plugins/Experimental/ChaosNiagara/Binaries/Win64/UnrealEditor.modules" 1064
"../../../Engine/Plugins/Experimental/ChaosSolverPlugin/Binaries/Win64/UnrealEditor.modules" 1065
"../../../Engine/Plugins/Experimental/AutomationUtils/Binaries/Win64/UnrealEditor.modules" 1066
"../../../Engine/Plugins/Experimental/ChaosUserDataPT/Binaries/Win64/UnrealEditor.modules" 1067
"../../../Engine/Plugins/Experimental/ChaosEditor/Binaries/Win64/UnrealEditor.modules" 1068
"../../../Engine/Plugins/Experimental/GeometryCollectionPlugin/Binaries/Win64/UnrealEditor.modules" 1069
"../../../Engine/Plugins/Experimental/Fracture/Binaries/Win64/UnrealEditor.modules" 1070
"../../../Engine/Plugins/Experimental/GeometryDataflow/Binaries/Win64/UnrealEditor.modules" 1071
"../../../Engine/Plugins/Experimental/CharacterAI/Binaries/Win64/UnrealEditor.modules" 1072
"../../../Engine/Plugins/Experimental/EditorPerformance/Binaries/Win64/UnrealEditor.modules" 1073
"../../../Engine/Plugins/Experimental/EditorTelemetry/Binaries/Win64/UnrealEditor.modules" 1074
"../../../Engine/Plugins/Experimental/GlobalConfigurationData/Binaries/Win64/UnrealEditor.modules" 1075
"../../../Engine/Plugins/Experimental/LocalizableMessage/Binaries/Win64/UnrealEditor.modules" 1076
"../../../Engine/Plugins/Experimental/LevelSequenceNavigatorBridge/Binaries/Win64/UnrealEditor.modules" 1077
"../../../Engine/Plugins/Experimental/SequenceNavigator/Binaries/Win64/UnrealEditor.modules" 1078
"../../../Engine/Plugins/Experimental/NFORDenoise/Binaries/Win64/UnrealEditor.modules" 1079
"../../../Engine/Plugins/Experimental/PlatformCrypto/Binaries/Win64/UnrealEditor.modules" 1080
"../../../Engine/Plugins/Experimental/RuntimeTelemetry/Binaries/Win64/UnrealEditor.modules" 1081
"../../../Engine/Plugins/Experimental/SkeletalReduction/Binaries/Win64/UnrealEditor.modules" 1082
"../../../Engine/Plugins/MetaHuman/MetaHumanSDK/Binaries/Win64/UnrealEditor.modules" 1083
"../../../Engine/Plugins/Animation/RigLogic/Binaries/Win64/UnrealEditor.modules" 1084
"../../../Engine/Plugins/Online/EOSShared/Binaries/Win64/UnrealEditor.modules" 1085
"../../../Engine/Plugins/Tests/InterchangeTests/Binaries/Win64/UnrealEditor.modules" 1086
"../../../Engine/Plugins/Importers/AlembicImporter/Binaries/Win64/UnrealEditor.modules" 1087
"../../../Engine/Plugins/Messaging/UdpMessaging/Binaries/Win64/UnrealEditor.modules" 1088
"../../../Engine/Plugins/Messaging/TcpMessaging/Binaries/Win64/UnrealEditor.modules" 1089
"../../../Engine/Plugins/Online/OnlineSubsystem/Binaries/Win64/UnrealEditor.modules" 1090
"../../../Engine/Plugins/Online/OnlineBase/Binaries/Win64/UnrealEditor.modules" 1091
"../../../Engine/Plugins/Online/OnlineSubsystemNull/Binaries/Win64/UnrealEditor.modules" 1092
"../../../Engine/Plugins/Online/OnlineSubsystemUtils/Binaries/Win64/UnrealEditor.modules" 1093
"../../../Engine/Plugins/Online/OnlineServices/Binaries/Win64/UnrealEditor.modules" 1094
"../../../Engine/Plugins/Cameras/CameraShakePreviewer/Binaries/Win64/UnrealEditor.modules" 1095
"../../../Engine/Plugins/Cameras/GameplayCameras/Binaries/Win64/UnrealEditor.modules" 1096
"../../../Engine/Plugins/MovieScene/TemplateSequence/Binaries/Win64/UnrealEditor.modules" 1097
"../../../Engine/Plugins/2D/Paper2D/Binaries/Win64/UnrealEditor.modules" 1098
"../../../Engine/Plugins/Cameras/EngineCameras/Binaries/Win64/UnrealEditor.modules" 1099
"../../../Engine/Plugins/Portal/LauncherChunkInstaller/Binaries/Win64/UnrealEditor.modules" 1100
"../../../Engine/Plugins/Compression/OodleNetwork/Binaries/Win64/UnrealEditor.modules" 1101
"../../../Engine/Plugins/Enterprise/DatasmithContent/Binaries/Win64/UnrealEditor.modules" 1102
"../../../Engine/Plugins/Enterprise/GLTFExporter/Binaries/Win64/UnrealEditor.modules" 1103
"../../../Engine/Plugins/MovieScene/ActorSequence/Binaries/Win64/UnrealEditor.modules" 1104
"../../../Engine/Plugins/MovieScene/SequenceValidator/Binaries/Win64/UnrealEditor.modules" 1105
"../../../Engine/Plugins/NNE/NNEDenoiser/Binaries/Win64/UnrealEditor.modules" 1106
"../../../Engine/Plugins/NNE/NNERuntimeORT/Binaries/Win64/UnrealEditor.modules" 1107
"../../../Engine/Plugins/Editor/ContentBrowser/ContentBrowserClassDataSource/Binaries/Win64/UnrealEditor.modules" 1108
"../../../Engine/Plugins/Editor/Localization/PortableObjectFileDataSource/Binaries/Win64/UnrealEditor.modules" 1109
"../../../Engine/Plugins/Runtime/Windows/XInputDevice/Binaries/Win64/UnrealEditor.modules" 1110
"../../../Engine/Plugins/Editor/ObjectMixer/LightMixer/Binaries/Win64/UnrealEditor.modules" 1111
"../../../Engine/Config/BaseSourceControlSettings.ini" 1112
"../../../Engine/Content/Internationalization/icudt64l/coll/ucadata.icu" 1113
"../../../Engine/Content/Internationalization/icudt64l/coll/en_US.res" 1114
"../../../Engine/Content/Internationalization/icudt64l/coll/en.res" 1115
"../../../Engine/Content/Internationalization/icudt64l/coll/root.res" 1116
"../../../Engine/Content/Certificates/ThirdParty/cacert.pem" 1117
"../../../Engine/Config/ConsoleVariables.ini" 1118
"../../../Engine/Binaries/Win64/Android/UnrealEditor.modules" 1119
"../../../Engine/Binaries/Win64/IOS/UnrealEditor.modules" 1120
"../../../Engine/Binaries/Win64/Linux/UnrealEditor.modules" 1121
"../../../Engine/Content/Localization/Editor/en/Editor.locres" 1122
"../../../Engine/Content/Localization/Keywords/en/Keywords.locres" 1123
"../../../Engine/Content/Localization/Category/en/Category.locres" 1124
"../../../Engine/Content/Localization/ToolTips/en/ToolTips.locres" 1125
"../../../Engine/Content/Localization/PropertyNames/en/PropertyNames.locres" 1126
"../../../Engine/Content/Localization/Engine/en/Engine.locres" 1127
"../../../Engine/Plugins/MetaHuman/MetaHumanSDK/Content/Localization/MetaHumanSDK/en/MetaHumanSDK.locres" 1128
"../../../Engine/Plugins/MetaHuman/MetaHumanSDK/Content/Localization/MetaHumanSDK_Properties/en/MetaHumanSDK_Properties.locres" 1129
"../../../Engine/Plugins/MetaHuman/MetaHumanSDK/Content/Localization/MetaHumanSDK_Tooltips/en/MetaHumanSDK_Tooltips.locres" 1130
"../../../Engine/Plugins/Online/OnlineSubsystem/Content/Localization/OnlineSubsystem/en/OnlineSubsystem.locres" 1131
"../../../Engine/Plugins/Online/OnlineSubsystemUtils/Content/Localization/OnlineSubsystemUtils/en/OnlineSubsystemUtils.locres" 1132
"../../../Engine/Plugins/Online/Android/OnlineSubsystemGooglePlay/Content/Localization/OnlineSubsystemGooglePlay/en/OnlineSubsystemGooglePlay.locres" 1133
"../../../Engine/Plugins/Online/IOS/OnlineSubsystemIOS/Content/Localization/OnlineSubsystemIOS/en/OnlineSubsystemIOS.locres" 1134
"../../../Engine/Content/Internationalization/icudt64l/en_AU.res" 1135
"../../../Engine/Content/Internationalization/icudt64l/en_001.res" 1136
"../../../Engine/Content/Internationalization/icudt64l/numberingSystems.res" 1137
"../../../Engine/Content/Internationalization/icudt64l/curr/supplementalData.res" 1138
"../../../Engine/Content/Internationalization/icudt64l/curr/en_AU.res" 1139
"../../../Engine/Content/Internationalization/icudt64l/curr/pool.res" 1140
"../../../Engine/Content/Internationalization/icudt64l/curr/en_001.res" 1141
"../../../Engine/Content/Internationalization/icudt64l/curr/en.res" 1142
"../../../Engine/Content/Internationalization/icudt64l/curr/root.res" 1143
"../../../Engine/Content/Internationalization/icudt64l/lang/af.res" 1144
"../../../Engine/Content/Internationalization/icudt64l/region/af.res" 1145
"../../../Engine/Content/Internationalization/icudt64l/lang/agq.res" 1146
"../../../Engine/Content/Internationalization/icudt64l/region/agq.res" 1147
"../../../Engine/Content/Internationalization/icudt64l/lang/ak.res" 1148
"../../../Engine/Content/Internationalization/icudt64l/region/ak.res" 1149
"../../../Engine/Content/Internationalization/icudt64l/lang/am.res" 1150
"../../../Engine/Content/Internationalization/icudt64l/region/am.res" 1151
"../../../Engine/Content/Internationalization/icudt64l/lang/ar.res" 1152
"../../../Engine/Content/Internationalization/icudt64l/region/ar.res" 1153
"../../../Engine/Content/Internationalization/icudt64l/region/ar_AE.res" 1154
"../../../Engine/Content/Internationalization/icudt64l/lang/ar_EG.res" 1155
"../../../Engine/Content/Internationalization/icudt64l/lang/ar_LY.res" 1156
"../../../Engine/Content/Internationalization/icudt64l/region/ar_LY.res" 1157
"../../../Engine/Content/Internationalization/icudt64l/lang/ar_SA.res" 1158
"../../../Engine/Content/Internationalization/icudt64l/region/ar_SA.res" 1159
"../../../Engine/Content/Internationalization/icudt64l/lang/as.res" 1160
"../../../Engine/Content/Internationalization/icudt64l/region/as.res" 1161
"../../../Engine/Content/Internationalization/icudt64l/lang/asa.res" 1162
"../../../Engine/Content/Internationalization/icudt64l/region/asa.res" 1163
"../../../Engine/Content/Internationalization/icudt64l/lang/ast.res" 1164
"../../../Engine/Content/Internationalization/icudt64l/region/ast.res" 1165
"../../../Engine/Content/Internationalization/icudt64l/lang/az.res" 1166
"../../../Engine/Content/Internationalization/icudt64l/lang/az_Cyrl.res" 1167
"../../../Engine/Content/Internationalization/icudt64l/lang/az_AZ.res" 1168
"../../../Engine/Content/Internationalization/icudt64l/lang/az_Latn_AZ.res" 1169
"../../../Engine/Content/Internationalization/icudt64l/lang/az_Latn.res" 1170
"../../../Engine/Content/Internationalization/icudt64l/region/az_AZ.res" 1171
"../../../Engine/Content/Internationalization/icudt64l/region/az_Latn_AZ.res" 1172
"../../../Engine/Content/Internationalization/icudt64l/region/az_Latn.res" 1173
"../../../Engine/Content/Internationalization/icudt64l/region/az.res" 1174
"../../../Engine/Content/Internationalization/icudt64l/region/az_Cyrl.res" 1175
"../../../Engine/Content/Internationalization/icudt64l/lang/bas.res" 1176
"../../../Engine/Content/Internationalization/icudt64l/region/bas.res" 1177
"../../../Engine/Content/Internationalization/icudt64l/lang/be.res" 1178
"../../../Engine/Content/Internationalization/icudt64l/region/be.res" 1179
"../../../Engine/Content/Internationalization/icudt64l/lang/bem.res" 1180
"../../../Engine/Content/Internationalization/icudt64l/region/bem.res" 1181
"../../../Engine/Content/Internationalization/icudt64l/lang/bez.res" 1182
"../../../Engine/Content/Internationalization/icudt64l/region/bez.res" 1183
"../../../Engine/Content/Internationalization/icudt64l/lang/bg.res" 1184
"../../../Engine/Content/Internationalization/icudt64l/region/bg.res" 1185
"../../../Engine/Content/Internationalization/icudt64l/lang/bm.res" 1186
"../../../Engine/Content/Internationalization/icudt64l/region/bm.res" 1187
"../../../Engine/Content/Internationalization/icudt64l/lang/bn.res" 1188
"../../../Engine/Content/Internationalization/icudt64l/region/bn.res" 1189
"../../../Engine/Content/Internationalization/icudt64l/lang/bn_IN.res" 1190
"../../../Engine/Content/Internationalization/icudt64l/region/bn_IN.res" 1191
"../../../Engine/Content/Internationalization/icudt64l/lang/bo.res" 1192
"../../../Engine/Content/Internationalization/icudt64l/region/bo.res" 1193
"../../../Engine/Content/Internationalization/icudt64l/region/bo_IN.res" 1194
"../../../Engine/Content/Internationalization/icudt64l/lang/br.res" 1195
"../../../Engine/Content/Internationalization/icudt64l/region/br.res" 1196
"../../../Engine/Content/Internationalization/icudt64l/lang/brx.res" 1197
"../../../Engine/Content/Internationalization/icudt64l/region/brx.res" 1198
"../../../Engine/Content/Internationalization/icudt64l/lang/bs.res" 1199
"../../../Engine/Content/Internationalization/icudt64l/lang/bs_Cyrl.res" 1200
"../../../Engine/Content/Internationalization/icudt64l/lang/bs_BA.res" 1201
"../../../Engine/Content/Internationalization/icudt64l/lang/bs_Latn_BA.res" 1202
"../../../Engine/Content/Internationalization/icudt64l/lang/bs_Latn.res" 1203
"../../../Engine/Content/Internationalization/icudt64l/region/bs_BA.res" 1204
"../../../Engine/Content/Internationalization/icudt64l/region/bs_Latn_BA.res" 1205
"../../../Engine/Content/Internationalization/icudt64l/region/bs_Latn.res" 1206
"../../../Engine/Content/Internationalization/icudt64l/region/bs.res" 1207
"../../../Engine/Content/Internationalization/icudt64l/region/bs_Cyrl.res" 1208
"../../../Engine/Content/Internationalization/icudt64l/lang/ca.res" 1209
"../../../Engine/Content/Internationalization/icudt64l/region/ca.res" 1210
"../../../Engine/Content/Internationalization/icudt64l/lang/ccp.res" 1211
"../../../Engine/Content/Internationalization/icudt64l/region/ccp.res" 1212
"../../../Engine/Content/Internationalization/icudt64l/lang/ce.res" 1213
"../../../Engine/Content/Internationalization/icudt64l/region/ce.res" 1214
"../../../Engine/Content/Internationalization/icudt64l/lang/ceb.res" 1215
"../../../Engine/Content/Internationalization/icudt64l/region/ceb.res" 1216
"../../../Engine/Content/Internationalization/icudt64l/lang/cgg.res" 1217
"../../../Engine/Content/Internationalization/icudt64l/region/cgg.res" 1218
"../../../Engine/Content/Internationalization/icudt64l/lang/chr.res" 1219
"../../../Engine/Content/Internationalization/icudt64l/region/chr.res" 1220
"../../../Engine/Content/Internationalization/icudt64l/lang/ckb.res" 1221
"../../../Engine/Content/Internationalization/icudt64l/region/ckb.res" 1222
"../../../Engine/Content/Internationalization/icudt64l/lang/cs.res" 1223
"../../../Engine/Content/Internationalization/icudt64l/region/cs.res" 1224
"../../../Engine/Content/Internationalization/icudt64l/lang/cy.res" 1225
"../../../Engine/Content/Internationalization/icudt64l/region/cy.res" 1226
"../../../Engine/Content/Internationalization/icudt64l/lang/da.res" 1227
"../../../Engine/Content/Internationalization/icudt64l/region/da.res" 1228
"../../../Engine/Content/Internationalization/icudt64l/lang/dav.res" 1229
"../../../Engine/Content/Internationalization/icudt64l/region/dav.res" 1230
"../../../Engine/Content/Internationalization/icudt64l/lang/de.res" 1231
"../../../Engine/Content/Internationalization/icudt64l/lang/de_AT.res" 1232
"../../../Engine/Content/Internationalization/icudt64l/region/de_AT.res" 1233
"../../../Engine/Content/Internationalization/icudt64l/region/de.res" 1234
"../../../Engine/Content/Internationalization/icudt64l/lang/de_CH.res" 1235
"../../../Engine/Content/Internationalization/icudt64l/region/de_CH.res" 1236
"../../../Engine/Content/Internationalization/icudt64l/lang/de_LU.res" 1237
"../../../Engine/Content/Internationalization/icudt64l/lang/dje.res" 1238
"../../../Engine/Content/Internationalization/icudt64l/region/dje.res" 1239
"../../../Engine/Content/Internationalization/icudt64l/lang/dsb.res" 1240
"../../../Engine/Content/Internationalization/icudt64l/region/dsb.res" 1241
"../../../Engine/Content/Internationalization/icudt64l/lang/dua.res" 1242
"../../../Engine/Content/Internationalization/icudt64l/region/dua.res" 1243
"../../../Engine/Content/Internationalization/icudt64l/lang/dyo.res" 1244
"../../../Engine/Content/Internationalization/icudt64l/region/dyo.res" 1245
"../../../Engine/Content/Internationalization/icudt64l/lang/dz.res" 1246
"../../../Engine/Content/Internationalization/icudt64l/region/dz.res" 1247
"../../../Engine/Content/Internationalization/icudt64l/lang/ebu.res" 1248
"../../../Engine/Content/Internationalization/icudt64l/region/ebu.res" 1249
"../../../Engine/Content/Internationalization/icudt64l/lang/ee.res" 1250
"../../../Engine/Content/Internationalization/icudt64l/region/ee.res" 1251
"../../../Engine/Content/Internationalization/icudt64l/lang/el.res" 1252
"../../../Engine/Content/Internationalization/icudt64l/region/el.res" 1253
"../../../Engine/Content/Internationalization/icudt64l/lang/en_150.res" 1254
"../../../Engine/Content/Internationalization/icudt64l/region/en_150.res" 1255
"../../../Engine/Content/Internationalization/icudt64l/lang/en_AG.res" 1256
"../../../Engine/Content/Internationalization/icudt64l/region/en_AG.res" 1257
"../../../Engine/Content/Internationalization/icudt64l/lang/en_AI.res" 1258
"../../../Engine/Content/Internationalization/icudt64l/region/en_AI.res" 1259
"../../../Engine/Content/Internationalization/icudt64l/lang/en_AT.res" 1260
"../../../Engine/Content/Internationalization/icudt64l/region/en_AT.res" 1261
"../../../Engine/Content/Internationalization/icudt64l/lang/en_BB.res" 1262
"../../../Engine/Content/Internationalization/icudt64l/region/en_BB.res" 1263
"../../../Engine/Content/Internationalization/icudt64l/lang/en_BE.res" 1264
"../../../Engine/Content/Internationalization/icudt64l/region/en_BE.res" 1265
"../../../Engine/Content/Internationalization/icudt64l/lang/en_BM.res" 1266
"../../../Engine/Content/Internationalization/icudt64l/region/en_BM.res" 1267
"../../../Engine/Content/Internationalization/icudt64l/lang/en_BS.res" 1268
"../../../Engine/Content/Internationalization/icudt64l/region/en_BS.res" 1269
"../../../Engine/Content/Internationalization/icudt64l/lang/en_BW.res" 1270
"../../../Engine/Content/Internationalization/icudt64l/region/en_BW.res" 1271
"../../../Engine/Content/Internationalization/icudt64l/lang/en_BZ.res" 1272
"../../../Engine/Content/Internationalization/icudt64l/region/en_BZ.res" 1273
"../../../Engine/Content/Internationalization/icudt64l/lang/en_CA.res" 1274
"../../../Engine/Content/Internationalization/icudt64l/region/en_CA.res" 1275
"../../../Engine/Content/Internationalization/icudt64l/lang/en_CC.res" 1276
"../../../Engine/Content/Internationalization/icudt64l/region/en_CC.res" 1277
"../../../Engine/Content/Internationalization/icudt64l/lang/en_CH.res" 1278
"../../../Engine/Content/Internationalization/icudt64l/region/en_CH.res" 1279
"../../../Engine/Content/Internationalization/icudt64l/lang/en_CK.res" 1280
"../../../Engine/Content/Internationalization/icudt64l/region/en_CK.res" 1281
"../../../Engine/Content/Internationalization/icudt64l/lang/en_CM.res" 1282
"../../../Engine/Content/Internationalization/icudt64l/region/en_CM.res" 1283
"../../../Engine/Content/Internationalization/icudt64l/lang/en_CX.res" 1284
"../../../Engine/Content/Internationalization/icudt64l/region/en_CX.res" 1285
"../../../Engine/Content/Internationalization/icudt64l/lang/en_CY.res" 1286
"../../../Engine/Content/Internationalization/icudt64l/region/en_CY.res" 1287
"../../../Engine/Content/Internationalization/icudt64l/lang/en_DE.res" 1288
"../../../Engine/Content/Internationalization/icudt64l/region/en_DE.res" 1289
"../../../Engine/Content/Internationalization/icudt64l/lang/en_DG.res" 1290
"../../../Engine/Content/Internationalization/icudt64l/region/en_DG.res" 1291
"../../../Engine/Content/Internationalization/icudt64l/lang/en_DK.res" 1292
"../../../Engine/Content/Internationalization/icudt64l/region/en_DK.res" 1293
"../../../Engine/Content/Internationalization/icudt64l/lang/en_DM.res" 1294
"../../../Engine/Content/Internationalization/icudt64l/region/en_DM.res" 1295
"../../../Engine/Content/Internationalization/icudt64l/lang/en_ER.res" 1296
"../../../Engine/Content/Internationalization/icudt64l/region/en_ER.res" 1297
"../../../Engine/Content/Internationalization/icudt64l/lang/en_FI.res" 1298
"../../../Engine/Content/Internationalization/icudt64l/region/en_FI.res" 1299
"../../../Engine/Content/Internationalization/icudt64l/lang/en_FJ.res" 1300
"../../../Engine/Content/Internationalization/icudt64l/region/en_FJ.res" 1301
"../../../Engine/Content/Internationalization/icudt64l/lang/en_FK.res" 1302
"../../../Engine/Content/Internationalization/icudt64l/region/en_FK.res" 1303
"../../../Engine/Content/Internationalization/icudt64l/lang/en_FM.res" 1304
"../../../Engine/Content/Internationalization/icudt64l/region/en_FM.res" 1305
"../../../Engine/Content/Internationalization/icudt64l/lang/en_GB.res" 1306
"../../../Engine/Content/Internationalization/icudt64l/region/en_GB.res" 1307
"../../../Engine/Content/Internationalization/icudt64l/lang/en_GD.res" 1308
"../../../Engine/Content/Internationalization/icudt64l/region/en_GD.res" 1309
"../../../Engine/Content/Internationalization/icudt64l/lang/en_GG.res" 1310
"../../../Engine/Content/Internationalization/icudt64l/region/en_GG.res" 1311
"../../../Engine/Content/Internationalization/icudt64l/lang/en_GH.res" 1312
"../../../Engine/Content/Internationalization/icudt64l/region/en_GH.res" 1313
"../../../Engine/Content/Internationalization/icudt64l/lang/en_GI.res" 1314
"../../../Engine/Content/Internationalization/icudt64l/region/en_GI.res" 1315
"../../../Engine/Content/Internationalization/icudt64l/lang/en_GM.res" 1316
"../../../Engine/Content/Internationalization/icudt64l/region/en_GM.res" 1317
"../../../Engine/Content/Internationalization/icudt64l/lang/en_GY.res" 1318
"../../../Engine/Content/Internationalization/icudt64l/region/en_GY.res" 1319
"../../../Engine/Content/Internationalization/icudt64l/lang/en_HK.res" 1320
"../../../Engine/Content/Internationalization/icudt64l/region/en_HK.res" 1321
"../../../Engine/Content/Internationalization/icudt64l/lang/en_IE.res" 1322
"../../../Engine/Content/Internationalization/icudt64l/region/en_IE.res" 1323
"../../../Engine/Content/Internationalization/icudt64l/lang/en_IL.res" 1324
"../../../Engine/Content/Internationalization/icudt64l/region/en_IL.res" 1325
"../../../Engine/Content/Internationalization/icudt64l/lang/en_IM.res" 1326
"../../../Engine/Content/Internationalization/icudt64l/region/en_IM.res" 1327
"../../../Engine/Content/Internationalization/icudt64l/lang/en_IN.res" 1328
"../../../Engine/Content/Internationalization/icudt64l/region/en_IN.res" 1329
"../../../Engine/Content/Internationalization/icudt64l/lang/en_IO.res" 1330
"../../../Engine/Content/Internationalization/icudt64l/region/en_IO.res" 1331
"../../../Engine/Content/Internationalization/icudt64l/lang/en_JE.res" 1332
"../../../Engine/Content/Internationalization/icudt64l/region/en_JE.res" 1333
"../../../Engine/Content/Internationalization/icudt64l/lang/en_JM.res" 1334
"../../../Engine/Content/Internationalization/icudt64l/region/en_JM.res" 1335
"../../../Engine/Content/Internationalization/icudt64l/lang/en_KE.res" 1336
"../../../Engine/Content/Internationalization/icudt64l/region/en_KE.res" 1337
"../../../Engine/Content/Internationalization/icudt64l/lang/en_KI.res" 1338
"../../../Engine/Content/Internationalization/icudt64l/region/en_KI.res" 1339
"../../../Engine/Content/Internationalization/icudt64l/lang/en_KN.res" 1340
"../../../Engine/Content/Internationalization/icudt64l/region/en_KN.res" 1341
"../../../Engine/Content/Internationalization/icudt64l/lang/en_KY.res" 1342
"../../../Engine/Content/Internationalization/icudt64l/region/en_KY.res" 1343
"../../../Engine/Content/Internationalization/icudt64l/lang/en_LC.res" 1344
"../../../Engine/Content/Internationalization/icudt64l/region/en_LC.res" 1345
"../../../Engine/Content/Internationalization/icudt64l/lang/en_LR.res" 1346
"../../../Engine/Content/Internationalization/icudt64l/region/en_LR.res" 1347
"../../../Engine/Content/Internationalization/icudt64l/lang/en_LS.res" 1348
"../../../Engine/Content/Internationalization/icudt64l/region/en_LS.res" 1349
"../../../Engine/Content/Internationalization/icudt64l/lang/en_MG.res" 1350
"../../../Engine/Content/Internationalization/icudt64l/region/en_MG.res" 1351
"../../../Engine/Content/Internationalization/icudt64l/lang/en_MO.res" 1352
"../../../Engine/Content/Internationalization/icudt64l/region/en_MO.res" 1353
"../../../Engine/Content/Internationalization/icudt64l/lang/en_MS.res" 1354
"../../../Engine/Content/Internationalization/icudt64l/region/en_MS.res" 1355
"../../../Engine/Content/Internationalization/icudt64l/lang/en_MT.res" 1356
"../../../Engine/Content/Internationalization/icudt64l/region/en_MT.res" 1357
"../../../Engine/Content/Internationalization/icudt64l/lang/en_MU.res" 1358
"../../../Engine/Content/Internationalization/icudt64l/region/en_MU.res" 1359
"../../../Engine/Content/Internationalization/icudt64l/lang/en_MW.res" 1360
"../../../Engine/Content/Internationalization/icudt64l/region/en_MW.res" 1361
"../../../Engine/Content/Internationalization/icudt64l/lang/en_MY.res" 1362
"../../../Engine/Content/Internationalization/icudt64l/region/en_MY.res" 1363
"../../../Engine/Content/Internationalization/icudt64l/lang/en_NA.res" 1364
"../../../Engine/Content/Internationalization/icudt64l/region/en_NA.res" 1365
"../../../Engine/Content/Internationalization/icudt64l/lang/en_NF.res" 1366
"../../../Engine/Content/Internationalization/icudt64l/region/en_NF.res" 1367
"../../../Engine/Content/Internationalization/icudt64l/lang/en_NG.res" 1368
"../../../Engine/Content/Internationalization/icudt64l/region/en_NG.res" 1369
"../../../Engine/Content/Internationalization/icudt64l/lang/en_NL.res" 1370
"../../../Engine/Content/Internationalization/icudt64l/region/en_NL.res" 1371
"../../../Engine/Content/Internationalization/icudt64l/lang/en_NR.res" 1372
"../../../Engine/Content/Internationalization/icudt64l/region/en_NR.res" 1373
"../../../Engine/Content/Internationalization/icudt64l/lang/en_NU.res" 1374
"../../../Engine/Content/Internationalization/icudt64l/region/en_NU.res" 1375
"../../../Engine/Content/Internationalization/icudt64l/lang/en_NZ.res" 1376
"../../../Engine/Content/Internationalization/icudt64l/region/en_NZ.res" 1377
"../../../Engine/Content/Internationalization/icudt64l/lang/en_PG.res" 1378
"../../../Engine/Content/Internationalization/icudt64l/region/en_PG.res" 1379
"../../../Engine/Content/Internationalization/icudt64l/lang/en_PH.res" 1380
"../../../Engine/Content/Internationalization/icudt64l/region/en_PH.res" 1381
"../../../Engine/Content/Internationalization/icudt64l/lang/en_PK.res" 1382
"../../../Engine/Content/Internationalization/icudt64l/region/en_PK.res" 1383
"../../../Engine/Content/Internationalization/icudt64l/lang/en_PN.res" 1384
"../../../Engine/Content/Internationalization/icudt64l/region/en_PN.res" 1385
"../../../Engine/Content/Internationalization/icudt64l/lang/en_PW.res" 1386
"../../../Engine/Content/Internationalization/icudt64l/region/en_PW.res" 1387
"../../../Engine/Content/Internationalization/icudt64l/lang/en_RW.res" 1388
"../../../Engine/Content/Internationalization/icudt64l/region/en_RW.res" 1389
"../../../Engine/Content/Internationalization/icudt64l/lang/en_SB.res" 1390
"../../../Engine/Content/Internationalization/icudt64l/region/en_SB.res" 1391
"../../../Engine/Content/Internationalization/icudt64l/lang/en_SC.res" 1392
"../../../Engine/Content/Internationalization/icudt64l/region/en_SC.res" 1393
"../../../Engine/Content/Internationalization/icudt64l/lang/en_SD.res" 1394
"../../../Engine/Content/Internationalization/icudt64l/region/en_SD.res" 1395
"../../../Engine/Content/Internationalization/icudt64l/lang/en_SE.res" 1396
"../../../Engine/Content/Internationalization/icudt64l/region/en_SE.res" 1397
"../../../Engine/Content/Internationalization/icudt64l/lang/en_SG.res" 1398
"../../../Engine/Content/Internationalization/icudt64l/region/en_SG.res" 1399
"../../../Engine/Content/Internationalization/icudt64l/lang/en_SH.res" 1400
"../../../Engine/Content/Internationalization/icudt64l/region/en_SH.res" 1401
"../../../Engine/Content/Internationalization/icudt64l/lang/en_SI.res" 1402
"../../../Engine/Content/Internationalization/icudt64l/region/en_SI.res" 1403
"../../../Engine/Content/Internationalization/icudt64l/lang/en_SL.res" 1404
"../../../Engine/Content/Internationalization/icudt64l/region/en_SL.res" 1405
"../../../Engine/Content/Internationalization/icudt64l/lang/en_SS.res" 1406
"../../../Engine/Content/Internationalization/icudt64l/region/en_SS.res" 1407
"../../../Engine/Content/Internationalization/icudt64l/lang/en_SX.res" 1408
"../../../Engine/Content/Internationalization/icudt64l/region/en_SX.res" 1409
"../../../Engine/Content/Internationalization/icudt64l/lang/en_SZ.res" 1410
"../../../Engine/Content/Internationalization/icudt64l/region/en_SZ.res" 1411
"../../../Engine/Content/Internationalization/icudt64l/lang/en_TC.res" 1412
"../../../Engine/Content/Internationalization/icudt64l/region/en_TC.res" 1413
"../../../Engine/Content/Internationalization/icudt64l/lang/en_TK.res" 1414
"../../../Engine/Content/Internationalization/icudt64l/region/en_TK.res" 1415
"../../../Engine/Content/Internationalization/icudt64l/lang/en_TO.res" 1416
"../../../Engine/Content/Internationalization/icudt64l/region/en_TO.res" 1417
"../../../Engine/Content/Internationalization/icudt64l/lang/en_TT.res" 1418
"../../../Engine/Content/Internationalization/icudt64l/region/en_TT.res" 1419
"../../../Engine/Content/Internationalization/icudt64l/lang/en_TV.res" 1420
"../../../Engine/Content/Internationalization/icudt64l/region/en_TV.res" 1421
"../../../Engine/Content/Internationalization/icudt64l/lang/en_TZ.res" 1422
"../../../Engine/Content/Internationalization/icudt64l/region/en_TZ.res" 1423
"../../../Engine/Content/Internationalization/icudt64l/lang/en_UG.res" 1424
"../../../Engine/Content/Internationalization/icudt64l/region/en_UG.res" 1425
"../../../Engine/Content/Internationalization/icudt64l/lang/en_VC.res" 1426
"../../../Engine/Content/Internationalization/icudt64l/region/en_VC.res" 1427
"../../../Engine/Content/Internationalization/icudt64l/lang/en_VG.res" 1428
"../../../Engine/Content/Internationalization/icudt64l/region/en_VG.res" 1429
"../../../Engine/Content/Internationalization/icudt64l/lang/en_VU.res" 1430
"../../../Engine/Content/Internationalization/icudt64l/region/en_VU.res" 1431
"../../../Engine/Content/Internationalization/icudt64l/lang/en_WS.res" 1432
"../../../Engine/Content/Internationalization/icudt64l/region/en_WS.res" 1433
"../../../Engine/Content/Internationalization/icudt64l/lang/en_ZA.res" 1434
"../../../Engine/Content/Internationalization/icudt64l/region/en_ZA.res" 1435
"../../../Engine/Content/Internationalization/icudt64l/lang/en_ZM.res" 1436
"../../../Engine/Content/Internationalization/icudt64l/region/en_ZM.res" 1437
"../../../Engine/Content/Internationalization/icudt64l/lang/en_ZW.res" 1438
"../../../Engine/Content/Internationalization/icudt64l/region/en_ZW.res" 1439
"../../../Engine/Content/Internationalization/icudt64l/lang/eo.res" 1440
"../../../Engine/Content/Internationalization/icudt64l/region/eo.res" 1441
"../../../Engine/Content/Internationalization/icudt64l/lang/es.res" 1442
"../../../Engine/Content/Internationalization/icudt64l/lang/es_419.res" 1443
"../../../Engine/Content/Internationalization/icudt64l/region/es_419.res" 1444
"../../../Engine/Content/Internationalization/icudt64l/region/es.res" 1445
"../../../Engine/Content/Internationalization/icudt64l/lang/es_AR.res" 1446
"../../../Engine/Content/Internationalization/icudt64l/region/es_AR.res" 1447
"../../../Engine/Content/Internationalization/icudt64l/lang/es_BO.res" 1448
"../../../Engine/Content/Internationalization/icudt64l/region/es_BO.res" 1449
"../../../Engine/Content/Internationalization/icudt64l/lang/es_BR.res" 1450
"../../../Engine/Content/Internationalization/icudt64l/region/es_BR.res" 1451
"../../../Engine/Content/Internationalization/icudt64l/lang/es_BZ.res" 1452
"../../../Engine/Content/Internationalization/icudt64l/region/es_BZ.res" 1453
"../../../Engine/Content/Internationalization/icudt64l/lang/es_CL.res" 1454
"../../../Engine/Content/Internationalization/icudt64l/region/es_CL.res" 1455
"../../../Engine/Content/Internationalization/icudt64l/lang/es_CO.res" 1456
"../../../Engine/Content/Internationalization/icudt64l/region/es_CO.res" 1457
"../../../Engine/Content/Internationalization/icudt64l/lang/es_CR.res" 1458
"../../../Engine/Content/Internationalization/icudt64l/region/es_CR.res" 1459
"../../../Engine/Content/Internationalization/icudt64l/lang/es_CU.res" 1460
"../../../Engine/Content/Internationalization/icudt64l/region/es_CU.res" 1461
"../../../Engine/Content/Internationalization/icudt64l/lang/es_DO.res" 1462
"../../../Engine/Content/Internationalization/icudt64l/region/es_DO.res" 1463
"../../../Engine/Content/Internationalization/icudt64l/lang/es_EC.res" 1464
"../../../Engine/Content/Internationalization/icudt64l/region/es_EC.res" 1465
"../../../Engine/Content/Internationalization/icudt64l/lang/es_GT.res" 1466
"../../../Engine/Content/Internationalization/icudt64l/region/es_GT.res" 1467
"../../../Engine/Content/Internationalization/icudt64l/lang/es_HN.res" 1468
"../../../Engine/Content/Internationalization/icudt64l/region/es_HN.res" 1469
"../../../Engine/Content/Internationalization/icudt64l/lang/es_MX.res" 1470
"../../../Engine/Content/Internationalization/icudt64l/region/es_MX.res" 1471
"../../../Engine/Content/Internationalization/icudt64l/lang/es_NI.res" 1472
"../../../Engine/Content/Internationalization/icudt64l/region/es_NI.res" 1473
"../../../Engine/Content/Internationalization/icudt64l/lang/es_PA.res" 1474
"../../../Engine/Content/Internationalization/icudt64l/region/es_PA.res" 1475
"../../../Engine/Content/Internationalization/icudt64l/lang/es_PE.res" 1476
"../../../Engine/Content/Internationalization/icudt64l/region/es_PE.res" 1477
"../../../Engine/Content/Internationalization/icudt64l/lang/es_PR.res" 1478
"../../../Engine/Content/Internationalization/icudt64l/region/es_PR.res" 1479
"../../../Engine/Content/Internationalization/icudt64l/lang/es_PY.res" 1480
"../../../Engine/Content/Internationalization/icudt64l/region/es_PY.res" 1481
"../../../Engine/Content/Internationalization/icudt64l/lang/es_SV.res" 1482
"../../../Engine/Content/Internationalization/icudt64l/region/es_SV.res" 1483
"../../../Engine/Content/Internationalization/icudt64l/lang/es_US.res" 1484
"../../../Engine/Content/Internationalization/icudt64l/region/es_US.res" 1485
"../../../Engine/Content/Internationalization/icudt64l/lang/es_UY.res" 1486
"../../../Engine/Content/Internationalization/icudt64l/region/es_UY.res" 1487
"../../../Engine/Content/Internationalization/icudt64l/lang/es_VE.res" 1488
"../../../Engine/Content/Internationalization/icudt64l/region/es_VE.res" 1489
"../../../Engine/Content/Internationalization/icudt64l/lang/et.res" 1490
"../../../Engine/Content/Internationalization/icudt64l/region/et.res" 1491
"../../../Engine/Content/Internationalization/icudt64l/lang/eu.res" 1492
"../../../Engine/Content/Internationalization/icudt64l/region/eu.res" 1493
"../../../Engine/Content/Internationalization/icudt64l/lang/ewo.res" 1494
"../../../Engine/Content/Internationalization/icudt64l/region/ewo.res" 1495
"../../../Engine/Content/Internationalization/icudt64l/lang/fa.res" 1496
"../../../Engine/Content/Internationalization/icudt64l/lang/fa_AF.res" 1497
"../../../Engine/Content/Internationalization/icudt64l/region/fa_AF.res" 1498
"../../../Engine/Content/Internationalization/icudt64l/region/fa.res" 1499
"../../../Engine/Content/Internationalization/icudt64l/lang/ff.res" 1500
"../../../Engine/Content/Internationalization/icudt64l/lang/ff_Latn.res" 1501
"../../../Engine/Content/Internationalization/icudt64l/region/ff.res" 1502
"../../../Engine/Content/Internationalization/icudt64l/region/ff_Latn.res" 1503
"../../../Engine/Content/Internationalization/icudt64l/lang/ff_CM.res" 1504
"../../../Engine/Content/Internationalization/icudt64l/lang/ff_Latn_CM.res" 1505
"../../../Engine/Content/Internationalization/icudt64l/region/ff_CM.res" 1506
"../../../Engine/Content/Internationalization/icudt64l/region/ff_Latn_CM.res" 1507
"../../../Engine/Content/Internationalization/icudt64l/lang/ff_GN.res" 1508
"../../../Engine/Content/Internationalization/icudt64l/lang/ff_Latn_GN.res" 1509
"../../../Engine/Content/Internationalization/icudt64l/region/ff_GN.res" 1510
"../../../Engine/Content/Internationalization/icudt64l/region/ff_Latn_GN.res" 1511
"../../../Engine/Content/Internationalization/icudt64l/lang/ff_MR.res" 1512
"../../../Engine/Content/Internationalization/icudt64l/lang/ff_Latn_MR.res" 1513
"../../../Engine/Content/Internationalization/icudt64l/region/ff_MR.res" 1514
"../../../Engine/Content/Internationalization/icudt64l/region/ff_Latn_MR.res" 1515
"../../../Engine/Content/Internationalization/icudt64l/lang/ff_SN.res" 1516
"../../../Engine/Content/Internationalization/icudt64l/lang/ff_Latn_SN.res" 1517
"../../../Engine/Content/Internationalization/icudt64l/region/ff_SN.res" 1518
"../../../Engine/Content/Internationalization/icudt64l/region/ff_Latn_SN.res" 1519
"../../../Engine/Content/Internationalization/icudt64l/lang/fi.res" 1520
"../../../Engine/Content/Internationalization/icudt64l/region/fi.res" 1521
"../../../Engine/Content/Internationalization/icudt64l/lang/fil.res" 1522
"../../../Engine/Content/Internationalization/icudt64l/lang/fil_PH.res" 1523
"../../../Engine/Content/Internationalization/icudt64l/region/fil_PH.res" 1524
"../../../Engine/Content/Internationalization/icudt64l/region/fil.res" 1525
"../../../Engine/Content/Internationalization/icudt64l/lang/fo.res" 1526
"../../../Engine/Content/Internationalization/icudt64l/region/fo.res" 1527
"../../../Engine/Content/Internationalization/icudt64l/lang/fr.res" 1528
"../../../Engine/Content/Internationalization/icudt64l/lang/fr_BE.res" 1529
"../../../Engine/Content/Internationalization/icudt64l/region/fr_BE.res" 1530
"../../../Engine/Content/Internationalization/icudt64l/region/fr.res" 1531
"../../../Engine/Content/Internationalization/icudt64l/lang/fr_CA.res" 1532
"../../../Engine/Content/Internationalization/icudt64l/region/fr_CA.res" 1533
"../../../Engine/Content/Internationalization/icudt64l/lang/fr_CH.res" 1534
"../../../Engine/Content/Internationalization/icudt64l/lang/fur.res" 1535
"../../../Engine/Content/Internationalization/icudt64l/region/fur.res" 1536
"../../../Engine/Content/Internationalization/icudt64l/lang/fy.res" 1537
"../../../Engine/Content/Internationalization/icudt64l/region/fy.res" 1538
"../../../Engine/Content/Internationalization/icudt64l/lang/ga.res" 1539
"../../../Engine/Content/Internationalization/icudt64l/region/ga.res" 1540
"../../../Engine/Content/Internationalization/icudt64l/lang/gd.res" 1541
"../../../Engine/Content/Internationalization/icudt64l/region/gd.res" 1542
"../../../Engine/Content/Internationalization/icudt64l/lang/gl.res" 1543
"../../../Engine/Content/Internationalization/icudt64l/region/gl.res" 1544
"../../../Engine/Content/Internationalization/icudt64l/lang/gsw.res" 1545
"../../../Engine/Content/Internationalization/icudt64l/region/gsw.res" 1546
"../../../Engine/Content/Internationalization/icudt64l/lang/gu.res" 1547
"../../../Engine/Content/Internationalization/icudt64l/region/gu.res" 1548
"../../../Engine/Content/Internationalization/icudt64l/lang/guz.res" 1549
"../../../Engine/Content/Internationalization/icudt64l/region/guz.res" 1550
"../../../Engine/Content/Internationalization/icudt64l/lang/gv.res" 1551
"../../../Engine/Content/Internationalization/icudt64l/region/gv.res" 1552
"../../../Engine/Content/Internationalization/icudt64l/lang/ha.res" 1553
"../../../Engine/Content/Internationalization/icudt64l/region/ha.res" 1554
"../../../Engine/Content/Internationalization/icudt64l/lang/ha_NE.res" 1555
"../../../Engine/Content/Internationalization/icudt64l/region/ha_NE.res" 1556
"../../../Engine/Content/Internationalization/icudt64l/lang/haw.res" 1557
"../../../Engine/Content/Internationalization/icudt64l/region/haw.res" 1558
"../../../Engine/Content/Internationalization/icudt64l/lang/he.res" 1559
"../../../Engine/Content/Internationalization/icudt64l/lang/he_IL.res" 1560
"../../../Engine/Content/Internationalization/icudt64l/region/he_IL.res" 1561
"../../../Engine/Content/Internationalization/icudt64l/region/he.res" 1562
"../../../Engine/Content/Internationalization/icudt64l/lang/hi.res" 1563
"../../../Engine/Content/Internationalization/icudt64l/region/hi.res" 1564
"../../../Engine/Content/Internationalization/icudt64l/lang/hr.res" 1565
"../../../Engine/Content/Internationalization/icudt64l/region/hr.res" 1566
"../../../Engine/Content/Internationalization/icudt64l/lang/hsb.res" 1567
"../../../Engine/Content/Internationalization/icudt64l/region/hsb.res" 1568
"../../../Engine/Content/Internationalization/icudt64l/lang/hu.res" 1569
"../../../Engine/Content/Internationalization/icudt64l/region/hu.res" 1570
"../../../Engine/Content/Internationalization/icudt64l/lang/hy.res" 1571
"../../../Engine/Content/Internationalization/icudt64l/region/hy.res" 1572
"../../../Engine/Content/Internationalization/icudt64l/lang/ia.res" 1573
"../../../Engine/Content/Internationalization/icudt64l/region/ia.res" 1574
"../../../Engine/Content/Internationalization/icudt64l/lang/id.res" 1575
"../../../Engine/Content/Internationalization/icudt64l/lang/id_ID.res" 1576
"../../../Engine/Content/Internationalization/icudt64l/region/id_ID.res" 1577
"../../../Engine/Content/Internationalization/icudt64l/region/id.res" 1578
"../../../Engine/Content/Internationalization/icudt64l/lang/ig.res" 1579
"../../../Engine/Content/Internationalization/icudt64l/region/ig.res" 1580
"../../../Engine/Content/Internationalization/icudt64l/lang/ii.res" 1581
"../../../Engine/Content/Internationalization/icudt64l/region/ii.res" 1582
"../../../Engine/Content/Internationalization/icudt64l/lang/is.res" 1583
"../../../Engine/Content/Internationalization/icudt64l/region/is.res" 1584
"../../../Engine/Content/Internationalization/icudt64l/lang/it.res" 1585
"../../../Engine/Content/Internationalization/icudt64l/region/it.res" 1586
"../../../Engine/Content/Internationalization/icudt64l/lang/ja.res" 1587
"../../../Engine/Content/Internationalization/icudt64l/lang/ja_JP.res" 1588
"../../../Engine/Content/Internationalization/icudt64l/region/ja_JP.res" 1589
"../../../Engine/Content/Internationalization/icudt64l/region/ja.res" 1590
"../../../Engine/Content/Internationalization/icudt64l/lang/jgo.res" 1591
"../../../Engine/Content/Internationalization/icudt64l/region/jgo.res" 1592
"../../../Engine/Content/Internationalization/icudt64l/lang/jmc.res" 1593
"../../../Engine/Content/Internationalization/icudt64l/region/jmc.res" 1594
"../../../Engine/Content/Internationalization/icudt64l/lang/jv.res" 1595
"../../../Engine/Content/Internationalization/icudt64l/region/jv.res" 1596
"../../../Engine/Content/Internationalization/icudt64l/lang/ka.res" 1597
"../../../Engine/Content/Internationalization/icudt64l/region/ka.res" 1598
"../../../Engine/Content/Internationalization/icudt64l/lang/kab.res" 1599
"../../../Engine/Content/Internationalization/icudt64l/region/kab.res" 1600
"../../../Engine/Content/Internationalization/icudt64l/lang/kam.res" 1601
"../../../Engine/Content/Internationalization/icudt64l/region/kam.res" 1602
"../../../Engine/Content/Internationalization/icudt64l/lang/kde.res" 1603
"../../../Engine/Content/Internationalization/icudt64l/region/kde.res" 1604
"../../../Engine/Content/Internationalization/icudt64l/lang/kea.res" 1605
"../../../Engine/Content/Internationalization/icudt64l/region/kea.res" 1606
"../../../Engine/Content/Internationalization/icudt64l/lang/khq.res" 1607
"../../../Engine/Content/Internationalization/icudt64l/region/khq.res" 1608
"../../../Engine/Content/Internationalization/icudt64l/lang/ki.res" 1609
"../../../Engine/Content/Internationalization/icudt64l/region/ki.res" 1610
"../../../Engine/Content/Internationalization/icudt64l/lang/kk.res" 1611
"../../../Engine/Content/Internationalization/icudt64l/region/kk.res" 1612
"../../../Engine/Content/Internationalization/icudt64l/lang/kkj.res" 1613
"../../../Engine/Content/Internationalization/icudt64l/region/kkj.res" 1614
"../../../Engine/Content/Internationalization/icudt64l/lang/kl.res" 1615
"../../../Engine/Content/Internationalization/icudt64l/region/kl.res" 1616
"../../../Engine/Content/Internationalization/icudt64l/lang/kln.res" 1617
"../../../Engine/Content/Internationalization/icudt64l/region/kln.res" 1618
"../../../Engine/Content/Internationalization/icudt64l/lang/km.res" 1619
"../../../Engine/Content/Internationalization/icudt64l/region/km.res" 1620
"../../../Engine/Content/Internationalization/icudt64l/lang/kn.res" 1621
"../../../Engine/Content/Internationalization/icudt64l/region/kn.res" 1622
"../../../Engine/Content/Internationalization/icudt64l/lang/ko.res" 1623
"../../../Engine/Content/Internationalization/icudt64l/region/ko_KP.res" 1624
"../../../Engine/Content/Internationalization/icudt64l/region/ko.res" 1625
"../../../Engine/Content/Internationalization/icudt64l/lang/kok.res" 1626
"../../../Engine/Content/Internationalization/icudt64l/region/kok.res" 1627
"../../../Engine/Content/Internationalization/icudt64l/lang/ks.res" 1628
"../../../Engine/Content/Internationalization/icudt64l/region/ks.res" 1629
"../../../Engine/Content/Internationalization/icudt64l/lang/ksb.res" 1630
"../../../Engine/Content/Internationalization/icudt64l/region/ksb.res" 1631
"../../../Engine/Content/Internationalization/icudt64l/lang/ksf.res" 1632
"../../../Engine/Content/Internationalization/icudt64l/region/ksf.res" 1633
"../../../Engine/Content/Internationalization/icudt64l/lang/ksh.res" 1634
"../../../Engine/Content/Internationalization/icudt64l/region/ksh.res" 1635
"../../../Engine/Content/Internationalization/icudt64l/lang/ku.res" 1636
"../../../Engine/Content/Internationalization/icudt64l/region/ku.res" 1637
"../../../Engine/Content/Internationalization/icudt64l/lang/kw.res" 1638
"../../../Engine/Content/Internationalization/icudt64l/region/kw.res" 1639
"../../../Engine/Content/Internationalization/icudt64l/lang/ky.res" 1640
"../../../Engine/Content/Internationalization/icudt64l/region/ky.res" 1641
"../../../Engine/Content/Internationalization/icudt64l/lang/lag.res" 1642
"../../../Engine/Content/Internationalization/icudt64l/region/lag.res" 1643
"../../../Engine/Content/Internationalization/icudt64l/lang/lb.res" 1644
"../../../Engine/Content/Internationalization/icudt64l/region/lb.res" 1645
"../../../Engine/Content/Internationalization/icudt64l/lang/lg.res" 1646
"../../../Engine/Content/Internationalization/icudt64l/region/lg.res" 1647
"../../../Engine/Content/Internationalization/icudt64l/lang/lkt.res" 1648
"../../../Engine/Content/Internationalization/icudt64l/region/lkt.res" 1649
"../../../Engine/Content/Internationalization/icudt64l/lang/ln.res" 1650
"../../../Engine/Content/Internationalization/icudt64l/region/ln.res" 1651
"../../../Engine/Content/Internationalization/icudt64l/lang/lo.res" 1652
"../../../Engine/Content/Internationalization/icudt64l/region/lo.res" 1653
"../../../Engine/Content/Internationalization/icudt64l/lang/lrc.res" 1654
"../../../Engine/Content/Internationalization/icudt64l/region/lrc.res" 1655
"../../../Engine/Content/Internationalization/icudt64l/lang/lt.res" 1656
"../../../Engine/Content/Internationalization/icudt64l/region/lt.res" 1657
"../../../Engine/Content/Internationalization/icudt64l/lang/lu.res" 1658
"../../../Engine/Content/Internationalization/icudt64l/region/lu.res" 1659
"../../../Engine/Content/Internationalization/icudt64l/lang/luo.res" 1660
"../../../Engine/Content/Internationalization/icudt64l/region/luo.res" 1661
"../../../Engine/Content/Internationalization/icudt64l/lang/luy.res" 1662
"../../../Engine/Content/Internationalization/icudt64l/region/luy.res" 1663
"../../../Engine/Content/Internationalization/icudt64l/lang/lv.res" 1664
"../../../Engine/Content/Internationalization/icudt64l/region/lv.res" 1665
"../../../Engine/Content/Internationalization/icudt64l/lang/mas.res" 1666
"../../../Engine/Content/Internationalization/icudt64l/region/mas.res" 1667
"../../../Engine/Content/Internationalization/icudt64l/lang/mer.res" 1668
"../../../Engine/Content/Internationalization/icudt64l/region/mer.res" 1669
"../../../Engine/Content/Internationalization/icudt64l/lang/mfe.res" 1670
"../../../Engine/Content/Internationalization/icudt64l/region/mfe.res" 1671
"../../../Engine/Content/Internationalization/icudt64l/lang/mg.res" 1672
"../../../Engine/Content/Internationalization/icudt64l/region/mg.res" 1673
"../../../Engine/Content/Internationalization/icudt64l/lang/mgh.res" 1674
"../../../Engine/Content/Internationalization/icudt64l/region/mgh.res" 1675
"../../../Engine/Content/Internationalization/icudt64l/lang/mgo.res" 1676
"../../../Engine/Content/Internationalization/icudt64l/region/mgo.res" 1677
"../../../Engine/Content/Internationalization/icudt64l/lang/mi.res" 1678
"../../../Engine/Content/Internationalization/icudt64l/region/mi.res" 1679
"../../../Engine/Content/Internationalization/icudt64l/lang/mk.res" 1680
"../../../Engine/Content/Internationalization/icudt64l/region/mk.res" 1681
"../../../Engine/Content/Internationalization/icudt64l/lang/ml.res" 1682
"../../../Engine/Content/Internationalization/icudt64l/region/ml.res" 1683
"../../../Engine/Content/Internationalization/icudt64l/lang/mn.res" 1684
"../../../Engine/Content/Internationalization/icudt64l/region/mn.res" 1685
"../../../Engine/Content/Internationalization/icudt64l/lang/mr.res" 1686
"../../../Engine/Content/Internationalization/icudt64l/region/mr.res" 1687
"../../../Engine/Content/Internationalization/icudt64l/lang/ms.res" 1688
"../../../Engine/Content/Internationalization/icudt64l/region/ms.res" 1689
"../../../Engine/Content/Internationalization/icudt64l/lang/mt.res" 1690
"../../../Engine/Content/Internationalization/icudt64l/region/mt.res" 1691
"../../../Engine/Content/Internationalization/icudt64l/lang/mua.res" 1692
"../../../Engine/Content/Internationalization/icudt64l/region/mua.res" 1693
"../../../Engine/Content/Internationalization/icudt64l/lang/my.res" 1694
"../../../Engine/Content/Internationalization/icudt64l/region/my.res" 1695
"../../../Engine/Content/Internationalization/icudt64l/lang/mzn.res" 1696
"../../../Engine/Content/Internationalization/icudt64l/region/mzn.res" 1697
"../../../Engine/Content/Internationalization/icudt64l/lang/naq.res" 1698
"../../../Engine/Content/Internationalization/icudt64l/region/naq.res" 1699
"../../../Engine/Content/Internationalization/icudt64l/lang/nb.res" 1700
"../../../Engine/Content/Internationalization/icudt64l/lang/nb_NO.res" 1701
"../../../Engine/Content/Internationalization/icudt64l/region/nb_NO.res" 1702
"../../../Engine/Content/Internationalization/icudt64l/region/nb.res" 1703
"../../../Engine/Content/Internationalization/icudt64l/lang/nd.res" 1704
"../../../Engine/Content/Internationalization/icudt64l/region/nd.res" 1705
"../../../Engine/Content/Internationalization/icudt64l/lang/nds.res" 1706
"../../../Engine/Content/Internationalization/icudt64l/region/nds.res" 1707
"../../../Engine/Content/Internationalization/icudt64l/lang/ne.res" 1708
"../../../Engine/Content/Internationalization/icudt64l/region/ne.res" 1709
"../../../Engine/Content/Internationalization/icudt64l/lang/nl.res" 1710
"../../../Engine/Content/Internationalization/icudt64l/region/nl.res" 1711
"../../../Engine/Content/Internationalization/icudt64l/lang/nmg.res" 1712
"../../../Engine/Content/Internationalization/icudt64l/region/nmg.res" 1713
"../../../Engine/Content/Internationalization/icudt64l/lang/nn.res" 1714
"../../../Engine/Content/Internationalization/icudt64l/lang/nn_NO.res" 1715
"../../../Engine/Content/Internationalization/icudt64l/region/nn_NO.res" 1716
"../../../Engine/Content/Internationalization/icudt64l/region/nn.res" 1717
"../../../Engine/Content/Internationalization/icudt64l/lang/nnh.res" 1718
"../../../Engine/Content/Internationalization/icudt64l/region/nnh.res" 1719
"../../../Engine/Content/Internationalization/icudt64l/lang/nus.res" 1720
"../../../Engine/Content/Internationalization/icudt64l/region/nus.res" 1721
"../../../Engine/Content/Internationalization/icudt64l/lang/nyn.res" 1722
"../../../Engine/Content/Internationalization/icudt64l/region/nyn.res" 1723
"../../../Engine/Content/Internationalization/icudt64l/lang/om.res" 1724
"../../../Engine/Content/Internationalization/icudt64l/region/om.res" 1725
"../../../Engine/Content/Internationalization/icudt64l/lang/or.res" 1726
"../../../Engine/Content/Internationalization/icudt64l/region/or.res" 1727
"../../../Engine/Content/Internationalization/icudt64l/lang/os.res" 1728
"../../../Engine/Content/Internationalization/icudt64l/region/os.res" 1729
"../../../Engine/Content/Internationalization/icudt64l/lang/pa.res" 1730
"../../../Engine/Content/Internationalization/icudt64l/lang/pa_Arab.res" 1731
"../../../Engine/Content/Internationalization/icudt64l/lang/pa_PK.res" 1732
"../../../Engine/Content/Internationalization/icudt64l/lang/pa_Arab_PK.res" 1733
"../../../Engine/Content/Internationalization/icudt64l/region/pa_PK.res" 1734
"../../../Engine/Content/Internationalization/icudt64l/region/pa_Arab_PK.res" 1735
"../../../Engine/Content/Internationalization/icudt64l/region/pa_Arab.res" 1736
"../../../Engine/Content/Internationalization/icudt64l/lang/pa_Guru.res" 1737
"../../../Engine/Content/Internationalization/icudt64l/lang/pa_IN.res" 1738
"../../../Engine/Content/Internationalization/icudt64l/lang/pa_Guru_IN.res" 1739
"../../../Engine/Content/Internationalization/icudt64l/region/pa_IN.res" 1740
"../../../Engine/Content/Internationalization/icudt64l/region/pa_Guru_IN.res" 1741
"../../../Engine/Content/Internationalization/icudt64l/region/pa_Guru.res" 1742
"../../../Engine/Content/Internationalization/icudt64l/region/pa.res" 1743
"../../../Engine/Content/Internationalization/icudt64l/lang/pl.res" 1744
"../../../Engine/Content/Internationalization/icudt64l/region/pl.res" 1745
"../../../Engine/Content/Internationalization/icudt64l/lang/ps.res" 1746
"../../../Engine/Content/Internationalization/icudt64l/region/ps.res" 1747
"../../../Engine/Content/Internationalization/icudt64l/lang/ps_PK.res" 1748
"../../../Engine/Content/Internationalization/icudt64l/region/ps_PK.res" 1749
"../../../Engine/Content/Internationalization/icudt64l/lang/pt.res" 1750
"../../../Engine/Content/Internationalization/icudt64l/lang/pt_AO.res" 1751
"../../../Engine/Content/Internationalization/icudt64l/lang/pt_PT.res" 1752
"../../../Engine/Content/Internationalization/icudt64l/region/pt_AO.res" 1753
"../../../Engine/Content/Internationalization/icudt64l/region/pt_PT.res" 1754
"../../../Engine/Content/Internationalization/icudt64l/region/pt.res" 1755
"../../../Engine/Content/Internationalization/icudt64l/lang/pt_CH.res" 1756
"../../../Engine/Content/Internationalization/icudt64l/region/pt_CH.res" 1757
"../../../Engine/Content/Internationalization/icudt64l/lang/pt_CV.res" 1758
"../../../Engine/Content/Internationalization/icudt64l/region/pt_CV.res" 1759
"../../../Engine/Content/Internationalization/icudt64l/lang/pt_GQ.res" 1760
"../../../Engine/Content/Internationalization/icudt64l/region/pt_GQ.res" 1761
"../../../Engine/Content/Internationalization/icudt64l/lang/pt_GW.res" 1762
"../../../Engine/Content/Internationalization/icudt64l/region/pt_GW.res" 1763
"../../../Engine/Content/Internationalization/icudt64l/lang/pt_LU.res" 1764
"../../../Engine/Content/Internationalization/icudt64l/region/pt_LU.res" 1765
"../../../Engine/Content/Internationalization/icudt64l/lang/pt_MO.res" 1766
"../../../Engine/Content/Internationalization/icudt64l/region/pt_MO.res" 1767
"../../../Engine/Content/Internationalization/icudt64l/lang/pt_MZ.res" 1768
"../../../Engine/Content/Internationalization/icudt64l/region/pt_MZ.res" 1769
"../../../Engine/Content/Internationalization/icudt64l/lang/pt_ST.res" 1770
"../../../Engine/Content/Internationalization/icudt64l/region/pt_ST.res" 1771
"../../../Engine/Content/Internationalization/icudt64l/lang/pt_TL.res" 1772
"../../../Engine/Content/Internationalization/icudt64l/region/pt_TL.res" 1773
"../../../Engine/Content/Internationalization/icudt64l/lang/qu.res" 1774
"../../../Engine/Content/Internationalization/icudt64l/region/qu.res" 1775
"../../../Engine/Content/Internationalization/icudt64l/lang/rm.res" 1776
"../../../Engine/Content/Internationalization/icudt64l/region/rm.res" 1777
"../../../Engine/Content/Internationalization/icudt64l/lang/rn.res" 1778
"../../../Engine/Content/Internationalization/icudt64l/region/rn.res" 1779
"../../../Engine/Content/Internationalization/icudt64l/lang/ro.res" 1780
"../../../Engine/Content/Internationalization/icudt64l/lang/ro_MD.res" 1781
"../../../Engine/Content/Internationalization/icudt64l/region/ro_MD.res" 1782
"../../../Engine/Content/Internationalization/icudt64l/region/ro.res" 1783
"../../../Engine/Content/Internationalization/icudt64l/lang/rof.res" 1784
"../../../Engine/Content/Internationalization/icudt64l/region/rof.res" 1785
"../../../Engine/Content/Internationalization/icudt64l/lang/ru.res" 1786
"../../../Engine/Content/Internationalization/icudt64l/region/ru.res" 1787
"../../../Engine/Content/Internationalization/icudt64l/region/ru_UA.res" 1788
"../../../Engine/Content/Internationalization/icudt64l/lang/rw.res" 1789
"../../../Engine/Content/Internationalization/icudt64l/region/rw.res" 1790
"../../../Engine/Content/Internationalization/icudt64l/lang/rwk.res" 1791
"../../../Engine/Content/Internationalization/icudt64l/region/rwk.res" 1792
"../../../Engine/Content/Internationalization/icudt64l/lang/sah.res" 1793
"../../../Engine/Content/Internationalization/icudt64l/region/sah.res" 1794
"../../../Engine/Content/Internationalization/icudt64l/lang/saq.res" 1795
"../../../Engine/Content/Internationalization/icudt64l/region/saq.res" 1796
"../../../Engine/Content/Internationalization/icudt64l/lang/sbp.res" 1797
"../../../Engine/Content/Internationalization/icudt64l/region/sbp.res" 1798
"../../../Engine/Content/Internationalization/icudt64l/lang/sd.res" 1799
"../../../Engine/Content/Internationalization/icudt64l/region/sd.res" 1800
"../../../Engine/Content/Internationalization/icudt64l/lang/se.res" 1801
"../../../Engine/Content/Internationalization/icudt64l/lang/se_FI.res" 1802
"../../../Engine/Content/Internationalization/icudt64l/region/se_FI.res" 1803
"../../../Engine/Content/Internationalization/icudt64l/region/se.res" 1804
"../../../Engine/Content/Internationalization/icudt64l/lang/seh.res" 1805
"../../../Engine/Content/Internationalization/icudt64l/region/seh.res" 1806
"../../../Engine/Content/Internationalization/icudt64l/lang/ses.res" 1807
"../../../Engine/Content/Internationalization/icudt64l/region/ses.res" 1808
"../../../Engine/Content/Internationalization/icudt64l/lang/sg.res" 1809
"../../../Engine/Content/Internationalization/icudt64l/region/sg.res" 1810
"../../../Engine/Content/Internationalization/icudt64l/lang/shi.res" 1811
"../../../Engine/Content/Internationalization/icudt64l/lang/shi_Latn.res" 1812
"../../../Engine/Content/Internationalization/icudt64l/lang/shi_MA.res" 1813
"../../../Engine/Content/Internationalization/icudt64l/lang/shi_Tfng_MA.res" 1814
"../../../Engine/Content/Internationalization/icudt64l/lang/shi_Tfng.res" 1815
"../../../Engine/Content/Internationalization/icudt64l/region/shi_MA.res" 1816
"../../../Engine/Content/Internationalization/icudt64l/region/shi_Tfng_MA.res" 1817
"../../../Engine/Content/Internationalization/icudt64l/region/shi_Tfng.res" 1818
"../../../Engine/Content/Internationalization/icudt64l/region/shi.res" 1819
"../../../Engine/Content/Internationalization/icudt64l/region/shi_Latn.res" 1820
"../../../Engine/Content/Internationalization/icudt64l/lang/si.res" 1821
"../../../Engine/Content/Internationalization/icudt64l/region/si.res" 1822
"../../../Engine/Content/Internationalization/icudt64l/lang/sk.res" 1823
"../../../Engine/Content/Internationalization/icudt64l/region/sk.res" 1824
"../../../Engine/Content/Internationalization/icudt64l/lang/sl.res" 1825
"../../../Engine/Content/Internationalization/icudt64l/region/sl.res" 1826
"../../../Engine/Content/Internationalization/icudt64l/lang/smn.res" 1827
"../../../Engine/Content/Internationalization/icudt64l/region/smn.res" 1828
"../../../Engine/Content/Internationalization/icudt64l/lang/sn.res" 1829
"../../../Engine/Content/Internationalization/icudt64l/region/sn.res" 1830
"../../../Engine/Content/Internationalization/icudt64l/lang/so.res" 1831
"../../../Engine/Content/Internationalization/icudt64l/region/so.res" 1832
"../../../Engine/Content/Internationalization/icudt64l/lang/sq.res" 1833
"../../../Engine/Content/Internationalization/icudt64l/region/sq.res" 1834
"../../../Engine/Content/Internationalization/icudt64l/lang/sr.res" 1835
"../../../Engine/Content/Internationalization/icudt64l/lang/sr_Cyrl.res" 1836
"../../../Engine/Content/Internationalization/icudt64l/lang/sr_BA.res" 1837
"../../../Engine/Content/Internationalization/icudt64l/lang/sr_Cyrl_BA.res" 1838
"../../../Engine/Content/Internationalization/icudt64l/region/sr_BA.res" 1839
"../../../Engine/Content/Internationalization/icudt64l/region/sr_Cyrl_BA.res" 1840
"../../../Engine/Content/Internationalization/icudt64l/region/sr_Cyrl.res" 1841
"../../../Engine/Content/Internationalization/icudt64l/region/sr.res" 1842
"../../../Engine/Content/Internationalization/icudt64l/lang/sr_ME.res" 1843
"../../../Engine/Content/Internationalization/icudt64l/lang/sr_Latn_ME.res" 1844
"../../../Engine/Content/Internationalization/icudt64l/lang/sr_Latn.res" 1845
"../../../Engine/Content/Internationalization/icudt64l/region/sr_ME.res" 1846
"../../../Engine/Content/Internationalization/icudt64l/region/sr_Latn_ME.res" 1847
"../../../Engine/Content/Internationalization/icudt64l/region/sr_Latn.res" 1848
"../../../Engine/Content/Internationalization/icudt64l/lang/sr_Cyrl_ME.res" 1849
"../../../Engine/Content/Internationalization/icudt64l/region/sr_Cyrl_ME.res" 1850
"../../../Engine/Content/Internationalization/icudt64l/lang/sr_RS.res" 1851
"../../../Engine/Content/Internationalization/icudt64l/lang/sr_Cyrl_RS.res" 1852
"../../../Engine/Content/Internationalization/icudt64l/region/sr_RS.res" 1853
"../../../Engine/Content/Internationalization/icudt64l/region/sr_Cyrl_RS.res" 1854
"../../../Engine/Content/Internationalization/icudt64l/lang/sr_XK.res" 1855
"../../../Engine/Content/Internationalization/icudt64l/lang/sr_Cyrl_XK.res" 1856
"../../../Engine/Content/Internationalization/icudt64l/region/sr_XK.res" 1857
"../../../Engine/Content/Internationalization/icudt64l/region/sr_Cyrl_XK.res" 1858
"../../../Engine/Content/Internationalization/icudt64l/lang/sr_Latn_BA.res" 1859
"../../../Engine/Content/Internationalization/icudt64l/region/sr_Latn_BA.res" 1860
"../../../Engine/Content/Internationalization/icudt64l/lang/sr_Latn_RS.res" 1861
"../../../Engine/Content/Internationalization/icudt64l/region/sr_Latn_RS.res" 1862
"../../../Engine/Content/Internationalization/icudt64l/lang/sr_Latn_XK.res" 1863
"../../../Engine/Content/Internationalization/icudt64l/region/sr_Latn_XK.res" 1864
"../../../Engine/Content/Internationalization/icudt64l/lang/sv.res" 1865
"../../../Engine/Content/Internationalization/icudt64l/region/sv.res" 1866
"../../../Engine/Content/Internationalization/icudt64l/lang/sv_FI.res" 1867
"../../../Engine/Content/Internationalization/icudt64l/lang/sw.res" 1868
"../../../Engine/Content/Internationalization/icudt64l/lang/sw_CD.res" 1869
"../../../Engine/Content/Internationalization/icudt64l/region/sw_CD.res" 1870
"../../../Engine/Content/Internationalization/icudt64l/region/sw.res" 1871
"../../../Engine/Content/Internationalization/icudt64l/lang/sw_KE.res" 1872
"../../../Engine/Content/Internationalization/icudt64l/region/sw_KE.res" 1873
"../../../Engine/Content/Internationalization/icudt64l/lang/ta.res" 1874
"../../../Engine/Content/Internationalization/icudt64l/region/ta.res" 1875
"../../../Engine/Content/Internationalization/icudt64l/lang/te.res" 1876
"../../../Engine/Content/Internationalization/icudt64l/region/te.res" 1877
"../../../Engine/Content/Internationalization/icudt64l/lang/teo.res" 1878
"../../../Engine/Content/Internationalization/icudt64l/region/teo.res" 1879
"../../../Engine/Content/Internationalization/icudt64l/lang/tg.res" 1880
"../../../Engine/Content/Internationalization/icudt64l/region/tg.res" 1881
"../../../Engine/Content/Internationalization/icudt64l/lang/th.res" 1882
"../../../Engine/Content/Internationalization/icudt64l/lang/th_TH.res" 1883
"../../../Engine/Content/Internationalization/icudt64l/region/th_TH.res" 1884
"../../../Engine/Content/Internationalization/icudt64l/region/th.res" 1885
"../../../Engine/Content/Internationalization/icudt64l/lang/ti.res" 1886
"../../../Engine/Content/Internationalization/icudt64l/region/ti.res" 1887
"../../../Engine/Content/Internationalization/icudt64l/lang/tk.res" 1888
"../../../Engine/Content/Internationalization/icudt64l/region/tk.res" 1889
"../../../Engine/Content/Internationalization/icudt64l/lang/to.res" 1890
"../../../Engine/Content/Internationalization/icudt64l/region/to.res" 1891
"../../../Engine/Content/Internationalization/icudt64l/lang/tr.res" 1892
"../../../Engine/Content/Internationalization/icudt64l/region/tr.res" 1893
"../../../Engine/Content/Internationalization/icudt64l/lang/tt.res" 1894
"../../../Engine/Content/Internationalization/icudt64l/region/tt.res" 1895
"../../../Engine/Content/Internationalization/icudt64l/lang/twq.res" 1896
"../../../Engine/Content/Internationalization/icudt64l/region/twq.res" 1897
"../../../Engine/Content/Internationalization/icudt64l/lang/tzm.res" 1898
"../../../Engine/Content/Internationalization/icudt64l/region/tzm.res" 1899
"../../../Engine/Content/Internationalization/icudt64l/lang/ug.res" 1900
"../../../Engine/Content/Internationalization/icudt64l/region/ug.res" 1901
"../../../Engine/Content/Internationalization/icudt64l/lang/uk.res" 1902
"../../../Engine/Content/Internationalization/icudt64l/region/uk.res" 1903
"../../../Engine/Content/Internationalization/icudt64l/lang/ur.res" 1904
"../../../Engine/Content/Internationalization/icudt64l/lang/ur_IN.res" 1905
"../../../Engine/Content/Internationalization/icudt64l/region/ur_IN.res" 1906
"../../../Engine/Content/Internationalization/icudt64l/region/ur.res" 1907
"../../../Engine/Content/Internationalization/icudt64l/lang/uz.res" 1908
"../../../Engine/Content/Internationalization/icudt64l/lang/uz_Arab.res" 1909
"../../../Engine/Content/Internationalization/icudt64l/lang/uz_AF.res" 1910
"../../../Engine/Content/Internationalization/icudt64l/lang/uz_Arab_AF.res" 1911
"../../../Engine/Content/Internationalization/icudt64l/region/uz_AF.res" 1912
"../../../Engine/Content/Internationalization/icudt64l/region/uz_Arab_AF.res" 1913
"../../../Engine/Content/Internationalization/icudt64l/region/uz_Arab.res" 1914
"../../../Engine/Content/Internationalization/icudt64l/lang/uz_Cyrl.res" 1915
"../../../Engine/Content/Internationalization/icudt64l/lang/uz_UZ.res" 1916
"../../../Engine/Content/Internationalization/icudt64l/lang/uz_Latn_UZ.res" 1917
"../../../Engine/Content/Internationalization/icudt64l/lang/uz_Latn.res" 1918
"../../../Engine/Content/Internationalization/icudt64l/region/uz_UZ.res" 1919
"../../../Engine/Content/Internationalization/icudt64l/region/uz_Latn_UZ.res" 1920
"../../../Engine/Content/Internationalization/icudt64l/region/uz_Latn.res" 1921
"../../../Engine/Content/Internationalization/icudt64l/region/uz.res" 1922
"../../../Engine/Content/Internationalization/icudt64l/region/uz_Cyrl.res" 1923
"../../../Engine/Content/Internationalization/icudt64l/lang/vai.res" 1924
"../../../Engine/Content/Internationalization/icudt64l/lang/vai_Latn.res" 1925
"../../../Engine/Content/Internationalization/icudt64l/lang/vai_LR.res" 1926
"../../../Engine/Content/Internationalization/icudt64l/lang/vai_Vaii_LR.res" 1927
"../../../Engine/Content/Internationalization/icudt64l/lang/vai_Vaii.res" 1928
"../../../Engine/Content/Internationalization/icudt64l/region/vai_LR.res" 1929
"../../../Engine/Content/Internationalization/icudt64l/region/vai_Vaii_LR.res" 1930
"../../../Engine/Content/Internationalization/icudt64l/region/vai_Vaii.res" 1931
"../../../Engine/Content/Internationalization/icudt64l/region/vai.res" 1932
"../../../Engine/Content/Internationalization/icudt64l/region/vai_Latn.res" 1933
"../../../Engine/Content/Internationalization/icudt64l/lang/vi.res" 1934
"../../../Engine/Content/Internationalization/icudt64l/region/vi.res" 1935
"../../../Engine/Content/Internationalization/icudt64l/lang/vun.res" 1936
"../../../Engine/Content/Internationalization/icudt64l/region/vun.res" 1937
"../../../Engine/Content/Internationalization/icudt64l/lang/wae.res" 1938
"../../../Engine/Content/Internationalization/icudt64l/region/wae.res" 1939
"../../../Engine/Content/Internationalization/icudt64l/lang/wo.res" 1940
"../../../Engine/Content/Internationalization/icudt64l/region/wo.res" 1941
"../../../Engine/Content/Internationalization/icudt64l/lang/xh.res" 1942
"../../../Engine/Content/Internationalization/icudt64l/region/xh.res" 1943
"../../../Engine/Content/Internationalization/icudt64l/lang/xog.res" 1944
"../../../Engine/Content/Internationalization/icudt64l/region/xog.res" 1945
"../../../Engine/Content/Internationalization/icudt64l/lang/yav.res" 1946
"../../../Engine/Content/Internationalization/icudt64l/region/yav.res" 1947
"../../../Engine/Content/Internationalization/icudt64l/lang/yi.res" 1948
"../../../Engine/Content/Internationalization/icudt64l/region/yi.res" 1949
"../../../Engine/Content/Internationalization/icudt64l/lang/yo.res" 1950
"../../../Engine/Content/Internationalization/icudt64l/lang/yo_BJ.res" 1951
"../../../Engine/Content/Internationalization/icudt64l/region/yo_BJ.res" 1952
"../../../Engine/Content/Internationalization/icudt64l/region/yo.res" 1953
"../../../Engine/Content/Internationalization/icudt64l/lang/yue.res" 1954
"../../../Engine/Content/Internationalization/icudt64l/lang/yue_Hans.res" 1955
"../../../Engine/Content/Internationalization/icudt64l/lang/yue_CN.res" 1956
"../../../Engine/Content/Internationalization/icudt64l/lang/yue_Hans_CN.res" 1957
"../../../Engine/Content/Internationalization/icudt64l/region/yue_CN.res" 1958
"../../../Engine/Content/Internationalization/icudt64l/region/yue_Hans_CN.res" 1959
"../../../Engine/Content/Internationalization/icudt64l/region/yue_Hans.res" 1960
"../../../Engine/Content/Internationalization/icudt64l/lang/yue_Hant.res" 1961
"../../../Engine/Content/Internationalization/icudt64l/lang/yue_HK.res" 1962
"../../../Engine/Content/Internationalization/icudt64l/lang/yue_Hant_HK.res" 1963
"../../../Engine/Content/Internationalization/icudt64l/region/yue_HK.res" 1964
"../../../Engine/Content/Internationalization/icudt64l/region/yue_Hant_HK.res" 1965
"../../../Engine/Content/Internationalization/icudt64l/region/yue_Hant.res" 1966
"../../../Engine/Content/Internationalization/icudt64l/region/yue.res" 1967
"../../../Engine/Content/Internationalization/icudt64l/lang/zgh.res" 1968
"../../../Engine/Content/Internationalization/icudt64l/region/zgh.res" 1969
"../../../Engine/Content/Internationalization/icudt64l/lang/zh.res" 1970
"../../../Engine/Content/Internationalization/icudt64l/lang/zh_Hans.res" 1971
"../../../Engine/Content/Internationalization/icudt64l/lang/zh_CN.res" 1972
"../../../Engine/Content/Internationalization/icudt64l/lang/zh_Hans_CN.res" 1973
"../../../Engine/Content/Internationalization/icudt64l/region/zh_CN.res" 1974
"../../../Engine/Content/Internationalization/icudt64l/region/zh_Hans_CN.res" 1975
"../../../Engine/Content/Internationalization/icudt64l/region/zh_Hans.res" 1976
"../../../Engine/Content/Internationalization/icudt64l/region/zh.res" 1977
"../../../Engine/Content/Internationalization/icudt64l/lang/zh_HK.res" 1978
"../../../Engine/Content/Internationalization/icudt64l/lang/zh_Hant_HK.res" 1979
"../../../Engine/Content/Internationalization/icudt64l/lang/zh_Hant.res" 1980
"../../../Engine/Content/Internationalization/icudt64l/region/zh_HK.res" 1981
"../../../Engine/Content/Internationalization/icudt64l/region/zh_Hant_HK.res" 1982
"../../../Engine/Content/Internationalization/icudt64l/region/zh_Hant.res" 1983
"../../../Engine/Content/Internationalization/icudt64l/lang/zh_MO.res" 1984
"../../../Engine/Content/Internationalization/icudt64l/lang/zh_Hant_MO.res" 1985
"../../../Engine/Content/Internationalization/icudt64l/region/zh_MO.res" 1986
"../../../Engine/Content/Internationalization/icudt64l/region/zh_Hant_MO.res" 1987
"../../../Engine/Content/Internationalization/icudt64l/lang/zh_SG.res" 1988
"../../../Engine/Content/Internationalization/icudt64l/lang/zh_Hans_SG.res" 1989
"../../../Engine/Content/Internationalization/icudt64l/region/zh_SG.res" 1990
"../../../Engine/Content/Internationalization/icudt64l/region/zh_Hans_SG.res" 1991
"../../../Engine/Content/Internationalization/icudt64l/lang/zh_TW.res" 1992
"../../../Engine/Content/Internationalization/icudt64l/lang/zh_Hant_TW.res" 1993
"../../../Engine/Content/Internationalization/icudt64l/region/zh_TW.res" 1994
"../../../Engine/Content/Internationalization/icudt64l/region/zh_Hant_TW.res" 1995
"../../../Engine/Content/Internationalization/icudt64l/lang/zu.res" 1996
"../../../Engine/Content/Internationalization/icudt64l/region/zu.res" 1997
"../../../Engine/Content/Internationalization/icudt64l/lang/no.res" 1998
"../../../Engine/Content/Internationalization/icudt64l/lang/tl.res" 1999
"../../../Engine/Config/Android/DataDrivenPlatformInfo.ini" 2000
"../../../Engine/Config/IOS/DataDrivenPlatformInfo.ini" 2001
"../../../Engine/Config/Linux/DataDrivenPlatformInfo.ini" 2002
"../../../Engine/Config/Mac/DataDrivenPlatformInfo.ini" 2003
"../../../Engine/Config/TVOS/DataDrivenPlatformInfo.ini" 2004
"../../../Engine/Config/Unix/DataDrivenPlatformInfo.ini" 2005
"../../../Engine/Config/VulkanPC/DataDrivenPlatformInfo.ini" 2006
"../../../Engine/Config/Windows/DataDrivenPlatformInfo.ini" 2007
"../../../Engine/Platforms/VisionOS/Config/DataDrivenPlatformInfo.ini" 2008
"../../../Engine/DerivedDataCache/Compressed.ddp" 2009
"C:/Users/thoma/AppData/Local/UnrealEngine/5.7/Saved/Zen/zen.version" 2010
"C:/Users/thoma/AppData/Local/UnrealEngine/Common/Zen/Install/zen.version" 2011
"C:/Users/thoma/AppData/Local/UnrealEngine/Common/Zen/Install/zenserver.runcontext" 2012
"C:/Users/thoma/AppData/Local/UnrealEngine/Common/DerivedDataCache/TestData/0/TestData_4kb.dat" 2013
"C:/Users/thoma/AppData/Local/UnrealEngine/Common/DerivedDataCache/TestData/1/TestData_4kb.dat" 2014
"C:/Users/thoma/AppData/Local/UnrealEngine/Common/DerivedDataCache/TestData/0/TestData_8kb.dat" 2015
"C:/Users/thoma/AppData/Local/UnrealEngine/Common/DerivedDataCache/TestData/1/TestData_8kb.dat" 2016
"C:/Users/thoma/AppData/Local/UnrealEngine/Common/DerivedDataCache/TestData/0/TestData_16kb.dat" 2017
"C:/Users/thoma/AppData/Local/UnrealEngine/Common/DerivedDataCache/TestData/1/TestData_16kb.dat" 2018
"C:/Users/thoma/AppData/Local/UnrealEngine/Common/DerivedDataCache/TestData/0/TestData_64kb.dat" 2019
"C:/Users/thoma/AppData/Local/UnrealEngine/Common/DerivedDataCache/TestData/1/TestData_64kb.dat" 2020
"C:/Users/thoma/AppData/Local/UnrealEngine/Common/DerivedDataCache/TestData/0/TestData_128kb.dat" 2021
"C:/Users/thoma/AppData/Local/UnrealEngine/Common/DerivedDataCache/TestData/1/TestData_128kb.dat" 2022
"C:/Users/thoma/AppData/Local/UnrealEngine/Common/DerivedDataCache/TestData/0/TestData_256kb.dat" 2023
"C:/Users/thoma/AppData/Local/UnrealEngine/Common/DerivedDataCache/TestData/1/TestData_256kb.dat" 2024
"C:/Users/thoma/AppData/Roaming/Unreal Engine/UnrealBuildTool/BuildConfiguration.xml" 2025
"../../../../../../Tidy/TidyPrototype/Intermediate/ShaderAutogen/PCD3D_SM6/AutogenShaderHeaders.ush" 2026
"../../../Engine/Shaders/Private/HairStrands/HairStrandsVertexFactory.ush" 2027
"../../../Engine/Shaders/Private/VertexFactoryCommon.ush" 2028
"../../../Engine/Shaders/Private/Common.ush" 2029
"../../../Engine/Shaders/Public/Platform.ush" 2030
"../../../Engine/Shaders/Public/FP16Math.ush" 2031
"../../../Engine/Shaders/Public/Platform/D3D/D3DCommon.ush" 2032
"../../../Engine/Shaders/Shared/HLSLReservedSpaces.h" 2033
"../../../Engine/Shaders/Public/BindlessResources.ush" 2034
"../../../Engine/Shaders/Public/Platform/D3D/PlatformBindlessResources.ush" 2035
"../../../Engine/Shaders/Shared/RayTracingBuiltInResources.h" 2036
"../../../Engine/Shaders/Shared/RayTracingDefinitions.h" 2037
"../../../Engine/Shaders/Shared/MaterialCacheDefinitions.h" 2038
"../../../Engine/Shaders/Shared/HLSLTypeAliases.h" 2039
"../../../Engine/Shaders/Public/IndirectVirtualTexture.ush" 2040
"../../../Engine/Shaders/Shared/IndirectVirtualTextureDefinitions.h" 2041
"../../../Engine/Shaders/Public/OverloadMacros.ush" 2042
"../../../Engine/Shaders/Public/ShaderVersion.ush" 2043
"../../../Engine/Shaders/Shared/ThirdParty/NVIDIA/nvHLSLExtns.h" 2044
"../../../Engine/Shaders/Shared/ThirdParty/NVIDIA/nvHLSLExtnsInternal.h" 2045
"../../../Engine/Shaders/Shared/ThirdParty/NVIDIA/nvShaderExtnEnums.h" 2046
"../../../Engine/Shaders/Private/PackUnpack.ush" 2047
"../../../Engine/Shaders/Private/GeneratedUniformBufferTypes.ush" 2048
"../../../Engine/Shaders/Private/Nanite/NanitePackedNaniteView.ush" 2049
"../../../Engine/Shaders/Private/HairStrands/HairStrandsVisibilityCommonStruct.ush" 2050
"../../../Engine/Shaders/Private/HairStrands/HairStrandsVoxelPageCommonStruct.ush" 2051
"../../../Engine/Shaders/Private/HairStrands/HairStrandsDeepShadowCommonStruct.ush" 2052
"../../../Engine/Shaders/Shared/LightSceneData.h" 2053
"../../../Engine/Shaders/Private/LargeWorldCoordinates.ush" 2054
"../../../Engine/Shaders/Private/DoubleFloat.ush" 2055
"../../../Engine/Shaders/Private/RandomPCG.ush" 2056
"../../../Engine/Shaders/Private/DoubleFloatOperations.ush" 2057
"../../../Engine/Shaders/Private/DoubleFloatVectorDefinition.ush" 2058
"../../../Engine/Shaders/Private/LWCOperations.ush" 2059
"../../../Engine/Shaders/Shared/LightViewData.h" 2060
"../../../Engine/Shaders/Shared/RayTracingTypes.h" 2061
"../../../Engine/Shaders/Shared/HLSLStaticAssert.h" 2062
"../../../Engine/Shaders/Private/CommonViewUniformBuffer.ush" 2063
"../../../Engine/Shaders/Private/InstancedStereo.ush" 2064
"../../../Engine/Shaders/Private/Definitions.usf" 2065
"../../../Engine/Shaders/Private/AssertionMacros.ush" 2066
"../../../Engine/Shaders/Private/FastMath.ush" 2067
"../../../Engine/Shaders/Private/FastMathThirdParty.ush" 2068
"../../../Engine/Shaders/Private/Random.ush" 2069
"../../../Engine/Shaders/Private/RandomInterleavedGradientNoise.ush" 2070
"../../../Engine/Shaders/Private/SceneData.ush" 2071
"../../../Engine/Shaders/Private/OctahedralCommon.ush" 2072
"../../../Engine/Shaders/Private/WaveOpUtil.ush" 2073
"../../../Engine/Shaders/Private/ByteBuffer.ush" 2074
"../../../Engine/Shaders/Shared/SceneDefinitions.h" 2075
"../../../Engine/Shaders/Private/SceneDataMobileLoader.ush" 2076
"../../../Engine/Shaders/Private/LocalVertexFactoryCommon.ush" 2077
"../../../Engine/Shaders/Private/HairStrands/HairStrandsVisibilityCommon.ush" 2078
"../../../Engine/Shaders/Shared/HairStrandsDefinitions.h" 2079
"../../../Engine/Shaders/Private/HairStrands/HairStrandsVertexFactoryCommon.ush" 2080
"../../../Engine/Shaders/Private/HairStrands/HairStrandsPack.ush" 2081
"../../../Engine/Shaders/Private/HairStrands/HairStrandsAttributeCommon.ush" 2082
"../../../Engine/Shaders/Private/HairStrands/HairStrandsAttributeTemplate.ush" 2083
"../../../Engine/Shaders/Private/VertexFactoryDefaultInterface.ush" 2084
"../../../Engine/Shaders/Private/HairStrands/HairCardsVertexFactory.ush" 2085
"../../../Engine/Shaders/Private/HairStrands/HairCardsAttributeCommon.ush" 2086
"../../../Engine/Shaders/Private/RayTracing/RayTracingCommon.ush" 2087
"../../../Engine/Shaders/Private/ShadingCommon.ush" 2088
"../../../Engine/Shaders/Shared/RayTracingPayloadType.h" 2089
"../../../Engine/Shaders/Private/RayTracing/RayTracingRayCone.ush" 2090
"../../../Engine/Shaders/Private/Substrate/Substrate.ush" 2091
"../../../Engine/Shaders/Private/ShadingEnergyConservation.ush" 2092
"../../../Engine/Shaders/Private/ShadingEnergyConservationTemplate.ush" 2093
"../../../Engine/Shaders/Private/BRDF.ush" 2094
"../../../Engine/Shaders/Private/ColorSpace.ush" 2095
"../../../Engine/Shaders/Private/DeferredShadingCommon.ush" 2096
"../../../Engine/Shaders/Private/LightAccumulator.ush" 2097
"../../../Engine/Shaders/Private/SceneTexturesCommon.ush" 2098
"../../../Engine/Shaders/Private/MonteCarlo.ush" 2099
"../../../Engine/Shaders/Private/GBufferHelpers.ush" 2100
"../../../Engine/Shaders/Private/SceneTextureParameters.ush" 2101
"C:/Tidy/TidyPrototype/Intermediate/ShaderAutogen/PCD3D_SM6/AutogenShaderHeaders.ush" 2102
"../../../Engine/Shaders/Private/ParticipatingMediaCommon.ush" 2103
"../../../Engine/Shaders/Private/ThinFilmBSDF.ush" 2104
"../../../Engine/Shaders/Private/MortonCode.ush" 2105
"../../../Engine/Shaders/Private/SubsurfaceProfileCommon.ush" 2106
"../../../Engine/Shaders/Private/BurleyNormalizedSSSCommon.ush" 2107
"../../../Engine/Shaders/Private/GammaCorrectionCommon.ush" 2108
"../../../Engine/Shaders/Shared/SubstrateDefinitions.h" 2109
"../../../Engine/Shaders/Private/Substrate/SubstrateStatisticalOperators.ush" 2110
"../../../Engine/Shaders/Private/Substrate/SubstrateSubsurface.ush" 2111
"../../../Engine/Shaders/Private/TransmissionCommon.ush" 2112
"../../../Engine/Shaders/Private/Substrate/SubstrateExportCommon.ush" 2113
"../../../Engine/Shaders/Private/SpecularProfileCommon.ush" 2114
"../../../Engine/Shaders/Private/RayTracing/RayTracingCommonMetal.ush" 2115
"../../../Engine/Shaders/Private/PositionReconstructionCommon.ush" 2116
"../../../Engine/Shaders/Private/RayTracing/TraceRayInline.ush" 2117
"../../../Engine/Shaders/Private/RayTracing/TraceRayInlineCommon.ush" 2118
"../../../Engine/Shaders/Private/RayTracing/TraceRayInlineVulkan.ush" 2119
"../../../Engine/Shaders/Private/RayTracing/TraceRayInlineMetal.ush" 2120
"../../../Engine/Shaders/Private/RayTracing/RayTracingHitGroupCommon.ush" 2121
"../../../Engine/Shaders/Private/Nanite/NaniteRayTrace.ush" 2122
"../../../Engine/Shaders/Private/Nanite/NaniteDataDecode.ush" 2123
"../../../Engine/Shaders/Private/BitPacking.ush" 2124
"../../../Engine/Shaders/Private/BitStreamReaderImplementation.ush" 2125
"../../../Engine/Shaders/Private/BoneTransform.ush" 2126
"../../../Engine/Shaders/Private/Quaternion.ush" 2127
"../../../Engine/Shaders/Private/Skinning/SkinningDataDecode.ush" 2128
"../../../Engine/Shaders/Private/GpuSkinCommon.ush" 2129
"../../../Engine/Shaders/Shared/SkinningDefinitions.h" 2130
"../../../Engine/Shaders/Shared/NaniteDefinitions.h" 2131
"../../../Engine/Shaders/Private/Nanite/NaniteAttributeDecode.ush" 2132
"../../../Engine/Shaders/Private/Barycentrics.ush" 2133
"../../../Engine/Shaders/Private/DualNumber.ush" 2134
"../../../Engine/Shaders/Shared/ThirdParty/RayTriangleIntersection.h" 2135
"../../../Engine/Shaders/Private/Nanite/NaniteVertexFetch.ush" 2136
"../../../Engine/Shaders/Private/ViewData.ush" 2137
"../../../Engine/Shaders/Shared/ViewDefinitions.h" 2138
"../../../Engine/Shaders/Private/Nanite/NaniteSceneCommon.ush" 2139
"../../../Engine/Shaders/Private/RayTracing/TraceRayInlineD3D12.ush" 2140
"../../../Engine/Plugins/FX/Niagara/Shaders/Private/NiagaraSpriteVertexFactory.ush" 2141
"../../../Engine/Shaders/Private/ParticleVertexFactoryCommon.ush" 2142
"../../../Engine/Plugins/FX/Niagara/Shaders/Private/NiagaraVFCommon.usf" 2143
"../../../Engine/Plugins/FX/Niagara/Shaders/Private/NiagaraVFParticleAccess.usf" 2144
"../../../Engine/Plugins/FX/Niagara/Shaders/Private/NiagaraParticleAccess.ush" 2145
"../../../Engine/Plugins/FX/Niagara/Shaders/Private/NiagaraRibbonVertexFactory.ush" 2146
"../../../Engine/Plugins/FX/Niagara/Shaders/Private/NiagaraMeshVertexFactory.ush" 2147
"../../../Engine/Plugins/FX/Niagara/Shaders/Private/NiagaraCommon.ush" 2148
"../../../Engine/Plugins/FX/Niagara/Shaders/Private/NiagaraMeshParticleUtils.ush" 2149
"../../../Engine/Shaders/Private/VectorFieldVisualizationVertexFactory.ush" 2150
"../../../Engine/Shaders/Private/Nanite/NaniteVertexFactory.ush" 2151
"../../../Engine/Shaders/Private/LightmapData.ush" 2152
"../../../Engine/Shaders/Private/SplineMeshCommon.ush" 2153
"../../../Engine/Shaders/Shared/SplineMeshShaderParams.h" 2154
"../../../Engine/Shaders/Private/ShaderPrint.ush" 2155
"../../../Engine/Shaders/Private/ShaderPrintCommon.ush" 2156
"../../../Engine/Shaders/Private/MiniFontCommon.ush" 2157
"../../../Engine/Shaders/Private/SGGX.ush" 2158
"../../../Engine/Shaders/Private/MaterialCache/MaterialCacheCommon.ush" 2159
"../../../Engine/Shaders/Private/Nanite/NaniteVertexDeformation.ush" 2160
"../../../Engine/Shaders/Private/Matrices.ush" 2161
"../../../Engine/Shaders/Private/ParticleSpriteVertexFactory.ush" 2162
"../../../Engine/Shaders/Private/ParticleGPUSpriteVertexFactory.ush" 2163
"../../../Engine/Shaders/Private/ParticleSimulationCommon.ush" 2164
"../../../Engine/Shaders/Private/ParticleBeamTrailVertexFactory.ush" 2165
"../../../Engine/Shaders/Private/MeshParticleVertexFactory.ush" 2166
"../../../Engine/Shaders/Private/LocalVertexFactory.ush" 2167
"../../../Engine/Shaders/Private/GpuSkinVertexFactory.ush" 2168
"../../../Engine/Shaders/Private/GeometryCollectionVertexFactory.ush" 2169
"../../../Engine/Shaders/Private/GeometryCacheVertexFactory.ush" 2170
"../../../Engine/Shaders/Private/LandscapeVertexFactory.ush" 2171
"../../../Engine/Plugins/NNE/NNEDenoiser/Shaders/NNEDenoiserShadersTransferFunctionOidn.usf" 2172
"../../../Engine/Plugins/NNE/NNEDenoiser/Shaders/NNEDenoiserShadersMappedCopy.usf" 2173
"../../../Engine/Plugins/NNE/NNEDenoiser/Shaders/NNEDenoiserShadersDefaultIOProcess.usf" 2174
"../../../Engine/Plugins/NNE/NNEDenoiser/Shaders/NNEDenoiserShadersAutoExposureReduceFinal.usf" 2175
"../../../Engine/Plugins/NNE/NNEDenoiser/Shaders/NNEDenoiserShadersAutoExposureReduce.usf" 2176
"../../../Engine/Plugins/NNE/NNEDenoiser/Shaders/NNEDenoiserShadersAutoExposureDownsample.usf" 2177
"../../../Engine/Plugins/Enterprise/GLTFExporter/Shaders/Private/SimpleTexture2DPS.usf" 2178
"../../../Engine/Shaders/Private/SimpleElementNormalMapPixelShader.usf" 2179
"../../../Engine/Plugins/Experimental/NFORDenoise/Shaders/NFORDenoise.usf" 2180
"../../../Engine/Shaders/Private/ScreenPass.ush" 2181
"../../../Engine/Plugins/Experimental/NFORDenoise/Shaders/NFORRegressionCommon.ush" 2182
"../../../Engine/Plugins/Experimental/NFORDenoise/Shaders/NFORRegression.ush" 2183
"../../../Engine/Plugins/Runtime/HairStrands/Shaders/Private/NiagaraCopyVelocityGrid.usf" 2184
"../../../Engine/Plugins/Runtime/HairStrands/Shaders/Private/NiagaraClearVelocityGrid.usf" 2185
"../../../Engine/Plugins/Runtime/HairStrands/Shaders/Private/NiagaraClearPressureGrid.usf" 2186
"../../../Engine/Plugins/Runtime/HairStrands/Shaders/Private/NiagaraInterpolateGroomGuides.usf" 2187
"../../../Engine/Plugins/Runtime/HairStrands/Shaders/Private/NiagaraGroomInterpolationUtils.ush" 2188
"../../../Engine/Plugins/FX/Niagara/Shaders/Private/NiagaraQuaternionUtils.ush" 2189
"../../../Engine/Shaders/Private/HairStrands/HairStrandsMesh.usf" 2190
"../../../Engine/Shaders/Private/HairStrands/HairStrandsBindingCommon.ush" 2191
"../../../Engine/Shaders/Private/HairStrands/HairStrandsFollicleMask.usf" 2192
"../../../Engine/Shaders/Private/HairStrands/HairStrandsSkinUpdate.usf" 2193
"../../../Engine/Shaders/Private/HairStrands/HairStrandsClusterCulling.usf" 2194
"../../../Engine/Shaders/Private/ColorMap.ush" 2195
"../../../Engine/Shaders/Private/HairStrands/HairStrandsAABBCommon.ush" 2196
"../../../Engine/Shaders/Private/HairStrands/HairStrandsClusterCommon.ush" 2197
"../../../Engine/Shaders/Private/ThreadGroupPrefixSum.ush" 2198
"../../../Engine/Shaders/Private/HairStrands/HairStrandsRaytracingGeometry.usf" 2199
"../../../Engine/Shaders/Private/HairStrands/HairStrandsTangent.usf" 2200
"../../../Engine/Shaders/Private/HairStrands/HairCardsDeformation.usf" 2201
"../../../Engine/Shaders/Private/HairStrands/HairStrandsInterpolation.usf" 2202
"../../../Engine/Shaders/Private/HairStrands/HairStrandsGuideDeform.usf" 2203
"../../../Engine/Shaders/Private/HairStrands/HairStrandsTexturesGeneration.usf" 2204
"../../../Engine/Shaders/Private/HairStrands/HairCardsTextureCommon.ush" 2205
"../../../Engine/Shaders/Private/HairStrands/HairStrandsTranscode.usf" 2206
"../../../Engine/Shaders/Private/HairStrands/HairStrandsDebug.usf" 2207
"../../../Engine/Shaders/Private/HairShadingCommon.ush" 2208
"../../../Engine/Shaders/Private/PostProcessCommon.ush" 2209
"../../../Engine/Shaders/Private/ShadingModels.ush" 2210
"../../../Engine/Shaders/Private/CapsuleLight.ush" 2211
"../../../Engine/Shaders/Private/RectLight.ush" 2212
"../../../Engine/Shaders/Private/LightData.ush" 2213
"../../../Engine/Shaders/Shared/LightDefinitions.h" 2214
"../../../Engine/Shaders/Private/AreaLightCommon.ush" 2215
"../../../Engine/Shaders/Private/HairBsdf.ush" 2216
"../../../Engine/Shaders/Private/PathTracing/Utilities/PathTracingRandomSequence.ush" 2217
"../../../Engine/Shaders/Private/MobileGGX.ush" 2218
"../../../Engine/Shaders/Private/HairStrands/HairStrandsCommon.ush" 2219
"../../../Engine/Shaders/Private/HairStrands/HairStrandsEnvironmentLightingCommon.ush" 2220
"../../../Engine/Shaders/Private/HairStrands/HairStrandsDeepTransmittanceCommon.ush" 2221
"../../../Engine/Shaders/Private/HairStrands/HairStrandsDeepTransmittanceDualScattering.ush" 2222
"../../../Engine/Shaders/Private/HairStrands/HairStrandsDeepShadowCommon.ush" 2223
"../../../Engine/Shaders/Private/HairStrands/HairStrandsDebugCommonStruct.ush" 2224
"../../../Engine/Plugins/Runtime/ComputeFramework/Shaders/Private/ComputeKernel.usf" 2225
"../../../Engine/Plugins/Runtime/ComputeFramework/Shaders/Private/ComputeKernelCommon.ush" 2226
"../../../Engine/Plugins/Media/WmfMedia/Shaders/Private/MediaHardwareVideoDecoding.usf" 2227
"../../../Engine/Shaders/Private/ColorUtils.ush" 2228
"../../../Engine/Plugins/Media/ImgMedia/Shaders/Private/ExrSwizzler.usf" 2229
"../../../Engine/Plugins/FX/Niagara/Shaders/Private/NiagaraVertexFactoryExport.usf" 2230
"../../../Engine/Shaders/Private/ComputeShaderUtils.ush" 2231
"../../../Engine/Shaders/Private/MaterialTemplate.ush" 2232
"../../../Engine/Shaders/Private/WorldSpaceMath.ush" 2233
"../../../Engine/Shaders/Private/EyeAdaptationCommon.ush" 2234
"../../../Engine/Shaders/Private/SobolRandom.ush" 2235
"../../../Engine/Shaders/Private/DepthOfFieldCommon.ush" 2236
"../../../Engine/Shaders/Private/CircleDOFCommon.ush" 2237
"../../../Engine/Shaders/Private/DistanceField/GlobalDistanceFieldShared.ush" 2238
"../../../Engine/Shaders/Private/PhysicsFieldSampler.ush" 2239
"../../../Engine/Shaders/Private/PhysicsFieldShared.ush" 2240
"../../../Engine/Shaders/Private/SparseVolumeTexture/SparseVolumeTextureCommon.ush" 2241
"../../../Engine/Shaders/Shared/EnvironmentComponentsFlags.h" 2242
"../../../Engine/Shaders/Private/MeshPaintTextureCommon.ush" 2243
"../../../Engine/Shaders/Private/VirtualTextureMaterial.ush" 2244
"../../../Engine/Shaders/Private/MaterialCache/MaterialCacheMaterialCommon.ush" 2245
"../../../Engine/Shaders/Private/Quantization.ush" 2246
"../../../Engine/Shaders/Private/SpeedTreeCommon.ush" 2247
"../../../Engine/Shaders/Private/VirtualTextureCommon.ush" 2248
"../../../Engine/Shaders/Public/IndirectVirtualTextureCommon.ush" 2249
"../../../Engine/Shaders/Private/MaterialTexture.ush" 2250
"../../../Engine/Shaders/Private/MinMaterialTexCoords.ush" 2251
"../../../Engine/Shaders/Private/SkyAtmosphereCommon.ush" 2252
"../../../Engine/Shaders/Private/SingleLayerWaterCommon.ush" 2253
"../../../Engine/Shaders/Private/TextureSampling.ush" 2254
"../../../Engine/Shaders/Private/PaniniProjection.ush" 2255
"../../../Engine/Shaders/Private/DBufferNormalReprojection.ush" 2256
"../../../Engine/Shaders/Public/SubstratePublic.ush" 2257
"../../../Engine/Shaders/Private/Substrate/SubstrateRead.ush" 2258
"../../../Engine/Shaders/Private/Substrate/SubstrateTree.ush" 2259
"../../../Engine/Shaders/Private/Substrate/SubstrateEvaluation.ush" 2260
"../../../Engine/Shaders/Private/Substrate/Glint/GlintThirdParty.ush" 2261
"../../../Engine/Shaders/Private/BlueNoise.ush" 2262
"../../../Engine/Shaders/Private/SHCommon.ush" 2263
"../../../Engine/Shaders/Private/ShadingModelsSampling.ush" 2264
"../../../Engine/Shaders/Private/HairStrands/HairBsdfSample.ush" 2265
"../../../Engine/Shaders/Private/Substrate/SubstrateLegacyConversion.ush" 2266
"../../../Engine/Shaders/Private/DBufferDecalShared.ush" 2267
"../../../Engine/Plugins/FX/Niagara/Shaders/Private/NiagaraSortKeyGen.usf" 2268
"../../../Engine/Plugins/FX/Niagara/Shaders/Private/NiagaraGPURayTracingTransforms.usf" 2269
"../../../Engine/Plugins/FX/Niagara/Shaders/Private/NiagaraDrawIndirectArgsGen.usf" 2270
"../../../Engine/Plugins/FX/Niagara/Shaders/Private/NiagaraDispatchIndirectArgsGen.usf" 2271
"../../../Engine/Plugins/FX/Niagara/Shaders/Private/Stateless/NiagaraStatelessSimulationDefault.usf" 2272
"../../../Engine/Plugins/FX/Niagara/Shaders/Private/Stateless/NiagaraStatelessCommon.ush" 2273
"../../../Engine/Plugins/FX/Niagara/Shaders/Shared/NiagaraStatelessDefinitions.h" 2274
"../../../Engine/Plugins/FX/Niagara/Shaders/Shared/NiagaraStatelessBuiltDistribution.h" 2275
"../../../Engine/Plugins/FX/Niagara/Shaders/Private/Stateless/NiagaraStatelessDistribution.ush" 2276
"../../../Engine/Plugins/FX/Niagara/Shaders/Private/Stateless/Template/GenerateCS_PreModules.ush" 2277
"../../../Engine/Plugins/FX/Niagara/Shaders/Private/Stateless/Modules/NiagaraStatelessModule_CalculateAccurateVelocity.ush" 2278
"../../../Engine/Plugins/FX/Niagara/Shaders/Private/Stateless/Modules/NiagaraStatelessModule_CameraOffset.ush" 2279
"../../../Engine/Plugins/FX/Niagara/Shaders/Private/Stateless/Modules/NiagaraStatelessModule_DynamicMaterialParameters.ush" 2280
"../../../Engine/Plugins/FX/Niagara/Shaders/Private/Stateless/Modules/NiagaraStatelessModule_InitializeParticle.ush" 2281
"../../../Engine/Plugins/FX/Niagara/Shaders/Private/Stateless/Modules/NiagaraStatelessModule_InitialMeshOrientation.ush" 2282
"../../../Engine/Plugins/FX/Niagara/Shaders/Private/Stateless/Modules/NiagaraStatelessModule_MeshIndex.ush" 2283
"../../../Engine/Plugins/FX/Niagara/Shaders/Private/Stateless/Modules/NiagaraStatelessModule_MeshRotationRate.ush" 2284
"../../../Engine/Plugins/FX/Niagara/Shaders/Private/Stateless/Modules/NiagaraStatelessModule_RotateAroundPoint.ush" 2285
"../../../Engine/Plugins/FX/Niagara/Shaders/Private/Stateless/Modules/NiagaraStatelessModule_ShapeLocation.ush" 2286
"../../../Engine/Plugins/FX/Niagara/Shaders/Private/Stateless/Modules/NiagaraStatelessModule_ScaleColor.ush" 2287
"../../../Engine/Plugins/FX/Niagara/Shaders/Private/Stateless/Modules/NiagaraStatelessModule_ScaleRibbonWidth.ush" 2288
"../../../Engine/Plugins/FX/Niagara/Shaders/Private/Stateless/Modules/NiagaraStatelessModule_ScaleSpriteSize.ush" 2289
"../../../Engine/Plugins/FX/Niagara/Shaders/Private/Stateless/Modules/NiagaraStatelessModule_ScaleSpriteSizeBySpeed.ush" 2290
"../../../Engine/Plugins/FX/Niagara/Shaders/Private/Stateless/Modules/NiagaraStatelessModule_ScaleMeshSize.ush" 2291
"../../../Engine/Plugins/FX/Niagara/Shaders/Private/Stateless/Modules/NiagaraStatelessModule_ScaleMeshSizebySpeed.ush" 2292
"../../../Engine/Plugins/FX/Niagara/Shaders/Private/Stateless/Modules/NiagaraStatelessModule_SolveVelocitiesAndForces.ush" 2293
"../../../Engine/Plugins/FX/Niagara/Shaders/Private/Stateless/Modules/NiagaraStatelessModule_SpriteFacingAndAlignment.ush" 2294
"../../../Engine/Plugins/FX/Niagara/Shaders/Private/Stateless/Modules/NiagaraStatelessModule_SpriteRotationRate.ush" 2295
"../../../Engine/Plugins/FX/Niagara/Shaders/Private/Stateless/Modules/NiagaraStatelessModule_SubUVAnimation.ush" 2296
"../../../Engine/Plugins/FX/Niagara/Shaders/Private/Stateless/Template/GenerateCS_PostModules.ush" 2297
"../../../Engine/Plugins/FX/Niagara/Shaders/Private/NiagaraBlendSVTsToDenseBuffer.usf" 2298
"../../../Engine/Plugins/FX/Niagara/Shaders/Private/NiagaraSVTToDenseBuffer.usf" 2299
"../../../Engine/Plugins/FX/Niagara/Shaders/Private/NiagaraFillIntBuffer.usf" 2300
"../../../Engine/Plugins/FX/Niagara/Shaders/Private/NiagaraComputeFreeIDs.usf" 2301
"../../../Engine/Plugins/FX/Niagara/Shaders/Private/NiagaraInitFreeIDBuffer.usf" 2302
"../../../Engine/Plugins/FX/Niagara/Shaders/Private/NiagaraEmitterInstanceShader.usf" 2303
"../../../Engine/Plugins/FX/Niagara/Shaders/Private/NiagaraShaderVersion.ush" 2304
"../../../Engine/Plugins/FX/Niagara/Shaders/Private/NiagaraPhysicsCommon.ush" 2305
"../../../Engine/Plugins/FX/Niagara/Shaders/Private/Ribbons/NiagaraRibbonAggregationApply.usf" 2306
"../../../Engine/Plugins/FX/Niagara/Shaders/Private/Ribbons/NiagaraRibbonCommon.ush" 2307
"../../../Engine/Plugins/FX/Niagara/Shaders/Shared/NiagaraRibbonShared.h" 2308
"../../../Engine/Plugins/FX/Niagara/Shaders/Private/Ribbons/NiagaraRibbonAggregationStep.usf" 2309
"../../../Engine/Plugins/FX/Niagara/Shaders/Private/Ribbons/NiagaraRibbonGenerateIndices.usf" 2310
"../../../Engine/Plugins/FX/Niagara/Shaders/Private/Ribbons/NiagaraRibbonInitializeIndices.usf" 2311
"../../../Engine/Plugins/FX/Niagara/Shaders/Private/Ribbons/NiagaraRibbonRibbonUVParamCalculation.usf" 2312
"../../../Engine/Plugins/FX/Niagara/Shaders/Private/Ribbons/NiagaraRibbonVertexReductionFinalization.usf" 2313
"../../../Engine/Plugins/FX/Niagara/Shaders/Private/Ribbons/NiagaraRibbonVertexReductionInitialization.usf" 2314
"../../../Engine/Plugins/FX/Niagara/Shaders/Private/Ribbons/NiagaraRibbonSortParticles.usf" 2315
"../../../Engine/Plugins/FX/Niagara/Shaders/Private/NiagaraLWCHelper.usf" 2316
"../../../Engine/Plugins/FX/Niagara/Shaders/Private/NiagaraUpdateMeshGPUSceneInstances.usf" 2317
"../../../Engine/Shaders/Private/GPUScene/GPUSceneWriter.ush" 2318
"../../../Engine/Plugins/FX/Niagara/Shaders/Private/NiagaraGenerateMips.usf" 2319
"../../../Engine/Plugins/FX/Niagara/Shaders/Private/NiagaraDebugDraw.usf" 2320
"../../../Engine/Plugins/FX/Niagara/Shaders/Private/NiagaraDebugDraw.ush" 2321
"../../../Engine/Plugins/FX/Niagara/Shaders/Private/NiagaraVisualizeTexture.usf" 2322
"../../../Engine/Plugins/FX/Niagara/Shaders/Private/NiagaraClearCounts.usf" 2323
"../../../Engine/Plugins/FX/Niagara/Shaders/Private/NiagaraBatchedElements.usf" 2324
"../../../Engine/Plugins/FX/Niagara/Shaders/Private/NiagaraRayTracingShaders.usf" 2325
"../../../Engine/Plugins/FX/Niagara/Shaders/Private/NiagaraAsyncGpuTraceCommon.ush" 2326
"../../../Engine/Shaders/Private/HashTable.ush" 2327
"../../../Engine/Shaders/Private/Hash.ush" 2328
"../../../Engine/Shaders/Private/RayTracing/VFXTraceRay.ush" 2329
"../../../Engine/Plugins/FX/Niagara/Shaders/Private/NiagaraRayMarchingShaders.usf" 2330
"../../../Engine/Plugins/FX/Niagara/Shaders/Private/NiagaraRayTraceCollisionGroupShaders.usf" 2331
"../../../Engine/Plugins/FX/Niagara/Shaders/Private/NiagaraAsyncGpuTraceUtils.usf" 2332
"../../../Engine/Plugins/Compositing/CompositeCore/Shaders/Private/CompositeCoreMerge.usf" 2333
"../../../Engine/Shaders/Private/LensDistortion.ush" 2334
"../../../Engine/Plugins/Compositing/CompositeCore/Shaders/Private/CompositeCoreBlending.ush" 2335
"../../../Engine/Plugins/Compositing/CompositeCore/Shaders/Private/CompositeCoreDisplayTransform.usf" 2336
"../../../Engine/Plugins/Compositing/CompositeCore/Shaders/Private/CompositeCoreDilate.usf" 2337
"../../../Engine/Shaders/Private/VirtualTextureAdapter.usf" 2338
"../../../Engine/Shaders/Private/BlockCompressionCommon.ush" 2339
"../../../Engine/Shaders/Private/BCCompressionCommon.ush" 2340
"../../../Engine/Shaders/Private/TranslucentLightingShaders.usf" 2341
"../../../Engine/Shaders/Private/TranslucencyVolumeInjectionCommon.ush" 2342
"../../../Engine/Shaders/Private/CubemapCommon.ush" 2343
"../../../Engine/Shaders/Private/VectorFieldCompositeShaders.usf" 2344
"../../../Engine/Shaders/Private/UpdateTextureShaders.usf" 2345
"../../../Engine/Shaders/Private/StereoLayerShader.usf" 2346
"../../../Engine/Shaders/Private/SparseVolumeTexture/UpdateSparseVolumeTexture.usf" 2347
"../../../Engine/Shaders/Private/MorphTargets.usf" 2348
"../../../Engine/Shaders/Private/SimpleElementColorChannelMaskPixelShader.usf" 2349
"../../../Engine/Shaders/Private/SimpleElementHitProxyPixelShader.usf" 2350
"../../../Engine/Shaders/Private/SimpleElementPixelShader.usf" 2351
"../../../Engine/Shaders/Private/IESLightProfilesCommon.ush" 2352
"../../../Engine/Shaders/Private/SimpleElementVertexShader.usf" 2353
"../../../Engine/Shaders/Private/ScreenPixelShaderOES.usf" 2354
"../../../Engine/Shaders/Private/ScreenVertexShader.usf" 2355
"../../../Engine/Shaders/Private/ScreenPixelShader.usf" 2356
"../../../Engine/Shaders/Private/SSProfilePreIntegratedMobile.usf" 2357
"../../../Engine/Shaders/Private/SpecularProfile.usf" 2358
"../../../Engine/Shaders/Private/Nanite/NaniteStreaming.usf" 2359
"../../../Engine/Shaders/Private/Nanite/NaniteStreaming.ush" 2360
"../../../Engine/Shaders/Private/VolumetricLightmapStreaming.usf" 2361
"../../../Engine/Shaders/Private/PhysicsFieldReset.usf" 2362
"../../../Engine/Shaders/Private/PhysicsFieldBuilder.usf" 2363
"../../../Engine/Shaders/Private/PhysicsFieldEval.ush" 2364
"../../../Engine/Shaders/Private/ParticleSortKeyGen.usf" 2365
"../../../Engine/Shaders/Private/ParticleBoundsShader.usf" 2366
"../../../Engine/Shaders/Private/ParticleSimVisualizeShader.usf" 2367
"../../../Engine/Shaders/Private/ParticleInjectionShader.usf" 2368
"../../../Engine/Shaders/Private/ParticleSimulationShader.usf" 2369
"../../../Engine/Shaders/Private/ParticleCurveInjectionShader.usf" 2370
"../../../Engine/Shaders/Private/Nanite/NaniteTranscode.usf" 2371
"../../../Engine/Shaders/Private/Nanite/NaniteScatterUpdates.usf" 2372
"../../../Engine/Shaders/Private/CopyUIntBuffer.usf" 2373
"../../../Engine/Shaders/Private/RadixSortShaders.usf" 2374
"../../../Engine/Shaders/Private/RecomputeTangentsPerVertexPass.usf" 2375
"../../../Engine/Shaders/Private/RecomputeTangentsCommon.ush" 2376
"../../../Engine/Shaders/Private/RecomputeTangentsPerTrianglePass.usf" 2377
"../../../Engine/Shaders/Private/DynamicMeshBounds.usf" 2378
"../../../Engine/Shaders/Private/GpuSkinCacheComputeShader.usf" 2379
"../../../Engine/Shaders/Private/DynamicMeshBounds.ush" 2380
"../../../Engine/Shaders/Private/HeightFieldAtlasManagement.usf" 2381
"../../../Engine/Shaders/Private/Landscape/LandscapeEditLayersUtils.usf" 2382
"../../../Engine/Shaders/Private/Landscape/LandscapeCommon.ush" 2383
"../../../Engine/Shaders/Private/Landscape/LandscapeEditLayersWeightmaps.usf" 2384
"../../../Engine/Shaders/Private/Landscape/LandscapeEditLayersHeightmaps.usf" 2385
"../../../Engine/Shaders/Private/LandscapeLayersPS.usf" 2386
"../../../Engine/Shaders/Private/LandscapePhysicalMaterial.usf" 2387
"../../../Engine/Shaders/Private/LandscapeGrassWeight.usf" 2388
"../../../Engine/Shaders/Private/Landscape/LandscapeCulling.usf" 2389
"../../../Engine/Shaders/Private/Nanite/NaniteHZBCull.ush" 2390
"../../../Engine/Shaders/Private/HZB.ush" 2391
"../../../Engine/Shaders/Private/Landscape/LandscapeMergeTexturesPS.usf" 2392
"../../../Engine/Shaders/Private/WideCustomResolveShaders.usf" 2393
"../../../Engine/Shaders/Private/WideCustomResolve_Wide.ush" 2394
"../../../Engine/Shaders/Private/WideCustomResolve_Wider.ush" 2395
"../../../Engine/Shaders/Private/WideCustomResolve_Widest.ush" 2396
"../../../Engine/Shaders/Private/WaterInfoTextureBlur.usf" 2397
"../../../Engine/Shaders/Private/WaterInfoTextureMerge.usf" 2398
"../../../Engine/Shaders/Private/PageTableUpdate.usf" 2399
"../../../Engine/Shaders/Private/VirtualTextureCompress.usf" 2400
"../../../Engine/Shaders/Private/ASTCCompressionCommon.ush" 2401
"../../../Engine/Shaders/Private/IntegerSequenceEncoding.ush" 2402
"../../../Engine/Shaders/Private/ETCCompressionCommon.ush" 2403
"../../../Engine/Shaders/Private/VirtualTextureMaterial.usf" 2404
"../../../Engine/Shaders/Private/PixelShaderOutputCommon.ush" 2405
"../../../Engine/Shaders/Private/ShaderOutputCommon.ush" 2406
"../../../Engine/Shaders/Private/VolumetricRenderTarget.usf" 2407
"../../../Engine/Shaders/Private/HeightFogCommon.ush" 2408
"../../../Engine/Shaders/Private/LocalFogVolumes/LocalFogVolumeCommon.ush" 2409
"../../../Engine/Shaders/Private/ReflectionEnvironmentShared.ush" 2410
"../../../Engine/Shaders/Private/VolumetricFogVoxelization.usf" 2411
"../../../Engine/Shaders/Private/VolumetricCloudMaterialPixelCommon.ush" 2412
"../../../Engine/Shaders/Private/VolumetricFogLightFunction.usf" 2413
"../../../Engine/Shaders/Private/LightFunctionCommon.ush" 2414
"../../../Engine/Shaders/Private/VolumetricFog.usf" 2415
"../../../Engine/Shaders/Private/DeferredLightingCommon.ush" 2416
"../../../Engine/Shaders/Private/DynamicLightingCommon.ush" 2417
"../../../Engine/Shaders/Private/CapsuleLightIntegrate.ush" 2418
"../../../Engine/Shaders/Private/CapsuleLightSampling.ush" 2419
"../../../Engine/Shaders/Private/RectLightIntegrate.ush" 2420
"../../../Engine/Shaders/Private/ScreenSpaceShadowRayCast.ush" 2421
"../../../Engine/Shaders/Private/LightFunctionAtlas/LightFunctionAtlasCommon.usf" 2422
"../../../Engine/Shaders/Private/LightGridCommon.ush" 2423
"../../../Engine/Shaders/Private/DistanceFieldAOShared.ush" 2424
"../../../Engine/Shaders/Private/IntersectionUtils.ush" 2425
"../../../Engine/Shaders/Private/VolumeLightingCommon.ush" 2426
"../../../Engine/Shaders/Private/ShadowProjectionCommon.ush" 2427
"../../../Engine/Shaders/Private/ShadowFilteringCommon.ush" 2428
"../../../Engine/Shaders/Private/PixelQuadMessagePassing.ush" 2429
"../../../Engine/Shaders/Private/VolumeLightingCommonSampling.ush" 2430
"../../../Engine/Shaders/Private/VolumetricLightmapShared.ush" 2431
"../../../Engine/Shaders/Private/ForwardShadowingCommon.ush" 2432
"../../../Engine/Shaders/Private/LightDataUniforms.ush" 2433
"../../../Engine/Shaders/Private/Lumen/LumenTranslucencyVolumeShared.ush" 2434
"../../../Engine/Shaders/Private/Lumen/LumenRadianceCacheInterpolation.ush" 2435
"../../../Engine/Shaders/Private/VirtualShadowMaps/VirtualShadowMapProjectionCommon.ush" 2436
"../../../Engine/Shaders/Private/VirtualShadowMaps/VirtualShadowMapPageAccessCommon.ush" 2437
"../../../Engine/Shaders/Shared/VirtualShadowMapDefinitions.h" 2438
"../../../Engine/Shaders/Shared/HLSLMathAliases.h" 2439
"../../../Engine/Shaders/Private/VirtualShadowMaps/VirtualShadowMapHandle.ush" 2440
"../../../Engine/Shaders/Private/VirtualShadowMaps/VirtualShadowMapProjectionStructs.ush" 2441
"../../../Engine/Shaders/Private/DiaphragmDOF/DOFCommon.ush" 2442
"../../../Engine/Shaders/Private/VolumetricCloudCommon.ush" 2443
"../../../Engine/Shaders/Private/VolumetricCloud.usf" 2444
"../../../Engine/Shaders/Private/VisualizeVolumetricLightmap.usf" 2445
"../../../Engine/Shaders/Private/VirtualShadowMaps/VirtualShadowMapProjectionComposite.usf" 2446
"../../../Engine/Shaders/Private/LightShaderParameters.ush" 2447
"../../../Engine/Shaders/Private/VirtualShadowMaps/VirtualShadowMapMaskBitsCommon.ush" 2448
"../../../Engine/Shaders/Private/VirtualShadowMaps/VirtualShadowMapLightGrid.ush" 2449
"../../../Engine/Shaders/Private/VirtualShadowMaps/VirtualShadowMapProjection.usf" 2450
"../../../Engine/Shaders/Private/Visualization.ush" 2451
"../../../Engine/Shaders/Private/VirtualShadowMaps/VirtualShadowMapProjectionFilter.ush" 2452
"../../../Engine/Shaders/Private/VirtualShadowMaps/VirtualShadowMapProjectionDirectional.ush" 2453
"../../../Engine/Shaders/Private/VirtualShadowMaps/VirtualShadowMapSMRTCommon.ush" 2454
"../../../Engine/Shaders/Private/VirtualShadowMaps/VirtualShadowMapSMRTTemplate.ush" 2455
"../../../Engine/Shaders/Private/VirtualShadowMaps/VirtualShadowMapProjectionSpot.ush" 2456
"../../../Engine/Shaders/Private/VirtualShadowMaps/VirtualShadowMapTransmissionCommon.ush" 2457
"../../../Engine/Shaders/Private/VirtualShadowMaps/VirtualShadowMapScreenRayTrace.ush" 2458
"../../../Engine/Shaders/Private/VirtualShadowMaps/VirtualShadowMapStats.ush" 2459
"../../../Engine/Shaders/Private/HairStrands/HairStrandsVoxelPageCommon.ush" 2460
"../../../Engine/Shaders/Private/HairStrands/HairStrandsVoxelPageTraversal.ush" 2461
"../../../Engine/Shaders/Private/VirtualShadowMaps/VirtualShadowMapCacheGPUInvalidation.usf" 2462
"../../../Engine/Shaders/Private/VirtualShadowMaps/VirtualShadowMapPageCacheCommon.ush" 2463
"../../../Engine/Shaders/Private/VirtualShadowMaps/VirtualShadowMapCacheInvalidation.ush" 2464
"../../../Engine/Shaders/Private/VirtualShadowMaps/VirtualShadowMapPageOverlap.ush" 2465
"../../../Engine/Shaders/Private/ScreenSpaceDenoise/SSDDefinitions.ush" 2466
"../../../Engine/Shaders/Private/InstanceCulling/InstanceCullingLoadBalancer.ush" 2467
"../../../Engine/Shaders/Private/VirtualShadowMaps/VirtualShadowMapCacheLoadBalancer.usf" 2468
"../../../Engine/Shaders/Private/VirtualShadowMaps/VirtualShadowMapCopyStats.usf" 2469
"../../../Engine/Shaders/Private/VirtualShadowMaps/VirtualShadowMapShadowCasterBounds.usf" 2470
"../../../Engine/Shaders/Private/VirtualShadowMaps/VirtualShadowMapVisualize.ush" 2471
"../../../Engine/Shaders/Private/VirtualShadowMaps/VirtualShadowMapShadowCasterColor.usf" 2472
"../../../Engine/Shaders/Private/VirtualShadowMaps/VirtualShadowMapDebug.usf" 2473
"../../../Engine/Shaders/Private/VirtualShadowMaps/Desaturate.usf" 2474
"../../../Engine/Shaders/Private/VirtualShadowMaps/VirtualShadowMapPhysicalPageManagement.usf" 2475
"../../../Engine/Shaders/Private/ReductionCommon.ush" 2476
"../../../Engine/Shaders/Private/GPUMessaging.ush" 2477
"../../../Engine/Shaders/Private/VirtualShadowMaps/VirtualShadowMapPerPageDispatch.ush" 2478
"../../../Engine/Shaders/Private/VirtualShadowMaps/VirtualShadowMapComputeExplicitChunkDrawsViewMask.usf" 2479
"../../../Engine/Shaders/Shared/SceneCullingDefinitions.h" 2480
"../../../Engine/Shaders/Private/VirtualShadowMaps/VirtualShadowMapCompactViews.usf" 2481
"../../../Engine/Shaders/Private/VirtualShadowMaps/VirtualShadowMapBuildPerPageDrawCommands.usf" 2482
"../../../Engine/Shaders/Private/Nanite/NaniteCullingCommon.ush" 2483
"../../../Engine/Shaders/Private/Nanite/NaniteCulling.ush" 2484
"../../../Engine/Shaders/Private/Nanite/NaniteHierarchyTraversalCommon.ush" 2485
"../../../Engine/Shaders/Private/InstanceCulling/InstanceCullingCommon.ush" 2486
"../../../Engine/Shaders/Shared/InstanceCullingDefinitions.h" 2487
"../../../Engine/Shaders/Private/VirtualShadowMaps/VirtualShadowMapPrintStats.usf" 2488
"../../../Engine/Shaders/Private/VirtualShadowMaps/VirtualShadowMapPageManagement.usf" 2489
"../../../Engine/Shaders/Private/VirtualShadowMaps/VirtualShadowMapPageMarking.usf" 2490
"../../../Engine/Shaders/Private/VirtualShadowMaps/VirtualShadowMapPageMarking.ush" 2491
"../../../Engine/Shaders/Shared/SingleLayerWaterDefinitions.h" 2492
"../../../Engine/Shaders/Private/HairStrands/HairStrandsTileCommon.ush" 2493
"../../../Engine/Shaders/Private/Froxel/Froxel.ush" 2494
"../../../Engine/Shaders/Shared/FroxelDefinitions.h" 2495
"../../../Engine/Shaders/Private/VirtualShadowMaps/VirtualShadowMapThrottle.usf" 2496
"../../../Engine/Shaders/Private/VelocityUpdate.usf" 2497
"../../../Engine/Shaders/Private/VelocityCommon.ush" 2498
"../../../Engine/Shaders/Private/VelocityShader.usf" 2499
"../../../Engine/Shaders/Private/VariableRateShading/VRSShadingRatePreview.usf" 2500
"../../../Engine/Shaders/Private/VariableRateShading/VRSShadingRateCommon.ush" 2501
"../../../Engine/Shaders/Private/VariableRateShading/VRSShadingRateCombine.usf" 2502
"../../../Engine/Shaders/Private/VariableRateShading/VRSShadingRateFoveated.usf" 2503
"../../../Engine/Shaders/Private/VariableRateShading/VRSShadingRateReproject.usf" 2504
"../../../Engine/Shaders/Private/VariableRateShading/VRSShadingRateCalculate.usf" 2505
"../../../Engine/Shaders/Private/TranslucencyUpsampling.usf" 2506
"../../../Engine/Shaders/Private/ComposeSeparateTranslucency.usf" 2507
"../../../Engine/Shaders/Private/SeparateTranslucency.ush" 2508
"../../../Engine/Shaders/Private/TranslucencyVolumeVisualize.usf" 2509
"../../../Engine/Shaders/Private/TranslucencyVolumeCommon.ush" 2510
"../../../Engine/Shaders/Private/TranslucentLightInjectionShaders.usf" 2511
"../../../Engine/Shaders/Private/HeterogeneousVolumes/HeterogeneousVolumesAdaptiveVolumetricShadowMapSampling.ush" 2512
"../../../Engine/Shaders/Private/HeterogeneousVolumes/HeterogeneousVolumesAdaptiveVolumetricShadowMapUtils.ush" 2513
"../../../Engine/Shaders/Private/HeterogeneousVolumes/HeterogeneousVolumesBeerShadowMapUtils.ush" 2514
"../../../Engine/Shaders/Private/TranslucentShadowDepthShaders.usf" 2515
"../../../Engine/Shaders/Private/ShadowDepthCommon.ush" 2516
"../../../Engine/Shaders/Private/RayTracing/RayTracingTest.usf" 2517
"../../../Engine/Shaders/Private/PostprocessSubsurfaceTile.usf" 2518
"../../../Engine/Shaders/Private/PostProcessSubsurfaceCommon.ush" 2519
"../../../Engine/Shaders/Private/Substrate/SubstrateVisualize.usf" 2520
"../../../Engine/Shaders/Private/Substrate/SubstrateTile.ush" 2521
"../../../Engine/Shaders/Shared/SubstrateVisualizeDefinitions.h" 2522
"../../../Engine/Shaders/Private/Substrate/SubstrateVisualizeCommon.ush" 2523
"../../../Engine/Shaders/Private/SkyLightingDiffuseShared.ush" 2524
"../../../Engine/Shaders/Private/SkyLightingShared.ush" 2525
"../../../Engine/Shaders/Private/ClearCoatCommon.ush" 2526
"../../../Engine/Shaders/Private/ReflectionEnvironmentComposite.ush" 2527
"../../../Engine/Shaders/Private/Substrate/SubstrateLightingCommon.ush" 2528
"../../../Engine/Shaders/Private/Substrate/SubstrateRoughRefraction.usf" 2529
"../../../Engine/Shaders/Private/PathTracing/Material/PathTracingFresnel.ush" 2530
"../../../Engine/Shaders/Private/PathTracing/Material/PathTracingGlossy.ush" 2531
"../../../Engine/Shaders/Private/Substrate/SubstrateMaterialSampling.usf" 2532
"../../../Engine/Shaders/Private/Substrate/SubstrateMaterialSampling.ush" 2533
"../../../Engine/Shaders/Private/Lumen/LumenPosition.ush" 2534
"../../../Engine/Shaders/Private/Substrate/SubstrateTile.usf" 2535
"../../../Engine/Shaders/Private/Substrate/SubstrateMaterialClassification.usf" 2536
"../../../Engine/Shaders/Private/Substrate/SubstrateDBuffer.usf" 2537
"../../../Engine/Shaders/Private/StochasticLighting/StochasticLightingTileClassification.usf" 2538
"../../../Engine/Shaders/Private/Lumen/LumenMaterial.ush" 2539
"../../../Engine/Shaders/Private/HairStrands/HairStrandsVisibilityUtils.ush" 2540
"../../../Engine/Shaders/Private/Lumen/LumenReflectionCommon.ush" 2541
"../../../Engine/Shaders/Private/Lumen/LumenReflectionsCombine.ush" 2542
"../../../Engine/Shaders/Private/Lumen/LumenScreenProbeTileClassication.ush" 2543
"../../../Engine/Shaders/Private/MegaLights/MegaLightsTileClassification.ush" 2544
"../../../Engine/Shaders/Private/StochasticLighting/StochasticLightingUpsample.ush" 2545
"../../../Engine/Shaders/Private/StochasticLighting/StochasticLightingCommon.ush" 2546
"../../../Engine/Shaders/Private/SplineMeshSceneTexture.usf" 2547
"../../../Engine/Shaders/Private/SparseVolumeTexture/VisualizeSparseVolumeTexture.usf" 2548
"../../../Engine/Shaders/Private/SkyAtmosphere.usf" 2549
"../../../Engine/Shaders/Private/Nanite/NaniteSkinningUpdateViewData.usf" 2550
"../../../Engine/Shaders/Private/SceneCulling/SceneCulling.ush" 2551
"../../../Engine/Shaders/Private/Skinning/TransformProviders.usf" 2552
"../../../Engine/Shaders/Private/Skinning/SkinnedMeshDebug.usf" 2553
"../../../Engine/Shaders/Private/Skinning/AnimBankEval.usf" 2554
"../../../Engine/Shaders/Private/SingleLayerWaterComposite.usf" 2555
"../../../Engine/Shaders/Private/Froxel/FroxelBuild.ush" 2556
"../../../Engine/Shaders/Private/SingleLayerWaterRefractionCulling.usf" 2557
"../../../Engine/Shaders/Private/ScreenSpaceShadows.usf" 2558
"../../../Engine/Shaders/Private/bend_sss_gpu.ush" 2559
"../../../Engine/Shaders/Private/ShadowFactorsUpsampleCommon.ush" 2560
"../../../Engine/Shaders/Private/FirstPersonSelfShadow.usf" 2561
"../../../Engine/Shaders/Private/HZBTracing.ush" 2562
"../../../Engine/Shaders/Private/LateZDummyPS.usf" 2563
"../../../Engine/Shaders/Private/ShadowProjectionVertexShader.usf" 2564
"../../../Engine/Shaders/Private/ShadowProjectionPixelShader.usf" 2565
"../../../Engine/Shaders/Private/MobileLightingCommon.ush" 2566
"../../../Engine/Shaders/Private/PlanarReflectionShared.ush" 2567
"../../../Engine/Shaders/Private/MobileSSR.ush" 2568
"../../../Engine/Shaders/Private/SSRT/SSRTRayCast.ush" 2569
"../../../Engine/Shaders/Private/ShadowPercentageCloserFiltering.ush" 2570
"../../../Engine/Shaders/Private/TransmissionThickness.ush" 2571
"../../../Engine/Shaders/Private/CopyShadowMaps.usf" 2572
"../../../Engine/Shaders/Private/ShadowDepthPixelShader.usf" 2573
"../../../Engine/Shaders/Private/ShadowDepthVertexShader.usf" 2574
"../../../Engine/Shaders/Private/ShadingEnergyConservationTable.usf" 2575
"../../../Engine/Shaders/Shared/PathTracingDefinitions.h" 2576
"../../../Engine/Shaders/Private/ShadingFurnaceTest.usf" 2577
"../../../Engine/Shaders/Private/Substrate/SubstrateDeferredLighting.ush" 2578
"../../../Engine/Shaders/Private/ShaderPrintDraw.usf" 2579
"../../../Engine/Shaders/Private/ShaderPrintDrawPrimitive.usf" 2580
"../../../Engine/Shaders/Private/DefaultSSRTiles.usf" 2581
"../../../Engine/Shaders/Private/ScreenSpaceReflectionTileCommons.ush" 2582
"../../../Engine/Shaders/Private/SSRT/SSRTDiffuseIndirect.usf" 2583
"../../../Engine/Shaders/Private/SSRT/SSRTTileClassificationBuffer.ush" 2584
"../../../Engine/Shaders/Private/SSRT/SSRTReflections.usf" 2585
"../../../Engine/Shaders/Private/ScreenSpaceDenoise/SSDPublic.ush" 2586
"../../../Engine/Shaders/Private/SSRT/SSRTTileClassification.usf" 2587
"../../../Engine/Shaders/Private/SSRT/SSRTPrevFrameReduction.usf" 2588
"../../../Engine/Shaders/Private/ScreenSpaceDenoise/SSDComposeHarmonics.usf" 2589
"../../../Engine/Shaders/Private/ScreenSpaceDenoise/SSDPublicHarmonics.ush" 2590
"../../../Engine/Shaders/Private/ScreenSpaceDenoise/SSDSignalFramework.ush" 2591
"../../../Engine/Shaders/Private/ScreenSpaceDenoise/SSDCommon.ush" 2592
"../../../Engine/Shaders/Private/SphericalGaussian.ush" 2593
"../../../Engine/Shaders/Public/WaveBroadcastIntrinsics.ush" 2594
"../../../Engine/Shaders/Private/ScreenSpaceDenoise/SSDMetadata.ush" 2595
"../../../Engine/Shaders/Private/ScreenSpaceDenoise/SSDSignalCore.ush" 2596
"../../../Engine/Shaders/Private/ScreenSpaceDenoise/DenoisingCommon.ush" 2597
"../../../Engine/Shaders/Private/ScreenSpaceDenoise/SSDSignalArray.ush" 2598
"../../../Engine/Shaders/Private/ScreenSpaceDenoise/SSDSignalBufferEncoding.ush" 2599
"../../../Engine/Shaders/Private/ScreenSpaceDenoise/SSDPublicBufferEncoding.ush" 2600
"../../../Engine/Shaders/Private/Lumen/LumenBufferEncoding.ush" 2601
"../../../Engine/Shaders/Private/ScreenSpaceDenoise/SSDTemporalAccumulation.usf" 2602
"../../../Engine/Shaders/Private/ScreenSpaceDenoise/SSDSpatialKernel.ush" 2603
"../../../Engine/Shaders/Private/ScreenSpaceDenoise/SSDSignalAccumulatorArray.ush" 2604
"../../../Engine/Shaders/Private/ScreenSpaceDenoise/SSDSignalAccumulator.ush" 2605
"../../../Engine/Shaders/Private/ScreenSpaceDenoise/SSDSignalCompression.ush" 2606
"../../../Engine/Shaders/Private/ScreenSpaceDenoise/SSDSpatialAccumulation.usf" 2607
"../../../Engine/Shaders/Private/ScreenSpaceDenoise/SSDInjest.usf" 2608
"../../../Engine/Shaders/Private/ScreenSpaceDenoise/SSDCompressMetadata.usf" 2609
"../../../Engine/Shaders/Private/DownsampleDepthPixelShader.usf" 2610
"../../../Engine/Shaders/Private/ScreenPass.usf" 2611
"../../../Engine/Shaders/Private/HZB.usf" 2612
"../../../Engine/Shaders/Private/OcclusionFeedbackShaders.usf" 2613
"../../../Engine/Shaders/Private/HZBOcclusion.usf" 2614
"../../../Engine/Shaders/Private/OcclusionQueryPixelShader.usf" 2615
"../../../Engine/Shaders/Private/OcclusionQueryVertexShader.usf" 2616
"../../../Engine/Shaders/Private/HitProxyCopy.usf" 2617
"../../../Engine/Shaders/Private/HitProxyPixelShader.usf" 2618
"../../../Engine/Shaders/Private/HitProxyVertexShader.usf" 2619
"../../../Engine/Shaders/Private/SceneCulling/SceneCullingDebugRender.usf" 2620
"../../../Engine/Shaders/Private/SceneCulling/SceneCullingBuildExplicitBounds.usf" 2621
"../../../Engine/Shaders/Private/SceneCapturePixelShader.usf" 2622
"../../../Engine/Shaders/Private/RendererUtils.usf" 2623
"../../../Engine/Shaders/Private/RTWriteMaskDecode.usf" 2624
"../../../Engine/Shaders/Private/ReflectionEnvironmentShaders.usf" 2625
"../../../Engine/Shaders/Private/RectLightAtlas.usf" 2626
"../../../Engine/Shaders/Private/RayTracing/TraceRayInlineStatistics.usf" 2627
"../../../Engine/Shaders/Private/RayTracing/CompositeSkyLightPS.usf" 2628
"../../../Engine/Shaders/Private/RayTracing/GenerateSkyLightVisibilityRaysCS.usf" 2629
"../../../Engine/Shaders/Private/RayTracing/RayTracingSkyLightCommon.ush" 2630
"../../../Engine/Shaders/Private/RayTracing/SkyLightVisibilityRaysData.ush" 2631
"../../../Engine/Shaders/Private/Raytracing/RaytracingSkylightRGS.usf" 2632
"../../../Engine/Shaders/Private/HairStrands/HairStrandsRaytracing.ush" 2633
"../../../Engine/Shaders/Private/Raytracing/RayTracingSkyLightEvaluation.ush" 2634
"../../../Engine/Shaders/Private/Raytracing/RayTracingDeferredShadingCommon.ush" 2635
"../../../Engine/Shaders/Private/RayTracing/RayTracingOcclusionRGS.usf" 2636
"../../../Engine/Shaders/Private/RayTracing/RayTracingDirectionalLight.ush" 2637
"../../../Engine/Shaders/Private/RayTracing/RayTracingRectLight.ush" 2638
"../../../Engine/Shaders/Private/RayTracing/RayTracingSphereLight.ush" 2639
"../../../Engine/Shaders/Private/RayTracing/RayTracingCapsuleLight.ush" 2640
"../../../Engine/Shaders/Private/Raytracing/RayTracingFeedback.usf" 2641
"../../../Engine/Shaders/Shared/RayTracingDebugTypes.h" 2642
"../../../Engine/Shaders/Private/RayTracing/RayTracingPrimaryRays.usf" 2643
"../../../Engine/Shaders/Private/RayTracing/RayTracingLightingCommon.ush" 2644
"../../../Engine/Shaders/Private/RayTracing/RayTracingLightCullingCommon.ush" 2645
"../../../Engine/Shaders/Private/RayTracing/RayTracingMaterialDefaultHitShaders.usf" 2646
"../../../Engine/Shaders/Private/RayTracing/RayTracingMaterialHitShaders.usf" 2647
"../../../Engine/Shaders/Private/RayTracing/RayTracingShaderUtils.ush" 2648
"../../../Engine/Shaders/Private/RayTracing/RayTracingCalcInterpolants.ush" 2649
"../../../Engine/Shaders/Private/LightmapCommon.ush" 2650
"../../../Engine/Shaders/Private/Lumen/LumenHardwareRayTracingPayloadCommon.ush" 2651
"../../../Engine/Shaders/Shared/LumenDefinitions.h" 2652
"../../../Engine/Shaders/Private/Substrate/SubstrateExport.ush" 2653
"../../../Engine/Shaders/Private/RayTracing/RayTracingLightingMS.usf" 2654
"../../../Engine/Shaders/Private/Lumen/LumenDiffuseColorBoost.ush" 2655
"../../../Engine/Shaders/Private/RayTracing/RayTracingLightFunctionCommon.ush" 2656
"../../../Engine/Shaders/Private/RayTracing/RayTracingBuildLightGrid.usf" 2657
"../../../Engine/Shaders/Private/Raytracing/RayTracingInstanceBufferUtil.usf" 2658
"../../../Engine/Shaders/Private/RayTracing/RayTracingDynamicMesh.usf" 2659
"../../../Engine/Shaders/Private/RayTracing/RayTracingDefaultDecalHitShader.usf" 2660
"../../../Engine/Shaders/Private/RayTracing/RayTracingDecalMaterialShader.usf" 2661
"../../../Engine/Shaders/Private/PathTracing/PathTracingShaderUtils.ush" 2662
"../../../Engine/Shaders/Private/PathTracing/PathTracingCommon.ush" 2663
"../../../Engine/Shaders/Private/PathTracing/Material/PathTracingMaterialCommon.ush" 2664
"../../../Engine/Shaders/Private/PathTracing/Utilities/PathTracingRIS.ush" 2665
"../../../Engine/Shaders/Private/RayTracing/RayTracingBuildDecalGrid.usf" 2666
"../../../Engine/Shaders/Private/RayTracing/RayTracingDebugHitStatsUtils.usf" 2667
"../../../Engine/Shaders/Private/RayTracing/RayTracingDebugInstanceOverlap.usf" 2668
"../../../Engine/Shaders/Private/RayTracing/RayTracingDebugPicking.usf" 2669
"../../../Engine/Shaders/Private/RayTracing/RayTracingDebugUtils.ush" 2670
"../../../Engine/Shaders/Private/RayTracing/RayTracingDebugTraversal.usf" 2671
"../../../Engine/Shaders/Private/RayTracing/RayTracingDeferredMaterials.ush" 2672
"../../../Engine/Shaders/Shared/ThirdParty/AMD/ags_shader_intrinsics_dx12.h" 2673
"../../../Engine/Shaders/Shared/RayTracingDebugDefinitions.h" 2674
"../../../Engine/Shaders/Private/RayTracing/RayTracingDebugHitStatsCHS.usf" 2675
"../../../Engine/Shaders/Private/RayTracing/RayTracingDebugHitStats.usf" 2676
"../../../Engine/Shaders/Private/RayTracing/RayTracingDebugMS.usf" 2677
"../../../Engine/Shaders/Private/RayTracing/RayTracingDebugCHS.usf" 2678
"../../../Engine/Shaders/Private/RayTracing/RayTracingDebug.usf" 2679
"../../../Engine/Shaders/Private/RayTracing/RayTracingBuiltInShaders.usf" 2680
"../../../Engine/Shaders/Private/RayTracing/RayTracingBarycentrics.usf" 2681
"../../../Engine/Shaders/Private/RayTracing/RayTracingAmbientOcclusionRGS.usf" 2682
"../../../Engine/Shaders/Private/VisualizeShadingModels.usf" 2683
"../../../Engine/Shaders/Private/MotionBlur/VisualizeMotionVectors.usf" 2684
"../../../Engine/Shaders/Private/TemporalSuperResolution/TSRVisualize.usf" 2685
"../../../Engine/Shaders/Private/TemporalSuperResolution/TSRColorSpace.ush" 2686
"../../../Engine/Shaders/Private/TemporalSuperResolution/TSRCommon.ush" 2687
"../../../Engine/Shaders/Public/DualPixelVectorization.ush" 2688
"../../../Engine/Shaders/Private/TemporalSuperResolution/TSRReprojectionField.ush" 2689
"../../../Engine/Shaders/Private/TemporalSuperResolution/TSRResolveHistory.usf" 2690
"../../../Engine/Shaders/Private/TemporalSuperResolution/TSRConvolutionNetwork.ush" 2691
"../../../Engine/Shaders/Private/TemporalSuperResolution/TSRKernels.ush" 2692
"../../../Engine/Shaders/Public/LaneVectorization.ush" 2693
"../../../Engine/Shaders/Private/TemporalSuperResolution/TSRUpdateHistory.usf" 2694
"../../../Engine/Shaders/Private/TemporalSuperResolution/TSRSpatialAntiAliasing.ush" 2695
"../../../Engine/Shaders/Private/TemporalSuperResolution/TSRSpatialAntiAliasing.usf" 2696
"../../../Engine/Shaders/Private/TemporalSuperResolution/TSRRejectShading.usf" 2697
"../../../Engine/Shaders/Private/TemporalSuperResolution/TSRShadingAnalysis.ush" 2698
"../../../Engine/Shaders/Private/TemporalSuperResolution/TSRConvolutionNetworkPass.ush" 2699
"../../../Engine/Shaders/Private/TemporalSuperResolution/TSRDecimateHistory.usf" 2700
"../../../Engine/Shaders/Private/TemporalSuperResolution/TSRDepthVelocityAnalysis.ush" 2701
"../../../Engine/Shaders/Private/TemporalSuperResolution/TSRClosestOccluder.ush" 2702
"../../../Engine/Shaders/Private/TemporalSuperResolution/TSRWeightRelaxation.usf" 2703
"../../../Engine/Shaders/Private/TemporalSuperResolution/TSRThinGeometryCommon.ush" 2704
"../../../Engine/Shaders/Private/TemporalSuperResolution/TSRDetectThinGeometry.usf" 2705
"../../../Engine/Shaders/Private/TemporalSuperResolution/TSRDilateVelocity.usf" 2706
"../../../Engine/Shaders/Private/MotionBlur/MotionBlurVelocityFlatten.ush" 2707
"../../../Engine/Shaders/Private/MotionBlur/MotionBlurCommon.ush" 2708
"../../../Engine/Shaders/Private/TemporalSuperResolution/TSRClearPrevTextures.usf" 2709
"../../../Engine/Shaders/Private/TemporalSuperResolution/TSRMeasureCoverage.usf" 2710
"../../../Engine/Shaders/Private/TemporalSuperResolution/TSRMeasureFlickeringLuma.usf" 2711
"../../../Engine/Shaders/Private/TemporalAA.usf" 2712
"../../../Engine/Shaders/Private/SMAA/SMAADebugVisualization.usf" 2713
"../../../Engine/Shaders/Private/SMAA/SMAACommon.ush" 2714
"../../../Engine/Shaders/Private/SMAA/SMAA.ush" 2715
"../../../Engine/Shaders/Private/SMAA/SMAANeighborhoodBlendingShader.usf" 2716
"../../../Engine/Shaders/Private/SMAA/SMAABlendingWeightCalculationShader.usf" 2717
"../../../Engine/Shaders/Private/SMAA/SMAAEdgeDetectionShader.usf" 2718
"../../../Engine/Shaders/Private/FilterPixelShader.usf" 2719
"../../../Engine/Shaders/Private/FilterVertexShader.usf" 2720
"../../../Engine/Shaders/Private/VisualizeVirtualTexture.usf" 2721
"../../../Engine/Shaders/Private/PostProcessVisualizeBuffer.usf" 2722
"../../../Engine/Shaders/Private/PostProcessVisualizeLocalExposure.usf" 2723
"../../../Engine/Shaders/Private/PostProcessHistogramCommon.ush" 2724
"../../../Engine/Shaders/Private/TonemapCommon.ush" 2725
"../../../Engine/Shaders/Private/ACES/ACESCommon.ush" 2726
"../../../Engine/Shaders/Private/ACES/ACESOutputTransform.ush" 2727
"../../../Engine/Shaders/Private/ACES/ACESUtilities.ush" 2728
"../../../Engine/Shaders/Private/ACES/ACESTonescale.ush" 2729
"../../../Engine/Shaders/Private/ACES/ACESDisplayEncoding.ush" 2730
"../../../Engine/Shaders/Private/ACES/ACES_v1.3.ush" 2731
"../../../Engine/Shaders/Private/PostProcessVisualizeLevelInstance.usf" 2732
"../../../Engine/Shaders/Private/PostProcessVisualizeHDR.usf" 2733
"../../../Engine/Shaders/Private/ShaderComplexityApplyPixelShader.usf" 2734
"../../../Engine/Shaders/Private/QuadOverdraw.ush" 2735
"../../../Engine/Shaders/Private/PostProcessUpscale.usf" 2736
"../../../Engine/Shaders/Private/PostProcessTonemap.usf" 2737
"../../../Engine/Shaders/Private/PostProcessing/FilmGrainPackConstants.usf" 2738
"../../../Engine/Shaders/Private/PostProcessing/FilmGrainReduce.usf" 2739
"../../../Engine/Shaders/Private/PostProcessTestImage.usf" 2740
"../../../Engine/Shaders/Private/PostProcessSubsurface.usf" 2741
"../../../Engine/Shaders/Private/SeparableSSS.ush" 2742
"../../../Engine/Shaders/Private/SubsurfaceBurleyNormalized.ush" 2743
"../../../Engine/Shaders/Private/PostProcessSelectionOutline.usf" 2744
"../../../Engine/Shaders/Private/MotionBlur/MotionBlurVisualize.usf" 2745
"../../../Engine/Shaders/Private/MotionBlur/MotionBlurApply.usf" 2746
"../../../Engine/Shaders/Private/MotionBlur/MotionBlurFilterTileClassify.usf" 2747
"../../../Engine/Shaders/Private/MotionBlur/MotionBlurTileScatter.usf" 2748
"../../../Engine/Shaders/Private/MotionBlur/MotionBlurTileGather.usf" 2749
"../../../Engine/Shaders/Private/MotionBlur/MotionBlurVelocityFlatten.usf" 2750
"../../../Engine/Shaders/Private/PostProcessMobile.usf" 2751
"../../../Engine/Shaders/Private/PostProcessMitchellNetravali.usf" 2752
"../../../Engine/Shaders/Private/PostProcessMaterialShaders.usf" 2753
"../../../Engine/Shaders/Private/NeuralPostProcessCommon.usf" 2754
"../../../Engine/Shaders/Private/PostProcessLocalExposure.usf" 2755
"../../../Engine/Shaders/Private/PostProcessLensFlares.usf" 2756
"../../../Engine/Shaders/Private/PostProcessGBufferHints.usf" 2757
"../../../Engine/Shaders/Private/PostProcessHMD.usf" 2758
"../../../Engine/Shaders/Private/Histogram.usf" 2759
"../../../Engine/Shaders/Private/PostProcessExposureMaterial.ush" 2760
"../../../Engine/Shaders/Private/PostProcessHistogramReduce.usf" 2761
"../../../Engine/Shaders/Private/PostProcessHistogram.usf" 2762
"../../../Engine/Shaders/Private/Bloom/BloomFinalizeApplyConstants.usf" 2763
"../../../Engine/Shaders/Private/Bloom/BloomCommon.ush" 2764
"../../../Engine/Shaders/Private/Bloom/BloomResizeKernel.usf" 2765
"../../../Engine/Shaders/Private/Bloom/BloomDownsampleKernel.usf" 2766
"../../../Engine/Shaders/Private/Bloom/BloomClampKernel.usf" 2767
"../../../Engine/Shaders/Private/Bloom/BloomPackKernelConstants.usf" 2768
"../../../Engine/Shaders/Private/Bloom/BloomSumScatterDispersionEnergy.usf" 2769
"../../../Engine/Shaders/Private/Bloom/BloomReduceKernelSurvey.usf" 2770
"../../../Engine/Shaders/Private/Bloom/BloomSurveyKernelCenterEnergy.usf" 2771
"../../../Engine/Shaders/Private/Bloom/BloomSurveyMaxScatterDispersion.usf" 2772
"../../../Engine/Shaders/Private/Bloom/BloomFindKernelCenter.usf" 2773
"../../../Engine/Shaders/Private/PostProcessEyeAdaptation.usf" 2774
"../../../Engine/Shaders/Private/PostProcessEyeAdaptationUtils.usf" 2775
"../../../Engine/Shaders/Private/PostProcessDownsample.usf" 2776
"../../../Engine/Shaders/Private/PostProcessDOF.usf" 2777
"../../../Engine/Shaders/Private/PostProcessDeviceEncodingOnly.usf" 2778
"../../../Engine/Shaders/Private/PostProcessCompositePrimitives.usf" 2779
"../../../Engine/Shaders/Private/PostProcessCombineLUTs.usf" 2780
"../../../Engine/Shaders/Private/PostProcessVisualizeDOF.usf" 2781
"../../../Engine/Shaders/Private/PostProcessBloom.usf" 2782
"../../../Engine/Shaders/Private/PostProcessAmbientOcclusionMobile.usf" 2783
"../../../Engine/Shaders/Private/PostProcessAmbientOcclusionCommon.ush" 2784
"../../../Engine/Shaders/Private/FXAAShader.usf" 2785
"../../../Engine/Shaders/Private/Fxaa3_11.ush" 2786
"../../../Engine/Shaders/Private/PaniniProjection.usf" 2787
"../../../Engine/Shaders/Private/DiaphragmDOF/DOFRecombine.usf" 2788
"../../../Engine/Shaders/Private/DiaphragmDOF/DOFHybridScatterPixelShader.usf" 2789
"../../../Engine/Shaders/Private/DiaphragmDOF/DOFHybridScatterCommon.ush" 2790
"../../../Engine/Shaders/Private/DiaphragmDOF/DOFVignetteCommon.ush" 2791
"../../../Engine/Shaders/Private/DiaphragmDOF/DOFHybridScatterVertexShader.usf" 2792
"../../../Engine/Shaders/Private/DiaphragmDOF/DOFPostfiltering.usf" 2793
"../../../Engine/Shaders/Private/DiaphragmDOF/DOFGatherTileSuggest.ush" 2794
"../../../Engine/Shaders/Private/DiaphragmDOF/DOFCocTileCommon.ush" 2795
"../../../Engine/Shaders/Private/DiaphragmDOF/DOFGatherPass.usf" 2796
"../../../Engine/Shaders/Private/DiaphragmDOF/DOFGatherCommon.ush" 2797
"../../../Engine/Shaders/Private/DiaphragmDOF/DOFGatherAccumulator.ush" 2798
"../../../Engine/Shaders/Private/DiaphragmDOF/DOFGatherKernel.ush" 2799
"../../../Engine/Shaders/Private/DiaphragmDOF/DOFBokehLUT.usf" 2800
"../../../Engine/Shaders/Private/DiaphragmDOF/DOFHybridScatterCompilation.usf" 2801
"../../../Engine/Shaders/Private/DiaphragmDOF/DOFReduce.usf" 2802
"../../../Engine/Shaders/Private/DiaphragmDOF/DOFDownsample.ush" 2803
"../../../Engine/Shaders/Private/DiaphragmDOF/DOFHybridScatterCompilation.ush" 2804
"../../../Engine/Shaders/Private/DiaphragmDOF/DOFDownsample.usf" 2805
"../../../Engine/Shaders/Private/DiaphragmDOF/DOFCocTileDilate.usf" 2806
"../../../Engine/Shaders/Private/DiaphragmDOF/DOFCocTileFlatten.usf" 2807
"../../../Engine/Shaders/Private/DiaphragmDOF/DOFSetup.usf" 2808
"../../../Engine/Shaders/Private/Tools/DebugAlphaChannel.usf" 2809
"../../../Engine/Shaders/Private/PostProcessAlphaInvert.usf" 2810
"../../../Engine/Shaders/Private/PlanarReflectionShaders.usf" 2811
"../../../Engine/Shaders/Private/PhysicsFieldVisualizer.usf" 2812
"../../../Engine/Shaders/Private/PathTracing/PathTracingSpatialTemporalDenoising.usf" 2813
"../../../Engine/Shaders/Private/ColorDifference.ush" 2814
"../../../Engine/Shaders/Private/PathTracing/PathTracingCompositingPixelShader.usf" 2815
"../../../Engine/Shaders/Private/PathTracing/PathTracingAdaptiveUtils.ush" 2816
"../../../Engine/Shaders/Private/PathTracing/PathTracingDefaultHitShader.usf" 2817
"../../../Engine/Shaders/Private/PathTracing/PathTracingGPULightmassMaterialHitShader.usf" 2818
"../../../Engine/Shaders/Private/PathTracing/PathTracingMaterialHitShader.usf" 2819
"../../../Engine/Shaders/Private/PathTracing/Material/PathTracingSubstrateCommon.ush" 2820
"../../../Engine/Shaders/Private/PathTracing/PathTracingLightingMissShader.usf" 2821
"../../../Engine/Shaders/Private/PathTracing/PathTracingMissShader.usf" 2822
"../../../Engine/Shaders/Private/PathTracing/PathTracingAdaptiveStart.usf" 2823
"../../../Engine/Shaders/Private/PathTracing/PathTracingBuildAdaptiveError.usf" 2824
"../../../Engine/Shaders/Private/PathTracing/PathTracingVolumetricCloudMaterialShader.usf" 2825
"../../../Engine/Shaders/Private/PathTracing/Volume/PathTracingCloudsMaterialCommon.ush" 2826
"../../../Engine/Shaders/Private/PathTracing/Volume/PathTracingVolumeCommon.ush" 2827
"../../../Engine/Shaders/Private/PathTracing/Volume/PathTracingCloudsCommon.ush" 2828
"../../../Engine/Shaders/Private/PathTracing/Volume/PathTracingFog.ush" 2829
"../../../Engine/Shaders/Private/PathTracing/Volume/PathTracingAtmosphere.ush" 2830
"../../../Engine/Shaders/Private/PathTracing/Volume/PathTracingAtmosphereCommon.ush" 2831
"../../../Engine/Shaders/Private/PathTracing/Volume/PathTracingVolumeSampling.ush" 2832
"../../../Engine/Shaders/Private/PathTracing/PathTracingBuildCloudAccelerationMap.usf" 2833
"../../../Engine/Shaders/Private/PathTracing/PathTracingBuildAtmosphereLUT.usf" 2834
"../../../Engine/Shaders/Private/PathTracing/PathTracingSwizzleScanlines.usf" 2835
"../../../Engine/Shaders/Private/PathTracing/PathTracingInitExtinctionCoefficient.usf" 2836
"../../../Engine/Shaders/Private/PathTracing/PathTracingCopyDepth.usf" 2837
"../../../Engine/Shaders/Private/PathTracing/PathTracingDebug.usf" 2838
"../../../Engine/Shaders/Private/RayTracing/RayTracingDecalGrid.ush" 2839
"../../../Engine/Shaders/Private/PathTracing/Material/PathTracingMaterialSampling.ush" 2840
"../../../Engine/Shaders/Private/PathTracing/Material/PathTracingLambert.ush" 2841
"../../../Engine/Shaders/Private/PathTracing/Material/PathTracingSubstrate.ush" 2842
"../../../Engine/Shaders/Private/PathTracing/Material/PathTracingSubstrateFoliage.ush" 2843
"../../../Engine/Shaders/Private/PathTracing/Material/PathTracingSubstrateSolidGlass.ush" 2844
"../../../Engine/Shaders/Private/PathTracing/Material/PathTracingSubstrateThinGlass.ush" 2845
"../../../Engine/Shaders/Private/PathTracing/Material/PathTracingSolidGlass.ush" 2846
"../../../Engine/Shaders/Private/PathTracing/Material/PathTracingEnergyConservation.ush" 2847
"../../../Engine/Shaders/Private/PathTracing/Material/PathTracingThinGlass.ush" 2848
"../../../Engine/Shaders/Private/PathTracing/Material/PathTracingDefaultLit.ush" 2849
"../../../Engine/Shaders/Private/PathTracing/Material/PathTracingClearCoat.ush" 2850
"../../../Engine/Shaders/Private/PathTracing/Material/PathTracingTwoSidedFoliage.ush" 2851
"../../../Engine/Shaders/Private/PathTracing/Material/PathTracingCloth.ush" 2852
"../../../Engine/Shaders/Private/PathTracing/Material/PathTracingSubsurfaceProfile.ush" 2853
"../../../Engine/Shaders/Private/PathTracing/Material/PathTracingEye.ush" 2854
"../../../Engine/Shaders/Private/PathTracing/Material/PathTracingHair.ush" 2855
"../../../Engine/Shaders/Private/PathTracing/Material/PathTracingMedium.ush" 2856
"../../../Engine/Shaders/Private/PathTracing/Light/PathTracingLightSampling.ush" 2857
"../../../Engine/Shaders/Private/PathTracing/Light/PathTracingLightCommon.ush" 2858
"../../../Engine/Shaders/Private/PathTracing/Light/PathTracingDirectionalLight.ush" 2859
"../../../Engine/Shaders/Private/PathTracing/Light/PathTracingPointLight.ush" 2860
"../../../Engine/Shaders/Private/PathTracing/Light/PathTracingCapsuleLight.ush" 2861
"../../../Engine/Shaders/Private/PathTracing/Light/PathTracingRectLight.ush" 2862
"../../../Engine/Shaders/Private/PathTracing/Light/PathTracingSkyLight.ush" 2863
"../../../Engine/Shaders/Private/PathTracing/Light/PathTracingLightGrid.ush" 2864
"../../../Engine/Shaders/Private/PathTracing/PathTracing.usf" 2865
"../../../Engine/Shaders/Private/PathTracing/PathTracingCore.ush" 2866
"../../../Engine/Shaders/Private/HeterogeneousVolumes/HeterogeneousVolumesVoxelGridTypes.ush" 2867
"../../../Engine/Shaders/Private/PathTracing/Volume/PathTracingVolume.ush" 2868
"../../../Engine/Shaders/Private/PathTracing/Volume/PathTracingClouds.ush" 2869
"../../../Engine/Shaders/Private/PathTracing/Volume/PathTracingHeterogeneousVolumes.ush" 2870
"../../../Engine/Shaders/Private/HeterogeneousVolumes/HeterogeneousVolumesTracingUtils.ush" 2871
"../../../Engine/Shaders/Private/HeterogeneousVolumes/HeterogeneousVolumesVoxelGridTraversal.ush" 2872
"../../../Engine/Shaders/Private/HeterogeneousVolumes/HeterogeneousVolumesVoxelGridUtils.ush" 2873
"../../../Engine/Shaders/Private/HeterogeneousVolumes/HeterogeneousVolumesFrustumVoxelGridUtils.ush" 2874
"../../../Engine/Shaders/Private/PathTracing/PathTracingBuildLightGrid.usf" 2875
"../../../Engine/Shaders/Private/PathTracing/PathTracingSkylightMISCompensation.usf" 2876
"../../../Engine/Shaders/Private/PathTracing/PathTracingSkylightPrepare.usf" 2877
"../../../Engine/Shaders/Private/OIT/OITSorting.usf" 2878
"../../../Engine/Shaders/Private/OITCombine.usf" 2879
"../../../Engine/Shaders/Private/OITCommon.ush" 2880
"../../../Engine/Shaders/Private/Nanite/Voxel/RasterizeBricks.usf" 2881
"../../../Engine/Shaders/Private/Nanite/Voxel/Brick.ush" 2882
"../../../Engine/Shaders/Private/Nanite/Voxel/Voxel.ush" 2883
"../../../Engine/Shaders/Private/Nanite/Voxel/ScatterBricks.usf" 2884
"../../../Engine/Shaders/Private/Nanite/Voxel/TileBricks.usf" 2885
"../../../Engine/Shaders/Private/Nanite/Voxel/AutoVoxel.usf" 2886
"../../../Engine/Shaders/Private/Nanite/NaniteDebugViews.usf" 2887
"../../../Engine/Shaders/Private/Nanite/NaniteEditorCommon.ush" 2888
"../../../Engine/Shaders/Private/BinarySearch.ush" 2889
"../../../Engine/Shaders/Private/Nanite/NaniteDepthDecode.usf" 2890
"../../../Engine/Shaders/Private/HTileEncoding.ush" 2891
"../../../Engine/Shaders/Private/Nanite/NaniteVisualize.usf" 2892
"../../../Engine/Shaders/Private/Nanite/NaniteStreamOut.usf" 2893
"../../../Engine/Shaders/Private/Nanite/NaniteHierarchyTraversal.ush" 2894
"../../../Engine/Shaders/Private/Nanite/NaniteShadeBinning.usf" 2895
"../../../Engine/Shaders/Private/Nanite/NaniteShadeCommon.ush" 2896
"../../../Engine/Shaders/Private/Nanite/NaniteFastClear.usf" 2897
"../../../Engine/Shaders/Private/Nanite/NaniteRayTracing.usf" 2898
"../../../Engine/Shaders/Private/Nanite/NaniteExportGBuffer.usf" 2899
"../../../Engine/Shaders/Private/Nanite/NaniteClusterCulling.usf" 2900
"../../../Engine/Shaders/Private/Nanite/NanitePrintStats.usf" 2901
"../../../Engine/Shaders/Private/Nanite/NaniteRasterizer.usf" 2902
"../../../Engine/Shaders/Private/Nanite/NaniteRasterizationCommon.ush" 2903
"../../../Engine/Shaders/Private/Nanite/NaniteRasterizer.ush" 2904
"../../../Engine/Shaders/Private/Nanite/NaniteWritePixel.ush" 2905
"../../../Engine/Shaders/Private/Nanite/NaniteTessellation.ush" 2906
"../../../Engine/Shaders/Private/WorkDistribution.ush" 2907
"../../../Engine/Shaders/Private/Nanite/NaniteDice.ush" 2908
"../../../Engine/Shaders/Private/ShaderBundleWorkGraphCommon.ush" 2909
"../../../Engine/Shaders/Public/RootConstants.ush" 2910
"../../../Engine/Shaders/Public/Platform/D3D/D3DRootConstants.ush" 2911
"../../../Engine/Shaders/Private/Nanite/NaniteSplit.usf" 2912
"../../../Engine/Shaders/Private/Nanite/NaniteRasterBinning.usf" 2913
"../../../Engine/Shaders/Private/Nanite/NaniteInstanceCulling.usf" 2914
"../../../Engine/Shaders/Private/Nanite/NaniteImposter.ush" 2915
"../../../Engine/Shaders/Private/Nanite/NaniteInstanceHierarchyCulling.usf" 2916
"../../../Engine/Shaders/Private/WorkGroupLoadBalancer.ush" 2917
"../../../Engine/Shaders/Private/Nanite/NanitePrimitiveFilter.usf" 2918
"../../../Engine/Shaders/Private/Nanite/NaniteRasterClear.usf" 2919
"../../../Engine/Shaders/Private/Nanite/NaniteDepthExport.usf" 2920
"../../../Engine/Shaders/Private/Nanite/NaniteEmitShadow.usf" 2921
"../../../Engine/Shaders/Private/MobileDeferredUtils.usf" 2922
"../../../Engine/Shaders/Private/MobileLocalLightsBuffer.usf" 2923
"../../../Engine/Shaders/Private/MobileFog.usf" 2924
"../../../Engine/Shaders/Private/DistortApplyScreenPS.usf" 2925
"../../../Engine/Shaders/Private/MobileDeferredShading.usf" 2926
"../../../Engine/Shaders/Private/MobileBasePassPixelShader.usf" 2927
"../../../Engine/Shaders/Private/MobileBasePassCommon.ush" 2928
"../../../Engine/Shaders/Private/BasePassCommon.ush" 2929
"../../../Engine/Shaders/Private/ShadingModelsMaterial.ush" 2930
"../../../Engine/Shaders/Private/ThinTranslucentCommon.ush" 2931
"../../../Engine/Shaders/Private/SingleLayerWaterShading.ush" 2932
"../../../Engine/Shaders/Private/DistortionCommon.ush" 2933
"../../../Engine/Shaders/Private/Substrate/SubstrateMobileForwardLighting.ush" 2934
"../../../Engine/Shaders/Private/MobileBasePassVertexShader.usf" 2935
"../../../Engine/Shaders/Private/MeshEdges.usf" 2936
"../../../Engine/Shaders/Private/MegaLights/MegaLightsSampling.usf" 2937
"../../../Engine/Shaders/Shared/MegaLightsDefinitions.h" 2938
"../../../Engine/Shaders/Private/MegaLights/MegaLightsShading.ush" 2939
"../../../Engine/Shaders/Private/MegaLights/MegaLights.ush" 2940
"../../../Engine/Shaders/Private/MegaLights/MegaLightsMaterial.ush" 2941
"../../../Engine/Shaders/Private/MegaLights/MegaLightsRayTracing.ush" 2942
"../../../Engine/Shaders/Private/MegaLights/MegaLightsSampling.ush" 2943
"../../../Engine/Shaders/Private/MegaLights/MegaLightsVolumeSampling.usf" 2944
"../../../Engine/Shaders/Private/MegaLights/MegaLightsVolume.ush" 2945
"../../../Engine/Shaders/Private/MegaLights/MegaLights.usf" 2946
"../../../Engine/Shaders/Private/HairStrands/HairStrandsScreenTracing.ush" 2947
"../../../Engine/Shaders/Private/MegaLights/MegaLightsFilterVisibleLightHash.usf" 2948
"../../../Engine/Shaders/Private/MegaLights/MegaLightsShading.usf" 2949
"../../../Engine/Shaders/Private/Lumen/LumenReflectionDenoiserCommon.ush" 2950
"../../../Engine/Shaders/Private/MegaLights/MegaLightsVisibleLightHash.usf" 2951
"../../../Engine/Shaders/Private/MegaLights/MegaLightsVolumeShading.usf" 2952
"../../../Engine/Shaders/Private/MegaLights/MegaLightsVSMMarking.usf" 2953
"../../../Engine/Shaders/Private/MegaLights/MegaLightsVSMTracing.usf" 2954
"../../../Engine/Shaders/Private/MegaLights/MegaLightsRayTracing.usf" 2955
"../../../Engine/Shaders/Private/DistanceField/GlobalDistanceFieldUtils.ush" 2956
"../../../Engine/Shaders/Private/Lumen/LumenScreenTracing.ush" 2957
"../../../Engine/Shaders/Private/MegaLights/MegaLightsVolumeRayTracing.usf" 2958
"../../../Engine/Shaders/Private/MegaLights/MegaLightsVolumeHardwareRayTracing.usf" 2959
"../../../Engine/Shaders/Private/Lumen/LumenHardwareRayTracingCommon.ush" 2960
"../../../Engine/Shaders/Private/RayTracing/RayTracingReflectionEnvironment.ush" 2961
"../../../Engine/Shaders/Private/Lumen/LumenHardwareRayTracingPlatformCommon.ush" 2962
"../../../Engine/Shaders/Private/Lumen/LumenTracingCommon.ush" 2963
"../../../Engine/Shaders/Private/Lumen/SurfaceCache/LumenSurfaceCacheSampling.ush" 2964
"../../../Engine/Shaders/Private/Lumen/SurfaceCache/LumenSurfaceCache.ush" 2965
"../../../Engine/Shaders/Private/Lumen/LumenCardCommon.ush" 2966
"../../../Engine/Shaders/Private/Lumen/LumenCardTileShadowDownsampleFactor.ush" 2967
"../../../Engine/Shaders/Private/MegaLights/MegaLightsHardwareRayTracing.usf" 2968
"../../../Engine/Shaders/Private/MegaLights/MegaLightsDebug.usf" 2969
"../../../Engine/Shaders/Private/MegaLights/MegaLightsDenoiserSpatial.usf" 2970
"../../../Engine/Shaders/Private/MegaLights/MegaLightsDenoiserTemporal.usf" 2971
"../../../Engine/Shaders/Private/MaterialCache/MaterialCacheABufferPages.usf" 2972
"../../../Engine/Shaders/Private/MaterialCache/MaterialCacheShade.usf" 2973
"../../../Engine/Shaders/Private/MaterialCache/MaterialCacheShadeCommon.ush" 2974
"../../../Engine/Shaders/Private/MaterialCache/MaterialCacheUnwrapNaniteShade.usf" 2975
"../../../Engine/Shaders/Private/MaterialCache/MaterialCacheUnwrapPixelShader.usf" 2976
"../../../Engine/Shaders/Private/MaterialCache/MaterialCacheUnwrapVertexShader.usf" 2977
"../../../Engine/Shaders/Private/Lumen/LumenVisualizeRadianceCache.usf" 2978
"../../../Engine/Shaders/Private/Lumen/LumenRadianceCacheCommon.ush" 2979
"../../../Engine/Shaders/Private/Lumen/LumenVisualizeHardwareRayTracing.usf" 2980
"../../../Engine/Shaders/Private/Lumen/LumenVisualize.ush" 2981
"../../../Engine/Shaders/Private/Lumen/LumenHairTracing.ush" 2982
"../../../Engine/Shaders/Private/Lumen/LumenVisualize.usf" 2983
"../../../Engine/Shaders/Private/Lumen/LumenSoftwareRayTracing.ush" 2984
"../../../Engine/Shaders/Private/DistanceField/GlobalDistanceFieldObjectGrid.ush" 2985
"../../../Engine/Shaders/Private/DistanceFieldLightingShared.ush" 2986
"../../../Engine/Shaders/Private/Lumen/LumenVisualizeTraces.ush" 2987
"../../../Engine/Shaders/Private/Lumen/LumenTranslucencyVolumeLighting.usf" 2988
"../../../Engine/Shaders/Private/Lumen/LumenRadianceCacheMarkCommon.ush" 2989
"../../../Engine/Shaders/Private/Lumen/LumenTranslucencyVolumeLightingShared.ush" 2990
"../../../Engine/Shaders/Private/Lumen/LumenScreenProbeCommon.ush" 2991
"../../../Engine/Shaders/Private/RayTracing/RayGenUtils.ush" 2992
"../../../Engine/Shaders/Private/Lumen/LumenRadianceCacheTracingCommon.ush" 2993
"../../../Engine/Shaders/Private/Lumen/LumenTranslucencyVolumeHardwareRayTracing.usf" 2994
"../../../Engine/Shaders/Private/Lumen/LumenTranslucencyRadianceCacheMarkShaders.usf" 2995
"../../../Engine/Shaders/Private/Lumen/SurfaceCache/LumenSurfaceCache.usf" 2996
"../../../Engine/Shaders/Private/Lumen/LumenVirtualTextureCommon.ush" 2997
"../../../Engine/Shaders/Private/Lumen/LumenShortRangeAOHardwareRayTracing.usf" 2998
"../../../Engine/Shaders/Private/Lumen/LumenScreenSpaceBentNormal.ush" 2999
"../../../Engine/Shaders/Private/Lumen/LumenScreenSpaceBentNormal.usf" 3000
"../../../Engine/Shaders/Private/Lumen/LumenScreenProbeTracing.usf" 3001
"../../../Engine/Shaders/Private/Lumen/LumenScreenProbeTracingCommon.ush" 3002
"../../../Engine/Shaders/Private/Lumen/LumenFloatQuantization.ush" 3003
"../../../Engine/Shaders/Private/Lumen/LumenScreenProbeImportanceSampling.usf" 3004
"../../../Engine/Shaders/Private/Lumen/LumenScreenProbeImportanceSamplingShared.ush" 3005
"../../../Engine/Shaders/Private/Lumen/LumenScreenProbeHardwareRayTracing.usf" 3006
"../../../Engine/Shaders/Private/Lumen/LumenScreenProbeDebug.usf" 3007
"../../../Engine/Shaders/Private/Lumen/LumenScreenProbeGather.usf" 3008
"../../../Engine/Shaders/Private/Lumen/LumenScreenProbeGatherTemporal.usf" 3009
"../../../Engine/Shaders/Private/Lumen/LumenScreenProbeFiltering.usf" 3010
"../../../Engine/Shaders/Private/Lumen/LumenSceneLighting.usf" 3011
"../../../Engine/Shaders/Private/Lumen/LumenCardTile.ush" 3012
"../../../Engine/Shaders/Private/Lumen/LumenSceneLighting.ush" 3013
"../../../Engine/Shaders/Private/Lumen/Radiosity/LumenRadiosity.ush" 3014
"../../../Engine/Shaders/Private/Lumen/LumenSceneLightingDebug.usf" 3015
"../../../Engine/Shaders/Private/Lumen/LumenScene.usf" 3016
"../../../Engine/Shaders/Private/Lumen/LumenSceneDirectLightingHardwareRayTracing.usf" 3017
"../../../Engine/Shaders/Private/Lumen/LumenSceneDirectLightingStochastic.ush" 3018
"../../../Engine/Shaders/Private/Lumen/LumenSceneDirectLighting.ush" 3019
"../../../Engine/Shaders/Private/Lumen/LumenSceneDebugHardwareRayTracing.usf" 3020
"../../../Engine/Shaders/Private/Lumen/LumenSceneDirectLightingStochastic.usf" 3021
"../../../Engine/Shaders/Private/Lumen/LumenSceneDirectLightingSoftwareRayTracing.usf" 3022
"../../../Engine/Shaders/Private/DistanceFieldShadowingShared.ush" 3023
"../../../Engine/Shaders/Private/Lumen/LumenSceneDirectLightingPerLightShadowCommon.ush" 3024
"../../../Engine/Shaders/Private/Lumen/LumenSceneDirectLightingShadowMask.usf" 3025
"../../../Engine/Shaders/Private/Lumen/LumenSceneDirectLighting.usf" 3026
"../../../Engine/Shaders/Private/Lumen/LumenSceneDirectLightingCulling.usf" 3027
"../../../Engine/Shaders/Private/Lumen/LumenCardComputeShader.usf" 3028
"../../../Engine/Shaders/Private/Lumen/LumenCardBasePass.ush" 3029
"../../../Engine/Shaders/Private/Lumen/LumenCardPixelShader.usf" 3030
"../../../Engine/Shaders/Private/Lumen/LumenCardVertexShader.usf" 3031
"../../../Engine/Shaders/Private/Lumen/LumenReSTIRGather.usf" 3032
"../../../Engine/Shaders/Private/Lumen/LumenReflectionTracing.usf" 3033
"../../../Engine/Shaders/Private/Lumen/LumenReflectionDenoiserSpatial.usf" 3034
"../../../Engine/Shaders/Private/Lumen/LumenReflectionDenoiserClear.usf" 3035
"../../../Engine/Shaders/Private/Lumen/LumenReflectionDenoiserTemporal.usf" 3036
"../../../Engine/Shaders/Private/Lumen/LumenReflectionResolve.usf" 3037
"../../../Engine/Shaders/Private/Lumen/LumenReflections.usf" 3038
"../../../Engine/Shaders/Private/Lumen/RayTracedTranslucency.usf" 3039
"../../../Engine/Shaders/Private/Lumen/LumenReflectionHardwareRayTracing.usf" 3040
"../../../Engine/Shaders/Private/Lumen/Radiosity/LumenVisualizeRadiosityProbes.usf" 3041
"../../../Engine/Shaders/Private/Lumen/Radiosity/LumenRadiosity.usf" 3042
"../../../Engine/Shaders/Private/Lumen/Radiosity/LumenRadiosityHardwareRayTracing.usf" 3043
"../../../Engine/Shaders/Private/Lumen/Radiosity/LumenRadiosityCulling.usf" 3044
"../../../Engine/Shaders/Private/Lumen/LumenRadianceCacheHardwareRayTracing.usf" 3045
"../../../Engine/Shaders/Private/Lumen/LumenRadianceCache.usf" 3046
"../../../Engine/Shaders/Private/Lumen/LumenRadianceCacheUpdate.ush" 3047
"../../../Engine/Shaders/Private/Lumen/LumenRadianceCacheDebug.usf" 3048
"../../../Engine/Shaders/Private/Lumen/LumenRadianceCacheUpdate.usf" 3049
"../../../Engine/Shaders/Private/Lumen/LumenMeshSDFCulling.usf" 3050
"../../../Engine/Shaders/Private/HybridIndirectLighting.ush" 3051
"../../../Engine/Shaders/Private/MeshDistanceFieldCommon.ush" 3052
"../../../Engine/Shaders/Private/Lumen/LumenIrradianceFieldGather.usf" 3053
"../../../Engine/Shaders/Private/Lumen/LumenHardwareRayTracingMaterials.usf" 3054
"../../../Engine/Shaders/Private/Lumen/LumenFrontLayerTranslucency.usf" 3055
"../../../Engine/Shaders/Private/LocalFogVolumes/LocalFogVolumeSplat.usf" 3056
"../../../Engine/Shaders/Private/LocalFogVolumes/LocalFogVolumeTiledCulling.usf" 3057
"../../../Engine/Shaders/Private/LightShaftShader.usf" 3058
"../../../Engine/Shaders/Private/StationaryLightOverlapShaders.usf" 3059
"../../../Engine/Shaders/Private/DeferredLightPixelShaders.usf" 3060
"../../../Engine/Shaders/Private/DeferredLightVertexShaders.usf" 3061
"../../../Engine/Shaders/Private/LightMapDensityShader.usf" 3062
"../../../Engine/Shaders/Private/LightGridInjection.usf" 3063
"../../../Engine/Shaders/Shared/LightGridDefinitions.h" 3064
"../../../Engine/Shaders/Private/LightFunctionPixelShader.usf" 3065
"../../../Engine/Shaders/Private/LightFunctionVertexShader.usf" 3066
"../../../Engine/Shaders/Private/LightFunctionAtlas/LightFunctionAtlasRender.usf" 3067
"../../../Engine/Shaders/Private/InstanceCulling/InstanceCullingOcclusionQuery.usf" 3068
"../../../Engine/Shaders/Private/InstanceCulling/InstanceCullingSetup.ush" 3069
"../../../Engine/Shaders/Private/InstanceCulling/BuildInstanceDrawCommands.usf" 3070
"../../../Engine/Shaders/Private/InstanceCulling/InstanceCompactionCommon.ush" 3071
"../../../Engine/Shaders/Private/SceneDataMobileWriter.ush" 3072
"../../../Engine/Shaders/Private/InstanceCulling/CompactVisibleInstances.usf" 3073
"../../../Engine/Shaders/Private/ReflectionEnvironmentPixelShader.usf" 3074
"../../../Engine/Shaders/Private/AmbientCubemapComposite.usf" 3075
"../../../Engine/Shaders/Private/DiffuseIndirectComposite.usf" 3076
"../../../Engine/Shaders/Private/IESAtlas.usf" 3077
"../../../Engine/Shaders/Private/HeterogeneousVolumes/HeterogeneousVolumesVisualizeCascades.usf" 3078
"../../../Engine/Shaders/Private/HeterogeneousVolumes/HeterogeneousVolumesVoxelGridShadows.usf" 3079
"../../../Engine/Shaders/Private/HeterogeneousVolumes/HeterogeneousVolumesStochasticFiltering.ush" 3080
"../../../Engine/Shaders/Private/HeterogeneousVolumes/HeterogeneousVolumesVoxelGridRenderingUtils.ush" 3081
"../../../Engine/Shaders/Private/HeterogeneousVolumes/HeterogeneousVolumesLightingUtils.ush" 3082
"../../../Engine/Shaders/Private/HeterogeneousVolumes/HeterogeneousVolumesRayMarchingUtils.ush" 3083
"../../../Engine/Shaders/Private/HeterogeneousVolumes/HeterogeneousVolumesRayMarchingTypes.ush" 3084
"../../../Engine/Shaders/Private/HeterogeneousVolumes/HeterogeneousVolumesTransmittanceVolumeUtils.ush" 3085
"../../../Engine/Shaders/Private/HeterogeneousVolumes/HeterogeneousVolumesAdaptiveVolumetricShadowMapSampler.ush" 3086
"../../../Engine/Shaders/Private/HeterogeneousVolumes/HeterogeneousVolumesVoxelGridRendering.usf" 3087
"../../../Engine/Shaders/Private/HeterogeneousVolumes/HeterogeneousVolumesVoxelGridPipeline.usf" 3088
"../../../Engine/Shaders/Private/HeterogeneousVolumes/HeterogeneousVolumesMaterialBakingPipeline.usf" 3089
"../../../Engine/Shaders/Private/HeterogeneousVolumes/HeterogeneousVolumesLiveShadingUtils.ush" 3090
"../../../Engine/Shaders/Private/HeterogeneousVolumes/HeterogeneousVolumesFrustumVoxelGrid.usf" 3091
"../../../Engine/Shaders/Private/HeterogeneousVolumes/HeterogeneousVolumesSparseVoxelPipeline.usf" 3092
"../../../Engine/Shaders/Private/HeterogeneousVolumes/HeterogeneousVolumesSparseVoxelUtils.ush" 3093
"../../../Engine/Shaders/Private/HeterogeneousVolumes/HeterogeneousVolumesSparseVoxelUniformBufferUtils.ush" 3094
"../../../Engine/Shaders/Private/HeterogeneousVolumes/HeterogeneousVolumesPreshadingPipeline.usf" 3095
"../../../Engine/Shaders/Private/HeterogeneousVolumes/HeterogeneousVolumesShadowMask.usf" 3096
"../../../Engine/Shaders/Private/HeterogeneousVolumes/HeterogeneousVolumesLiveShadingShadows.usf" 3097
"../../../Engine/Shaders/Private/HeterogeneousVolumes/HeterogeneousVolumesLiveShadingGlobalPipeline.usf" 3098
"../../../Engine/Shaders/Private/HeterogeneousVolumes/HeterogeneousVolumesLiveShadingPipeline.usf" 3099
"../../../Engine/Shaders/Private/HeterogeneousVolumes/HeterogeneousVolumesHardwareRayTracing.usf" 3100
"../../../Engine/Shaders/Private/HeterogeneousVolumes/HeterogeneousVolumesAmbientOcclusionPipeline.usf" 3101
"../../../Engine/Shaders/Private/HeterogeneousVolumes/HeterogeneousVolumesComposite.usf" 3102
"../../../Engine/Shaders/Private/HdrCustomResolveShaders.usf" 3103
"../../../Engine/Shaders/Private/HairStrands/RenderCurveRaster.usf" 3104
"../../../Engine/Shaders/Shared/RenderCurveDefinitions.h" 3105
"../../../Engine/Shaders/Private/HairStrands/HairStrandsVoxelRasterCompute.usf" 3106
"../../../Engine/Shaders/Private/HairStrands/HairStrandsHitProxy.usf" 3107
"../../../Engine/Shaders/Private/HairStrands/HairStrandsVisibilityRasterComputeNaive.usf" 3108
"../../../Engine/Shaders/Private/HairStrands/HairStrandsVisibilityRasterHW.usf" 3109
"../../../Engine/Shaders/Private/HairStrands/HairStrandsVisibilityRasterCompute.usf" 3110
"../../../Engine/Shaders/Private/HairStrands/HairStrandsVisibilityRasterClassification.usf" 3111
"../../../Engine/Shaders/Private/HairStrands/HairStrandsCoverage.usf" 3112
"../../../Engine/Shaders/Private/HairStrands/HairStrandsVisibilityDepthPS.usf" 3113
"../../../Engine/Shaders/Private/HairStrands/HairStrandsVisibilityTransmittanceDepthPS.usf" 3114
"../../../Engine/Shaders/Private/HairStrands/HairStrandsVisibilityFillOpaqueDepthPS.usf" 3115
"../../../Engine/Shaders/Private/HairStrands/HairStrandsVisibilityCompactionComputeRaster.usf" 3116
"../../../Engine/Shaders/Private/HairStrands/HairStrandsVisibilityCompaction.usf" 3117
"../../../Engine/Shaders/Private/HairStrands/HairStrandsVisibilityCopyIndirectArg.usf" 3118
"../../../Engine/Shaders/Private/HairStrands/HairStrandsVisibilityClearPS.usf" 3119
"../../../Engine/Shaders/Private/HairStrands/HairStrandsVisibilityPS.usf" 3120
"../../../Engine/Shaders/Private/HairStrands/HairStrandsVisibilityVS.usf" 3121
"../../../Engine/Shaders/Private/HairStrands/HairStrandsVelocity.usf" 3122
"../../../Engine/Shaders/Private/HairStrands/HairStrandsVisibilityComputeSampleCoverage.usf" 3123
"../../../Engine/Shaders/Private/HairStrands/HairStrandsMaterialPS.usf" 3124
"../../../Engine/Shaders/Private/HairStrands/HairStrandsMaterialCommon.ush" 3125
"../../../Engine/Shaders/Private/HairStrands/HairStrandsMaterialVS.usf" 3126
"../../../Engine/Shaders/Private/HairStrands/HairStrandsLightSample.usf" 3127
"../../../Engine/Shaders/Private/HairStrands/HairStrandsDeepShadowMask.usf" 3128
"../../../Engine/Shaders/Private/HairStrands/HairStrandsDeepTransmittanceMask.usf" 3129
"../../../Engine/Shaders/Private/HairStrands/HairStrandsVisibilityTile.usf" 3130
"../../../Engine/Shaders/Private/HairStrands/HairStrandsDeepShadowPS.usf" 3131
"../../../Engine/Shaders/Private/HairStrands/HairStrandsDeepShadowVS.usf" 3132
"../../../Engine/Shaders/Private/HairStrands/HairStrandsAABB.usf" 3133
"../../../Engine/Shaders/Private/HairStrands/HairStrandsLUT.usf" 3134
"../../../Engine/Shaders/Private/HairStrands/HairStrandsForwardRaster.usf" 3135
"../../../Engine/Shaders/Private/HairStrands/HairStrandsForwardCulling.usf" 3136
"../../../Engine/Shaders/Private/HairStrands/HairStrandsEnvironmentLighting.usf" 3137
"../../../Engine/Shaders/Private/HairStrands/HairStrandsEnvironmentAO.usf" 3138
"../../../Engine/Shaders/Private/HairStrands/HairStrandsDeepShadowAllocation.usf" 3139
"../../../Engine/Shaders/Private/HairStrands/HairStrandsVoxelDebug.usf" 3140
"../../../Engine/Shaders/Private/HairStrands/HairStrandsComposition.usf" 3141
"../../../Engine/Shaders/Private/HairStrands/HairStrandsGBufferCommon.ush" 3142
"../../../Engine/Shaders/Private/GPUScene/GPUSceneDataManagement.usf" 3143
"../../../Engine/Shaders/Private/GPUSceneDebugRender.usf" 3144
"../../../Engine/Shaders/Private/GPUFeedbackCompaction.usf" 3145
"../../../Engine/Shaders/Private/GPUFastFourierTransform.usf" 3146
"../../../Engine/Shaders/Private/GPUFastFourierTransform2DCore.ush" 3147
"../../../Engine/Shaders/Private/GPUFastFourierTransformCore.ush" 3148
"../../../Engine/Shaders/Private/GPUBenchmark.usf" 3149
"../../../Engine/Shaders/Private/DistanceField/GlobalDistanceFieldDebug.usf" 3150
"../../../Engine/Shaders/Private/DistanceField/GlobalDistanceFieldUpdate.ush" 3151
"../../../Engine/Shaders/Private/DistanceField/GlobalDistanceFieldMip.usf" 3152
"../../../Engine/Shaders/Private/DistanceField/GlobalDistanceField.usf" 3153
"../../../Engine/Shaders/Private/DistanceField/GlobalDistanceFieldCompositeObjects.usf" 3154
"../../../Engine/Shaders/Private/DistanceField/GlobalDistanceFieldHeightfields.usf" 3155
"../../../Engine/Shaders/Private/HeightfieldLightingShared.ush" 3156
"../../../Engine/Shaders/Private/GenerateConservativeDepth.usf" 3157
"../../../Engine/Shaders/Private/HeightFogPixelShader.usf" 3158
"../../../Engine/Shaders/Private/HeightFogVertexShader.usf" 3159
"../../../Engine/Shaders/Private/DistortFiltering.usf" 3160
"../../../Engine/Shaders/Private/DistortAccumulatePS.usf" 3161
"../../../Engine/Shaders/Private/DistortAccumulateVS.usf" 3162
"../../../Engine/Shaders/Private/DistanceFieldVisualization.usf" 3163
"../../../Engine/Shaders/Private/DistanceFieldStreaming.usf" 3164
"../../../Engine/Shaders/Private/DistanceFieldShadowing.usf" 3165
"../../../Engine/Shaders/Private/DistanceFieldScreenGridLighting.usf" 3166
"../../../Engine/Shaders/Private/DistanceFieldObjectCulling.usf" 3167
"../../../Engine/Shaders/Private/DistanceFieldLightingPost.usf" 3168
"../../../Engine/Shaders/Private/DitheredTransitionStencil.usf" 3169
"../../../Engine/Shaders/Private/CopyDepthTexture.usf" 3170
"../../../Engine/Shaders/Private/CopyDepthTextureCS.usf" 3171
"../../../Engine/Shaders/Private/DeferredDecal.usf" 3172
"../../../Engine/Shaders/Private/DecalCommon.ush" 3173
"../../../Engine/Shaders/Private/DebugViewModeVertexShader.usf" 3174
"../../../Engine/Shaders/Private/DebugViewModeCommon.ush" 3175
"../../../Engine/Shaders/Private/DebugViewModePixelShader.usf" 3176
"../../../Engine/Shaders/Private/DebugProbes.usf" 3177
"../../../Engine/Shaders/Private/MeshDecals.usf" 3178
"../../../Engine/Shaders/Private/PostProcessAmbientOcclusion.usf" 3179
"../../../Engine/Shaders/Private/ClusteredDeferredShadingPixelShader.usf" 3180
"../../../Engine/Shaders/Private/ClusteredDeferredShadingVertexShader.usf" 3181
"../../../Engine/Shaders/Private/CapsuleShadowShaders.usf" 3182
"../../../Engine/Shaders/Private/BasePassPixelShader.usf" 3183
"../../../Engine/Shaders/Private/ForwardLightingCommon.ush" 3184
"../../../Engine/Shaders/Private/Substrate/SubstrateForwardLighting.ush" 3185
"../../../Engine/Shaders/Private/ComputeShaderOutputCommon.ush" 3186
"../../../Engine/Shaders/Private/BasePassVertexShader.usf" 3187
"../../../Engine/Shaders/Private/BasePassVertexCommon.ush" 3188
"../../../Engine/Shaders/Private/SimpleElementVolumeTexturePreviewPixelShader.usf" 3189
"../../../Engine/Shaders/Private/SimpleElementTexture2DPreviewPixelShader.usf" 3190
"../../../Engine/Shaders/Private/meshpaintdilatepixelshader.usf" 3191
"../../../Engine/Shaders/Private/meshpaintdilatevertexshader.usf" 3192
"../../../Engine/Shaders/Private/MeshPaintPixelShader.usf" 3193
"../../../Engine/Shaders/Private/MeshPaintVertexShader.usf" 3194
"../../../Engine/Shaders/Private/SlateElementPixelShader.usf" 3195
"../../../Engine/Shaders/Private/SlateShaderCommon.ush" 3196
"../../../Engine/Shaders/Private/SlateMaskingShader.usf" 3197
"../../../Engine/Shaders/Private/SlateVertexShader.usf" 3198
"../../../Engine/Shaders/Private/CompositeUIPixelShader.usf" 3199
"../../../Engine/Shaders/Private/ColorDeficiency.ush" 3200
"../../../Engine/Shaders/Private/SlatePostProcessColorDeficiencyPixelShader.usf" 3201
"../../../Engine/Shaders/Private/SlatePostProcessPixelShader.usf" 3202
"../../../Engine/Shaders/Private/Tools/VisualizeTexture.usf" 3203
"../../../Engine/Shaders/Private/UpdateDescriptorHandle.usf" 3204
"../../../Engine/Shaders/Private/ByteBuffer.usf" 3205
"../../../Engine/Shaders/Private/ShaderBundleWorkGraphDispatch.usf" 3206
"../../../Engine/Shaders/Private/ShaderBundleDispatch.usf" 3207
"../../../Engine/Shaders/Private/ResolveVertexShader.usf" 3208
"../../../Engine/Shaders/Private/ResolvePixelShader.usf" 3209
"../../../Engine/Shaders/Private/Tools/SetupIndirectArgs.usf" 3210
"../../../Engine/Shaders/Private/ClearReplacementShaders.usf" 3211
"../../../Engine/Shaders/Private/Tools/DrawTexture.usf" 3212
"../../../Engine/Shaders/Private/RayTracing/RayTracingValidation.usf" 3213
"../../../Engine/Shaders/Private/RenderGraphUtilities.usf" 3214
"../../../Engine/Shaders/Private/OneColorShader.usf" 3215
"../../../Engine/Shaders/Private/OculusShaders.usf" 3216
"../../../Engine/Shaders/Private/MediaShaders.usf" 3217
"../../../Engine/Shaders/Private/GPUMessaging.usf" 3218
"../../../Engine/Shaders/Private/Tools/GPUDebugCrashUtils.usf" 3219
"../../../Engine/Shaders/Private/NullPixelShader.usf" 3220
"../../../Engine/Shaders/Private/ComputeGenerateMips.usf" 3221
"../../../Engine/Shaders/Private/Tools/DumpTexture.usf" 3222
"../../../Engine/Shaders/Private/CopyTextureShaders.usf" 3223
"../../../Engine/Shaders/Private/Tools/FullscreenVertexShader.usf" 3224
"../../../Engine/Shaders/Private/RayTracing/RayTracingDispatchDesc.usf" 3225
"../../../Engine/Shaders/Private/Bink.usf" 3226
"../../../Engine/Shaders/Private/DepthOnlyPixelShader.usf" 3227
"../../../Engine/Shaders/Private/PositionOnlyDepthVertexShader.usf" 3228
"../../../Engine/Shaders/Private/DepthOnlyVertexShader.usf" 3229
"../../../Engine/Shaders/Private/AnisotropyPassShader.usf" 3230
"C:/Tidy/TidyPrototype/Content/__ExternalActors__/Levels/Prototype1/0/L8/08129J4MVX8QXAF1OSC9GS.uasset" 3231
"C:/Tidy/TidyPrototype/Content/Materials/GrabbableObjectPhysics.uasset" 3232
"C:/Tidy/TidyPrototype/Content/Blueprints/BP_GrabbableObject.uasset" 3233
"C:/Tidy/TidyPrototype/Content/__ExternalActors__/Levels/Prototype1/A/S8/2Z5722FQRN6YKW4747YC8T.uasset" 3234
"/Engine/EngineResources/WhiteSquareTexture" 3235
"../../../Engine/Content/EngineResources/WhiteSquareTexture.uasset" 3236
"/Engine/EngineResources/GradientTexture0" 3237
"../../../Engine/Content/EngineResources/GradientTexture0.uasset" 3238
"/Engine/EngineResources/Black" 3239
"../../../Engine/Content/EngineResources/Black.uasset" 3240
"/Engine/EditorResources/S_Actor" 3241
"../../../Engine/Content/EditorResources/S_Actor.uasset" 3242
"/Engine/EngineFonts/RobotoDistanceField" 3243
"../../../Engine/Content/EngineFonts/RobotoDistanceField.uasset" 3244
"/Engine/EngineMaterials/DefaultTextMaterialOpaque" 3245
"../../../Engine/Content/EngineMaterials/DefaultTextMaterialOpaque.uasset" 3246
"/Engine/Functions/Engine_MaterialFunctions01/Shading/PowerToRoughness" 3247
"../../../Engine/Content/Functions/Engine_MaterialFunctions01/Shading/PowerToRoughness.uasset" 3248
"/Engine/Functions/Engine_MaterialFunctions01/Shading/ConvertFromDiffSpec" 3249
"../../../Engine/Content/Functions/Engine_MaterialFunctions01/Shading/ConvertFromDiffSpec.uasset" 3250
"/Engine/EngineMaterials/WorldGridMaterial" 3251
"../../../Engine/Content/EngineMaterials/WorldGridMaterial.uasset" 3252
"../../../Engine/Content/Functions/Engine_MaterialFunctions01/Opacity/CameraDepthFade.uasset" 3253
"../../../Engine/Content/EngineMaterials/T_Default_Material_Grid_M.uasset" 3254
"../../../Engine/Content/EngineMaterials/T_Default_Material_Grid_N.uasset" 3255
"/Engine/EngineMaterials/DefaultDeferredDecalMaterial" 3256
"../../../Engine/Content/EngineMaterials/DefaultDeferredDecalMaterial.uasset" 3257
"../../../Engine/Content/EngineMaterials/DefaultDiffuse.uasset" 3258
"/Engine/EngineMaterials/DefaultLightFunctionMaterial" 3259
"../../../Engine/Content/EngineMaterials/DefaultLightFunctionMaterial.uasset" 3260
"/Engine/EngineMaterials/DefaultPostProcessMaterial" 3261
"../../../Engine/Content/EngineMaterials/DefaultPostProcessMaterial.uasset" 3262
"../../../Engine/Content/Functions/Engine_MaterialFunctions02/Utility/BreakOutFloat2Components.uasset" 3263
"/Engine/EditorResources/S_Trigger" 3264
"../../../Engine/Content/EditorResources/S_Trigger.uasset" 3265
"/Engine/EditorResources/S_BoxReflectionCapture" 3266
"../../../Engine/Content/EditorResources/S_BoxReflectionCapture.uasset" 3267
"/Engine/EngineResources/DefaultTexture" 3268
"../../../Engine/Content/EngineResources/DefaultTexture.uasset" 3269
"/Engine/EditorResources/S_TriggerBox" 3270
"../../../Engine/Content/EditorResources/S_TriggerBox.uasset" 3271
"/Engine/EditorResources/S_TriggerCapsule" 3272
"../../../Engine/Content/EditorResources/S_TriggerCapsule.uasset" 3273
"/Engine/EditorResources/S_TriggerSphere" 3274
"../../../Engine/Content/EditorResources/S_TriggerSphere.uasset" 3275
"/Engine/EngineMeshes/Sphere" 3276
"../../../Engine/Content/EngineMeshes/Sphere.uasset" 3277
"/Engine/EngineDamageTypes/DmgTypeBP_Environmental" 3278
"../../../Engine/Content/EngineDamageTypes/DmgTypeBP_Environmental.uasset" 3279
"/Engine/EngineResources/DefaultTextureCube" 3280
"../../../Engine/Content/EngineResources/DefaultTextureCube.uasset" 3281
"/Engine/EngineResources/DefaultVolumeTexture" 3282
"../../../Engine/Content/EngineResources/DefaultVolumeTexture.uasset" 3283
"../../../Engine/Content/EngineResources/DefaultVolumeTexture2D.uasset" 3284
"/Engine/EditorResources/S_Solver" 3285
"../../../Engine/Content/EditorResources/S_Solver.uasset" 3286
"/Engine/EngineDebugMaterials/VolumeToRender" 3287
"../../../Engine/Content/EngineDebugMaterials/VolumeToRender.uasset" 3288
"/Engine/EngineDebugMaterials/M_VolumeRenderSphereTracePP" 3289
"../../../Engine/Content/EngineDebugMaterials/M_VolumeRenderSphereTracePP.uasset" 3290
"../../../Engine/Content/Functions/Engine_MaterialFunctions02/Utility/CameraDirectionVector.uasset" 3291
"/Engine/EditorMeshes/Camera/SM_CraneRig_Base" 3292
"../../../Engine/Content/EditorMeshes/Camera/SM_CraneRig_Base.uasset" 3293
"../../../Engine/Content/EditorMaterials/Camera/MI_CineMat_Rig.uasset" 3294
"../../../Engine/Content/EditorMaterials/Camera/CineMat.uasset" 3295
"/Engine/EditorMeshes/Camera/SM_CraneRig_Arm" 3296
"../../../Engine/Content/EditorMeshes/Camera/SM_CraneRig_Arm.uasset" 3297
"/Engine/EditorMeshes/Camera/SM_CraneRig_Mount" 3298
"../../../Engine/Content/EditorMeshes/Camera/SM_CraneRig_Mount.uasset" 3299
"/Engine/EditorMeshes/Camera/SM_CraneRig_Body" 3300
"../../../Engine/Content/EditorMeshes/Camera/SM_CraneRig_Body.uasset" 3301
"/Engine/EditorMeshes/Camera/SM_RailRig_Track" 3302
"../../../Engine/Content/EditorMeshes/Camera/SM_RailRig_Track.uasset" 3303
"/Engine/EditorMeshes/Camera/SM_RailRig_Mount" 3304
"../../../Engine/Content/EditorMeshes/Camera/SM_RailRig_Mount.uasset" 3305
"/Engine/EditorLandscapeResources/SplineEditorMesh" 3306
"../../../Engine/Content/EditorLandscapeResources/SplineEditorMesh.uasset" 3307
"../../../Engine/Content/EditorLandscapeResources/SplineEditorMeshMat.uasset" 3308
"/HairStrands/Materials/HairDebugMaterial" 3309
"../../Plugins/Runtime/HairStrands/Content/Materials/HairDebugMaterial.uasset" 3310
"../../../Engine/Content/Functions/Engine_MaterialFunctions02/Utility/MakeFloat2.uasset" 3311
"../../../Engine/Content/Functions/Engine_MaterialFunctions02/Utility/MakeFloat3.uasset" 3312
"../../../Engine/Content/EngineMaterials/HairColorMap.uasset" 3313
"../../../Engine/Content/EngineMaterials/HairDebugColor.uasset" 3314
"../../Plugins/Runtime/HairStrands/Content/Materials/HairGroupColors.uasset" 3315
"/HairStrands/Materials/HairDefaultMaterial" 3316
"../../Plugins/Runtime/HairStrands/Content/Materials/HairDefaultMaterial.uasset" 3317
"/HairStrands/Materials/HairCardsDefaultMaterial" 3318
"../../Plugins/Runtime/HairStrands/Content/Materials/HairCardsDefaultMaterial.uasset" 3319
"/HairStrands/Materials/HairMeshesDefaultMaterial" 3320
"../../Plugins/Runtime/HairStrands/Content/Materials/HairMeshesDefaultMaterial.uasset" 3321
"/Engine/EngineMaterials/Widget3DPassThrough_Translucent" 3322
"../../../Engine/Content/EngineMaterials/Widget3DPassThrough_Translucent.uasset" 3323
"../../../Engine/Content/EngineMaterials/Widget3DPassThrough.uasset" 3324
"/Engine/EngineMaterials/Widget3DPassThrough_Translucent_OneSided" 3325
"../../../Engine/Content/EngineMaterials/Widget3DPassThrough_Translucent_OneSided.uasset" 3326
"/Engine/EngineMaterials/Widget3DPassThrough_Opaque" 3327
"../../../Engine/Content/EngineMaterials/Widget3DPassThrough_Opaque.uasset" 3328
"/Engine/EngineMaterials/Widget3DPassThrough_Opaque_OneSided" 3329
"../../../Engine/Content/EngineMaterials/Widget3DPassThrough_Opaque_OneSided.uasset" 3330
"/Engine/EngineMaterials/Widget3DPassThrough_Masked" 3331
"../../../Engine/Content/EngineMaterials/Widget3DPassThrough_Masked.uasset" 3332
"/Engine/EngineMaterials/Widget3DPassThrough_Masked_OneSided" 3333
"../../../Engine/Content/EngineMaterials/Widget3DPassThrough_Masked_OneSided.uasset" 3334
"/Engine/VREditor/ViewportInteractionAssetContainerData" 3335
"../../../Engine/Content/VREditor/ViewportInteractionAssetContainerData.uasset" 3336
"../../../Engine/Content/VREditor/SnapGrid/SnapGridMaterial.uasset" 3337
"../../../Engine/Content/VREditor/TransformGizmo/TransformGizmoMaterial_Inst.uasset" 3338
"../../../Engine/Content/VREditor/TransformGizmo/TranslucentTransformGizmoMaterial_Inst.uasset" 3339
"../../../Engine/Content/VREditor/SnapGrid/SnapGridPlaneMesh.uasset" 3340
"../../../Engine/Content/VREditor/Sounds/UI/Drop_Item_From_ContentBrowser.uasset" 3341
"../../../Engine/Content/VREditor/Sounds/UI/Gizmo_Handle_Clicked.uasset" 3342
"../../../Engine/Content/VREditor/Sounds/UI/Object_PickUp.uasset" 3343
"../../../Engine/Content/VREditor/Sounds/UI/Object_Snaps_To_Another_Actor.uasset" 3344
"../../../Engine/Content/VREditor/Sounds/UI/Object_Snaps_To_Grid.uasset" 3345
"../../../Engine/Content/VREditor/Sounds/UI/Scaling_Down.uasset" 3346
"../../../Engine/Content/VREditor/Sounds/UI/Scaling_Up.uasset" 3347
"../../../Engine/Content/VREditor/Sounds/UI/Selection_Changes.uasset" 3348
"../../../Engine/Content/VREditor/TransformGizmo/PlaneTranslationHandle.uasset" 3349
"../../../Engine/Content/VREditor/TransformGizmo/RotationHandleFull.uasset" 3350
"../../../Engine/Content/VREditor/TransformGizmo/RotationHandleIndicator.uasset" 3351
"../../../Engine/Content/VREditor/TransformGizmo/RotationHandleQuarter.uasset" 3352
"../../../Engine/Content/VREditor/TransformGizmo/StartRotationHandleIndicator.uasset" 3353
"../../../Engine/Content/VREditor/TransformGizmo/TransformGizmoFreeRotation.uasset" 3354
"../../../Engine/Content/VREditor/TransformGizmo/TranslateArrowHandle.uasset" 3355
"../../../Engine/Content/VREditor/TransformGizmo/UniformScaleHandle.uasset" 3356
"../../../Engine/Content/Functions/Engine_MaterialFunctions02/Math/Transform3x3Matrix.uasset" 3357
"../../../Engine/Content/Functions/Engine_MaterialFunctions02/SplitComponents.uasset" 3358
"../../../Engine/Content/VREditor/TransformGizmo/TransformGizmoMaterial.uasset" 3359
"../../../Engine/Content/VREditor/TransformGizmo/TranslucentTransformGizmoMaterial.uasset" 3360
"../../../Engine/Content/Functions/Engine_MaterialFunctions02/Utility/BreakOutFloat3Components.uasset" 3361
"../../../Engine/Content/VREditor/LaserPointer/VR_LaserPower_01.uasset" 3362
"/Engine/VREditor/TransformGizmo/BoundingBoxCorner" 3363
"../../../Engine/Content/VREditor/TransformGizmo/BoundingBoxCorner.uasset" 3364
"/Engine/VREditor/TransformGizmo/BoundingBoxEdge" 3365
"../../../Engine/Content/VREditor/TransformGizmo/BoundingBoxEdge.uasset" 3366
"/Engine/ArtTools/RenderToTexture/Meshes/S_1_Unit_Plane" 3367
"../../../Engine/Content/ArtTools/RenderToTexture/Meshes/S_1_Unit_Plane.uasset" 3368
"/Engine/EngineDebugMaterials/M_SimpleUnlitTranslucent" 3369
"../../../Engine/Content/EngineDebugMaterials/M_SimpleUnlitTranslucent.uasset" 3370
"/Engine/EngineFonts/Roboto" 3371
"../../../Engine/Content/EngineFonts/Roboto.uasset" 3372
"../../../Engine/Content/EngineFonts/Faces/DroidSansFallback.uasset" 3373
"../../../Engine/Content/EngineFonts/Faces/RobotoBold.uasset" 3374
"../../../Engine/Content/EngineFonts/Faces/RobotoBoldItalic.uasset" 3375
"../../../Engine/Content/EngineFonts/Faces/RobotoItalic.uasset" 3376
"../../../Engine/Content/EngineFonts/Faces/RobotoLight.uasset" 3377
"../../../Engine/Content/EngineFonts/Faces/RobotoRegular.uasset" 3378
"/Engine/EditorMaterials/ParticleSystems/PSysThumbnail_NoImage" 3379
"../../../Engine/Content/EditorMaterials/ParticleSystems/PSysThumbnail_NoImage.uasset" 3380
"/Engine/EditorMaterials/ParticleSystems/PSysThumbnail_OOD" 3381
"../../../Engine/Content/EditorMaterials/ParticleSystems/PSysThumbnail_OOD.uasset" 3382
"/Engine/EngineResources/LandscapeVisibilityLayerInfo" 3383
"../../../Engine/Content/EngineResources/LandscapeVisibilityLayerInfo.uasset" 3384
"../../../../../../Tidy/TidyPrototype/Intermediate/ShaderAutogen/PCD3D_SM5/AutogenShaderHeaders.ush" 3385
"/ACLPlugin/ACLAnimBoneCompressionSettings" 3386
"../../Plugins/Animation/ACLPlugin/Content/ACLAnimBoneCompressionSettings.uasset" 3387
"/Engine/Animation/DefaultRecorderBoneCompression" 3388
"../../../Engine/Content/Animation/DefaultRecorderBoneCompression.uasset" 3389
"/ACLPlugin/ACLAnimCurveCompressionSettings" 3390
"../../Plugins/Animation/ACLPlugin/Content/ACLAnimCurveCompressionSettings.uasset" 3391
"/Engine/Animation/DefaultVariableFrameStrippingSettings" 3392
"../../../Engine/Content/Animation/DefaultVariableFrameStrippingSettings.uasset" 3393
"/ControlRig/Controls/ControlRigXRayMaterial" 3394
"../../Plugins/Animation/ControlRig/Content/Controls/ControlRigXRayMaterial.uasset" 3395
"/ControlRig/Controls/DefaultGizmoLibraryNormalized" 3396
"../../Plugins/Animation/ControlRig/Content/Controls/DefaultGizmoLibraryNormalized.uasset" 3397
"/AudioWidgets/Resources/ScrubHandleDown_Clamped" 3398
"../../Plugins/Runtime/AudioWidgets/Content/Resources/ScrubHandleDown_Clamped.uasset" 3399
"/ControlRig/M_Manip" 3400
"../../Plugins/Animation/ControlRig/Content/M_Manip.uasset" 3401
"../../../Engine/Content/Functions/Engine_MaterialFunctions02/WorldPositionOffset/CameraOffset.uasset" 3402
"/Paper2D/MaskedUnlitSpriteMaterial" 3403
"../../Plugins/2D/Paper2D/Content/MaskedUnlitSpriteMaterial.uasset" 3404
"../../Plugins/2D/Paper2D/Content/DefaultSpriteMaterial.uasset" 3405
"../../Plugins/2D/Paper2D/Content/PlaceholderTextures/DummySpriteTexture.uasset" 3406
"/Paper2D/OpaqueUnlitSpriteMaterial" 3407
"../../Plugins/2D/Paper2D/Content/OpaqueUnlitSpriteMaterial.uasset" 3408
"/Paper2D/DefaultPaperTerrainMaterial" 3409
"../../Plugins/2D/Paper2D/Content/DefaultPaperTerrainMaterial.uasset" 3410
"../../Plugins/2D/Paper2D/Content/DummySprite.uasset" 3411
"../../../Engine/Config/BaseUnrealInsightsSettings.ini" 3412
"/SpeedTreeImporter/SpeedTree9/SpeedTreeMaster" 3413
"../../Plugins/Editor/SpeedTreeImporter/Content/SpeedTree9/SpeedTreeMaster.uasset" 3414
"../../../Engine/Content/Functions/Engine_MaterialFunctions02/ObjectLocalBounds.uasset" 3415
"../../../Engine/Content/Functions/Engine_MaterialFunctions02/SafeNormalize.uasset" 3416
"../../../Engine/Content/Functions/Engine_MaterialFunctions02/Utility/VectorLength.uasset" 3417
"../../../Engine/Content/Functions/Engine_MaterialFunctions02/UVs/BoundingBoxBased_0-1_UVW.uasset" 3418
"../../../Engine/Content/Functions/Engine_MaterialFunctions02/WorldPositionOffset/ObjectScale.uasset" 3419
"../../Plugins/Editor/SpeedTreeImporter/Content/SpeedTree9/SpeedTreeBranchMotion.uasset" 3420
"../../Plugins/Editor/SpeedTreeImporter/Content/SpeedTree9/SpeedTreeCameraFacing.uasset" 3421
"../../Plugins/Editor/SpeedTreeImporter/Content/SpeedTree9/SpeedTreeWind.uasset" 3422
"../../Plugins/Editor/SpeedTreeImporter/Content/SpeedTree9/SpeedTreeWindMotion.uasset" 3423
"../../Plugins/Editor/SpeedTreeImporter/Content/SpeedTree9/UnpackDirection.uasset" 3424
"../../Plugins/Editor/SpeedTreeImporter/Content/SpeedTree9/UnpackInteger3.uasset" 3425
"../../Plugins/Editor/SpeedTreeImporter/Content/SpeedTree9/Empty.uasset" 3426
"../../Plugins/Editor/SpeedTreeImporter/Content/SpeedTree9/EmptyNormal.uasset" 3427
"../../Plugins/Editor/SpeedTreeImporter/Content/SpeedTree9/game_wind_noise.uasset" 3428
"/SpeedTreeImporter/SpeedTree9/SpeedTreeBillboardMaster" 3429
"../../Plugins/Editor/SpeedTreeImporter/Content/SpeedTree9/SpeedTreeBillboardMaster.uasset" 3430
"../../Plugins/Editor/SpeedTreeImporter/Content/SpeedTree9/SpeedTreeBillboard.uasset" 3431
"/MediaPlate/SM_MediaPlateScreen" 3432
"../../Plugins/Media/MediaPlate/Content/SM_MediaPlateScreen.uasset" 3433
"/Engine/BasicShapes/BasicShapeMaterial" 3434
"../../../Engine/Content/BasicShapes/BasicShapeMaterial.uasset" 3435
"/Engine/EditorMaterials/Dataflow/DataflowVertexMaterial" 3436
"../../../Engine/Content/EditorMaterials/Dataflow/DataflowVertexMaterial.uasset" 3437
"/Engine/EditorMaterials/Dataflow/DataflowTwoSidedVertexMaterial" 3438
"../../../Engine/Content/EditorMaterials/Dataflow/DataflowTwoSidedVertexMaterial.uasset" 3439
"/MeshModelingToolsetExp/Materials/PointSetOverlaidComponentMaterial" 3440
"../../Plugins/Experimental/MeshModelingToolsetExp/Content/Materials/PointSetOverlaidComponentMaterial.uasset" 3441
"../../../Engine/Content/Functions/Engine_MaterialFunctions02/Utility/FOV.uasset" 3442
"../../../Engine/Content/Functions/Engine_MaterialFunctions02/WorldPositionOffset/V2/ObjectScale.uasset" 3443
"../../../Engine/Content/Functions/Engine_MaterialFunctions03/Viewport/MF_OrthoWidth.uasset" 3444
"../../Plugins/Experimental/MeshModelingToolsetExp/Content/Materials/GetDisplacementVectorForDepthBias.uasset" 3445
"/Engine/EditorLandscapeResources/LayerVisMaterial" 3446
"../../../Engine/Content/EditorLandscapeResources/LayerVisMaterial.uasset" 3447
"../../../Engine/Content/EditorLandscapeResources/WhiteSquareTexture.uasset" 3448
"/Engine/EditorLandscapeResources/SelectBrushMaterial_Selected" 3449
"../../../Engine/Content/EditorLandscapeResources/SelectBrushMaterial_Selected.uasset" 3450
"../../../Engine/Content/EditorLandscapeResources/SelectBrushMaterial.uasset" 3451
"../../../Engine/Content/Functions/Engine_MaterialFunctions03/Math/WithinRangeFloat2.uasset" 3452
"../../../Engine/Content/EditorLandscapeResources/DefaultAlphaTexture.uasset" 3453
"/Engine/EditorLandscapeResources/SelectBrushMaterial_SelectedRegion" 3454
"../../../Engine/Content/EditorLandscapeResources/SelectBrushMaterial_SelectedRegion.uasset" 3455
"/Engine/EditorLandscapeResources/MaskBrushMaterial_MaskedRegion" 3456
"../../../Engine/Content/EditorLandscapeResources/MaskBrushMaterial_MaskedRegion.uasset" 3457
"../../../Engine/Content/EditorLandscapeResources/MaskBrushMaterial.uasset" 3458
"/Engine/EditorLandscapeResources/ColorMaskBrushMaterial_MaskedRegion" 3459
"../../../Engine/Content/EditorLandscapeResources/ColorMaskBrushMaterial_MaskedRegion.uasset" 3460
"../../../Engine/Content/EditorLandscapeResources/ColorMaskBrushMaterial.uasset" 3461
"/Engine/EditorLandscapeResources/LandscapeDirtyMaterial" 3462
"../../../Engine/Content/EditorLandscapeResources/LandscapeDirtyMaterial.uasset" 3463
"/Engine/EditorLandscapeResources/LandscapeLayerUsageMaterial" 3464
"../../../Engine/Content/EditorLandscapeResources/LandscapeLayerUsageMaterial.uasset" 3465
"../../../Engine/Content/Functions/Engine_MaterialFunctions01/Debug/DebugIntValues.uasset" 3466
"../../../Engine/Content/Functions/Engine_MaterialFunctions01/Texturing/ScaleUVsByCenter.uasset" 3467
"../../../Engine/Content/Functions/Engine_MaterialFunctions02/WorldPositionOffset/LocalPosition.uasset" 3468
"../../../Engine/Content/Functions/Engine_MaterialFunctions01/Texturing/TextureCropping.uasset" 3469
"../../../Engine/Content/Functions/Engine_MaterialFunctions02/ExampleContent/DebugNumberStrip.uasset" 3470
"C:/Users/thoma/AppData/Local/UnrealEngine/Editor/UInteractiveToolsPresetCollectionAsset_DefaultCollection.json" 3471
"/Engine/EngineMaterials/NaniteHiddenSectionMaterial" 3472
"../../../Engine/Content/EngineMaterials/NaniteHiddenSectionMaterial.uasset" 3473
"/Engine/EngineMaterials/RemoveSurfaceMaterial" 3474
"../../../Engine/Content/EngineMaterials/RemoveSurfaceMaterial.uasset" 3475
"/Engine/EngineDebugMaterials/DebugMeshMaterial" 3476
"../../../Engine/Content/EngineDebugMaterials/DebugMeshMaterial.uasset" 3477
"/Engine/EngineMaterials/EmissiveMeshMaterial" 3478
"../../../Engine/Content/EngineMaterials/EmissiveMeshMaterial.uasset" 3479
"../../../Engine/Content/EngineMaterials/DefaultWhiteGrid_Low.uasset" 3480
"/Engine/EngineMaterials/M_InvalidLightmapSettings" 3481
"../../../Engine/Content/EngineMaterials/M_InvalidLightmapSettings.uasset" 3482
"../../../Engine/Content/EngineMaterials/InvalidLightmapSettings.uasset" 3483
"/Engine/EngineMaterials/GizmoMaterial" 3484
"../../../Engine/Content/EngineMaterials/GizmoMaterial.uasset" 3485
"/Engine/EngineMaterials/PhAT_JointLimitMaterial" 3486
"../../../Engine/Content/EngineMaterials/PhAT_JointLimitMaterial.uasset" 3487
"/Engine/EngineMaterials/FlattenMaterial" 3488
"../../../Engine/Content/EngineMaterials/FlattenMaterial.uasset" 3489
"../../../Engine/Content/EngineMaterials/BaseFlattenDiffuseMap.uasset" 3490
"../../../Engine/Content/EngineMaterials/BaseFlattenEmissiveMap.uasset" 3491
"../../../Engine/Content/EngineMaterials/BaseFlattenGrayscaleMap.uasset" 3492
"../../../Engine/Content/EngineMaterials/BaseFlattenLinearColor.uasset" 3493
"../../../Engine/Content/EngineMaterials/BaseFlattenNormalMap.uasset" 3494
"../../../Engine/Content/Functions/Engine_MaterialFunctions02/PivotPainter2/Black_1x1_EXR_Texture.uasset" 3495
"/Engine/EngineMaterials/FlattenMaterial_VT" 3496
"../../../Engine/Content/EngineMaterials/FlattenMaterial_VT.uasset" 3497
"../../../Engine/Content/EngineMaterials/BaseFlattenDiffuseMap_VT.uasset" 3498
"../../../Engine/Content/EngineMaterials/BaseFlattenEmissiveMap_VT.uasset" 3499
"../../../Engine/Content/EngineMaterials/BaseFlattenGrayscaleMap_VT.uasset" 3500
"../../../Engine/Content/EngineMaterials/BaseFlattenLinearColor_VT.uasset" 3501
"../../../Engine/Content/EngineMaterials/BaseFlattenNormalMap_VT.uasset" 3502
"../../../Engine/Content/EngineMaterials/Black_1x1_EXR_Texture_VT.uasset" 3503
"/Engine/EngineMaterials/FlattenMaterial_WS_Normal_VT" 3504
"../../../Engine/Content/EngineMaterials/FlattenMaterial_WS_Normal_VT.uasset" 3505
"/Engine/EngineMaterials/Good64x64TilingNoiseHighFreq" 3506
"../../../Engine/Content/EngineMaterials/Good64x64TilingNoiseHighFreq.uasset" 3507
"/Engine/EngineMaterials/DefaultBokeh" 3508
"../../../Engine/Content/EngineMaterials/DefaultBokeh.uasset" 3509
"/Engine/EngineMaterials/MiniFont" 3510
"../../../Engine/Content/EngineMaterials/MiniFont.uasset" 3511
"/Engine/EngineMaterials/WeightMapPlaceholderTexture" 3512
"../../../Engine/Content/EngineMaterials/WeightMapPlaceholderTexture.uasset" 3513
"/Engine/EngineMaterials/WeightMapArrayPlaceholderTexture" 3514
"../../../Engine/Content/EngineMaterials/WeightMapArrayPlaceholderTexture.uasset" 3515
"/Engine/EngineMaterials/DefaultWhiteGrid" 3516
"../../../Engine/Content/EngineMaterials/DefaultWhiteGrid.uasset" 3517
"/Engine/EngineMaterials/PreintegratedSkinBRDF" 3518
"../../../Engine/Content/EngineMaterials/PreintegratedSkinBRDF.uasset" 3519
"/Engine/EngineMaterials/LTC/GGX_LTCAmp" 3520
"../../../Engine/Content/EngineMaterials/LTC/GGX_LTCAmp.uasset" 3521
"/Engine/EngineMaterials/LTC/GGX_LTCMat" 3522
"../../../Engine/Content/EngineMaterials/LTC/GGX_LTCMat.uasset" 3523
"/Engine/EngineMaterials/LTC/Sheen_LTC" 3524
"../../../Engine/Content/EngineMaterials/LTC/Sheen_LTC.uasset" 3525
"/Engine/EngineMaterials/EnergyConservation/GGX_ReflectionEnergy" 3526
"../../../Engine/Content/EngineMaterials/EnergyConservation/GGX_ReflectionEnergy.uasset" 3527
"/Engine/EngineMaterials/EnergyConservation/GGX_TransmissionEnergyArray" 3528
"../../../Engine/Content/EngineMaterials/EnergyConservation/GGX_TransmissionEnergyArray.uasset" 3529
"/Engine/EngineMaterials/EnergyConservation/Sheen_Energy" 3530
"../../../Engine/Content/EngineMaterials/EnergyConservation/Sheen_Energy.uasset" 3531
"/Engine/EngineMaterials/EnergyConservation/Diffuse_Energy" 3532
"../../../Engine/Content/EngineMaterials/EnergyConservation/Diffuse_Energy.uasset" 3533
"/Engine/EngineMaterials/DefaultPhysicalMaterial" 3534
"../../../Engine/Content/EngineMaterials/DefaultPhysicalMaterial.uasset" 3535
"/Engine/EngineMaterials/DefaultDestructiblePhysicalMaterial" 3536
"../../../Engine/Content/EngineMaterials/DefaultDestructiblePhysicalMaterial.uasset" 3537
"/Niagara/ParameterDefinitions/CoreParameters" 3538
"../../Plugins/FX/Niagara/Content/ParameterDefinitions/CoreParameters.uasset" 3539
"/Niagara/ParameterDefinitions/DecalRenderer" 3540
"../../Plugins/FX/Niagara/Content/ParameterDefinitions/DecalRenderer.uasset" 3541
"/Niagara/ParameterDefinitions/LightRenderer" 3542
"../../Plugins/FX/Niagara/Content/ParameterDefinitions/LightRenderer.uasset" 3543
"/Niagara/ParameterDefinitions/MeshRenderer" 3544
"../../Plugins/FX/Niagara/Content/ParameterDefinitions/MeshRenderer.uasset" 3545
"/Niagara/ParameterDefinitions/RibbonRenderer" 3546
"../../Plugins/FX/Niagara/Content/ParameterDefinitions/RibbonRenderer.uasset" 3547
"/Niagara/ParameterDefinitions/SpriteRenderer" 3548
"../../Plugins/FX/Niagara/Content/ParameterDefinitions/SpriteRenderer.uasset" 3549
"/DeformerGraph/Deformers/DG_LinearBlendSkin_Morph_Cloth" 3550
"../../Plugins/Animation/DeformerGraph/Content/Deformers/DG_LinearBlendSkin_Morph_Cloth.uasset" 3551
"../../Plugins/Animation/DeformerGraph/Content/DeformerFunctions/DG_Function_LinearBlendSkin_Morph_Cloth.uasset" 3552
"/DeformerGraph/Deformers/DG_LinearBlendSkin_Morph_Cloth_RecomputeNormals" 3553
"../../Plugins/Animation/DeformerGraph/Content/Deformers/DG_LinearBlendSkin_Morph_Cloth_RecomputeNormals.uasset" 3554
"../../Plugins/Animation/DeformerGraph/Content/DeformerFunctions/DG_Function_ComputeNormalsTangents.uasset" 3555
"../../Plugins/Animation/DeformerGraph/Content/DeformerFunctions/DG_Function_LinearBlendSkin_Morph_Cloth_PositionOnly.uasset" 3556
"/Engine/BasicShapes/Cube" 3557
"../../../Engine/Content/BasicShapes/Cube.uasset" 3558
"/Engine/BasicShapes/Sphere" 3559
"../../../Engine/Content/BasicShapes/Sphere.uasset" 3560
"../../../Engine/Content/EngineMaterials/DefaultMaterial.uasset" 3561
"/Engine/BasicShapes/Cylinder" 3562
"../../../Engine/Content/BasicShapes/Cylinder.uasset" 3563
"/Engine/BasicShapes/Cone" 3564
"../../../Engine/Content/BasicShapes/Cone.uasset" 3565
"/Engine/BasicShapes/Plane" 3566
"../../../Engine/Content/BasicShapes/Plane.uasset" 3567
"../../../Engine/Documentation/Source/Shared/Types/ABrush/ABrush.INT.udn" 3568
"../../../Engine/Content/Internationalization/icudt64l/brkitr/en_US.res" 3569
"../../../Engine/Content/Internationalization/icudt64l/brkitr/en.res" 3570
"../../../Engine/Content/Internationalization/icudt64l/brkitr/root.res" 3571
"../../../Engine/Content/Internationalization/icudt64l/brkitr/char.brk" 3572
"../../../Engine/Content/Internationalization/icudt64l/brkitr/word.brk" 3573
"/Engine/EditorResources/SequenceRecorder/Countdown" 3574
"../../../Engine/Content/EditorResources/SequenceRecorder/Countdown.uasset" 3575
"/Engine/EditorResources/SequenceRecorder/RecordingIndicator" 3576
"../../../Engine/Content/EditorResources/SequenceRecorder/RecordingIndicator.uasset" 3577
"/Engine/EditorMaterials/PhAT_UnselectedMaterial" 3578
"../../../Engine/Content/EditorMaterials/PhAT_UnselectedMaterial.uasset" 3579
"/Engine/EditorMaterials/PhAT_NoCollisionMaterial" 3580
"../../../Engine/Content/EditorMaterials/PhAT_NoCollisionMaterial.uasset" 3581
"/Engine/EditorResources/S_Terrain" 3582
"../../../Engine/Content/EditorResources/S_Terrain.uasset" 3583
"../../../Engine/Plugins/FX/Niagara/Shaders/Private/NiagaraDataInterfaceTexture2DArrayTemplate.ush" 3584
"../../../Engine/Plugins/FX/Niagara/Shaders/Private/NiagaraDataInterfaceActorComponentTemplate.ush" 3585
"../../../Engine/Plugins/FX/Niagara/Shaders/Private/NiagaraDataInterfaceArrayTemplate.ush" 3586
"../../../Engine/Plugins/FX/Niagara/Shaders/Private/NiagaraDataInterfaceArrayRWTemplate.ush" 3587
"../../../Engine/Plugins/FX/Niagara/Shaders/Private/NiagaraDataInterfaceArrayDistributionIntTemplate.ush" 3588
"../../../Engine/Plugins/FX/Niagara/Shaders/Private/NiagaraDataInterfaceAsyncGpuTrace.ush" 3589
"../../../Engine/Plugins/FX/Niagara/Shaders/Private/NiagaraDataInterfaceAsyncGpuTraceTemplate.ush" 3590
"../../../Engine/Plugins/FX/Niagara/Shaders/Private/NiagaraDataInterfaceCamera.ush" 3591
"../../../Engine/Plugins/Experimental/ChaosNiagara/Shaders/NiagaraDataInterfaceChaosDestruction.ush" 3592
"../../../Engine/Plugins/FX/Niagara/Shaders/Private/NiagaraDataInterfaceCollisionQuery.ush" 3593
"C:/Tidy/TidyPrototype/Intermediate/ShaderAutogen/PCD3D_SM5/AutogenShaderHeaders.ush" 3594
"../../../Engine/Plugins/FX/Niagara/Shaders/Private/NiagaraDataInterfaceCollisionQueryTemplate.ush" 3595
"../../../Engine/Plugins/FX/Niagara/Shaders/Private/NiagaraDataInterfaceCurveTemplate.ush" 3596
"../../../Engine/Plugins/FX/Niagara/Shaders/Private/NiagaraDataInterfaceCubeTextureTemplate.ush" 3597
"../../../Engine/Plugins/FX/Niagara/Shaders/Private/DataChannel/NiagaraDataInterfaceDataChannelCommon.ush" 3598
"../../../Engine/Plugins/FX/Niagara/Shaders/Private/DataChannel/NiagaraDataInterfaceDataChannelTemplateCommon.ush" 3599
"../../../Engine/Plugins/FX/Niagara/Shaders/Private/DataChannel/NiagaraDataInterfaceDataChannelTemplateReadCommon.ush" 3600
"../../../Engine/Plugins/FX/Niagara/Shaders/Private/DataChannel/NiagaraDataInterfaceDataChannelTemplate_Read.ush" 3601
"../../../Engine/Plugins/FX/Niagara/Shaders/Private/DataChannel/NiagaraDataInterfaceDataChannelTemplate_Consume.ush" 3602
"../../../Engine/Plugins/FX/Niagara/Shaders/Private/DataChannel/NiagaraDataInterfaceDataChannelTemplateWriteCommon.ush" 3603
"../../../Engine/Plugins/FX/Niagara/Shaders/Private/DataChannel/NiagaraDataInterfaceDataChannelTemplate_Append.ush" 3604
"../../../Engine/Plugins/FX/Niagara/Shaders/Private/NiagaraDataInterfaceDataTableTemplate.ush" 3605
"../../../Engine/Plugins/FX/Niagara/Shaders/Private/NiagaraDataInterfaceDebugDraw.ush" 3606
"../../../Engine/Plugins/FX/Niagara/Shaders/Private/NiagaraDataInterfaceDebugDrawTemplate.ush" 3607
"../../../Engine/Plugins/FX/Niagara/Shaders/Private/NiagaraDataInterfaceDynamicMeshTemplate.ush" 3608
"../../../Engine/Plugins/FX/Niagara/Shaders/Private/NiagaraDataInterfaceEmitterPropertiesTemplate.ush" 3609
"../../../Engine/Plugins/FX/Niagara/Shaders/Private/NiagaraDataInterfaceExportTemplate.ush" 3610
"../../../Engine/Plugins/FX/Niagara/Shaders/Private/NiagaraDataInterfaceGBufferTemplate.ush" 3611
"../../../Engine/Plugins/Experimental/ChaosNiagara/Shaders/NiagaraDataInterfaceGeometryCollection.ush" 3612
"../../../Engine/Plugins/FX/Niagara/Shaders/Private/NiagaraTransformUtils.ush" 3613
"../../../Engine/Plugins/Runtime/HairStrands/Shaders/Private/NiagaraStrandsExternalForce.ush" 3614
"../../../Engine/Plugins/Runtime/HairStrands/Shaders/Private/NiagaraHookeSpringMaterial.ush" 3615
"../../../Engine/Plugins/Runtime/HairStrands/Shaders/Private/NiagaraAngularSpringMaterial.ush" 3616
"../../../Engine/Plugins/Runtime/HairStrands/Shaders/Private/NiagaraConstantVolumeMaterial.ush" 3617
"../../../Engine/Plugins/Runtime/HairStrands/Shaders/Private/NiagaraCosseratRodMaterial.ush" 3618
"../../../Engine/Plugins/Runtime/HairStrands/Shaders/Private/NiagaraStaticCollisionConstraint.ush" 3619
"../../../Engine/Plugins/Runtime/HairStrands/Shaders/Private/NiagaraDataInterfaceHairStrands.ush" 3620
"../../../Engine/Plugins/Runtime/HairStrands/Shaders/Private/NiagaraDataInterfaceHairStrandsTemplate.ush" 3621
"../../../Engine/Plugins/FX/Niagara/Shaders/Private/NiagaraDataInterfaceIntRenderTarget2D.ush" 3622
"../../../Engine/Plugins/FX/Niagara/Shaders/Private/NiagaraDataInterfaceLandscape.ush" 3623
"../../../Engine/Plugins/FX/Niagara/Shaders/Private/NiagaraDataInterfaceMemoryBufferTemplate.ush" 3624
"../../../Engine/Plugins/FX/Niagara/Shaders/Private/NiagaraDataInterfaceMeshRendererInfoTemplate.ush" 3625
"../../../Engine/Plugins/FX/Niagara/Shaders/Private/NiagaraDataInterfaceOcclusion.ush" 3626
"../../../Engine/Plugins/FX/Niagara/Shaders/Private/NiagaraDataInterfacePhysicsAsset.ush" 3627
"../../../Engine/Plugins/Experimental/ChaosNiagara/Shaders/NiagaraDataInterfacePhysicsField.ush" 3628
"../../../Engine/Plugins/FX/Niagara/Shaders/Private/NiagaraDataInterfacePlatformSetTemplate.ush" 3629
"../../../Engine/Plugins/Runtime/HairStrands/Shaders/Private/NiagaraDataInterfaceVelocityGrid.ush" 3630
"../../../Engine/Plugins/Runtime/HairStrands/Shaders/Private/NiagaraDataInterfaceVelocityGridTemplate.ush" 3631
"../../../Engine/Plugins/Runtime/HairStrands/Shaders/Private/NiagaraDataInterfacePressureGrid.ush" 3632
"../../../Engine/Plugins/Runtime/HairStrands/Shaders/Private/NiagaraDataInterfacePressureGridTemplate.ush" 3633
"../../../Engine/Plugins/FX/Niagara/Shaders/Private/NiagaraDataInterfaceRenderTarget2DTemplate.ush" 3634
"../../../Engine/Plugins/FX/Niagara/Shaders/Private/NiagaraDataInterfaceRenderTarget2DArrayTemplate.ush" 3635
"../../../Engine/Plugins/FX/Niagara/Shaders/Private/NiagaraDataInterfaceRenderTargetCubeTemplate.ush" 3636
"../../../Engine/Plugins/FX/Niagara/Shaders/Private/NiagaraDataInterfaceRenderTargetVolumeTemplate.ush" 3637
"../../../Engine/Plugins/FX/Niagara/Shaders/Private/NiagaraDataInterfaceRigidMeshCollisionQuery.ush" 3638
"../../../Engine/Plugins/FX/Niagara/Shaders/Private/NiagaraDistanceFieldQueries.ush" 3639
"../../../Engine/Plugins/FX/Niagara/Shaders/Private/NiagaraDataInterfaceSceneCapture2DTemplate.ush" 3640
"../../../Engine/Plugins/FX/Niagara/Shaders/Private/NiagaraDataInterfaceSimCacheReaderTemplate.ush" 3641
"../../../Engine/Plugins/FX/Niagara/Shaders/Private/NiagaraDataInterfaceSimpleCounterTemplate.ush" 3642
"../../../Engine/Plugins/FX/Niagara/Shaders/Private/NiagaraDataInterfaceSkeletalMesh.ush" 3643
"../../../Engine/Plugins/FX/Niagara/Shaders/Private/NiagaraBaryCentricUtils.ush" 3644
"../../../Engine/Plugins/FX/Niagara/Shaders/Private/NiagaraDataInterfaceSkeletalMeshTemplate.ush" 3645
"../../../Engine/Plugins/FX/Niagara/Shaders/Private/NiagaraDataInterfaceSocketReaderTemplate.ush" 3646
"../../../Engine/Plugins/FX/Niagara/Shaders/Private/NiagaraDataInterfaceSparseVolumeTextureTemplate.ush" 3647
"../../../Engine/Plugins/FX/Niagara/Shaders/Private/NiagaraDataInterfaceSplineTemplate.ush" 3648
"../../../Engine/Plugins/FX/Niagara/Shaders/Private/NiagaraDataInterfaceSpriteRendererInfoTemplate.ush" 3649
"../../../Engine/Plugins/FX/Niagara/Shaders/Private/NiagaraDataInterfaceStaticMeshTemplate.ush" 3650
"../../../Engine/Plugins/FX/Niagara/Shaders/Private/NiagaraDataInterfaceTextureTemplate.ush" 3651
"../../../Engine/Plugins/FX/Niagara/Shaders/Private/NiagaraDataInterfaceVirtualTexture.ush" 3652
"../../../Engine/Plugins/FX/Niagara/Shaders/Private/NiagaraDataInterfaceVirtualTextureTemplate.ush" 3653
"../../../Engine/Plugins/FX/Niagara/Shaders/Private/NiagaraDataInterfaceVirtualTextureSampleTemplate.ush" 3654
"../../../Engine/Plugins/FX/Niagara/Shaders/Private/NiagaraDataInterfaceVolumeCache.ush" 3655
"../../../Engine/Plugins/FX/Niagara/Shaders/Private/NiagaraDataInterfaceVolumeTextureTemplate.ush" 3656
"../../../Engine/Content/EngineSounds/Submixes/MasterSubmixDefault.uasset" 3657
"../../../Engine/Content/EngineSounds/Submixes/MasterReverbEffectPreset.uasset" 3658
"../../../Engine/Content/EngineSounds/Submixes/MasterEQEffectPreset.uasset" 3659
"../../../Engine/Content/EngineSounds/Submixes/MasterReverbSubmixDefault.uasset" 3660
"../../../Engine/Content/ArtTools/RenderToTexture/MaterialFunctions/ImposterUVs.uasset" 3661
"../../../Engine/Content/ArtTools/RenderToTexture/MaterialFunctions/FoliageZRotation.uasset" 3662
"../../../Engine/Content/EngineMaterials/FlatNormal.uasset" 3663
"../../../Engine/Content/ArtTools/RenderToTexture/Materials/Imposters/M_ImposterTest_01_Inst_SingleAxis.uasset" 3664
"../../../Engine/Content/Functions/Engine_MaterialFunctions01/WorldPositionOffset/FoliageScaleFactor.uasset" 3665
"../../../Engine/Content/Functions/Engine_MaterialFunctions02/Utility/VectorToRadialValue.uasset" 3666
"../../../Engine/Content/ArtTools/RenderToTexture/MaterialFunctions/Imposter_MotionVectors.uasset" 3667
"../../../Engine/Content/Functions/Engine_MaterialFunctions02/Math/Pi.uasset" 3668
"../../../Engine/Content/Functions/Engine_MaterialFunctions02/Utility/Sign.uasset" 3669
"../../../Engine/Content/ArtTools/RenderToTexture/Materials/Flipbooks/M_RenderMotionVectors_Applied_Imposter.uasset" 3670
"../../../Engine/Content/EngineSounds/Submixes/MasterEQSubmixDefault.uasset" 3671
"../../../Engine/Content/Functions/Engine_MaterialFunctions02/Utility/Round.uasset" 3672
"../../../Engine/Content/ArtTools/RenderToTexture/Materials/Imposters/M_ImposterTest_01_Inst.uasset" 3673
"../../../Engine/Content/ArtTools/RenderToTexture/Materials/Imposters/M_ImposterTest_01.uasset" 3674
"/Engine/EngineSounds/Submixes/MasterReverbEffectPreset" 3675
"../../../Engine/Content/Functions/Engine_MaterialFunctions02/Texturing/FlipBook_UniformNonUniform.uasset" 3676
"../../../Engine/Content/ArtTools/RenderToTexture/MaterialFunctions/OrthoFOV.uasset" 3677
"../../../Engine/Content/ArtTools/RenderToTexture/MaterialFunctions/FlipbookWind.uasset" 3678
"../../../Engine/Content/ArtTools/RenderToTexture/Textures/FlipbookMotionVectors/Position1.uasset" 3679
"../../../Engine/Content/ArtTools/RenderToTexture/MaterialFunctions/DiffMotionVectors.uasset" 3680
"../../../Engine/Content/ArtTools/RenderToTexture/Materials/Flipbooks/M_RenderMotionVectors.uasset" 3681
"../../../Engine/Content/ArtTools/RenderToTexture/Materials/Flipbooks/M_RenderMotionVectors_Inst.uasset" 3682
"../../../Engine/Content/ArtTools/RenderToTexture/Materials/Flipbooks/M_RenderMotionVectors_Applied.uasset" 3683
"../../../Engine/Content/Functions/Engine_MaterialFunctions02/Texturing/FlipBook_MotionVectors.uasset" 3684
"../../../Engine/Content/ArtTools/RenderToTexture/Materials/Flipbooks/M_FlipbookPreview_01.uasset" 3685
"../../../Engine/Content/ArtTools/RenderToTexture/Materials/Flipbooks/M_FlipbookPreview_01_Inst.uasset" 3686
"../../../Engine/Content/ArtTools/RenderToTexture/Materials/Debug/M_Emissive_Color.uasset" 3687
"../../../Engine/Content/ArtTools/RenderToTexture/Materials/Debug/M_Emissive_Color_127-127-0.uasset" 3688
"../../../Engine/Content/ArtTools/RenderToTexture/Textures/T_EV_BlankWhite_01.uasset" 3689
"../../../Engine/Content/ArtTools/RenderToTexture/Meshes/S_1_Unit_Sphere.uasset" 3690
"/Engine/EngineSounds/Submixes/MasterEQEffectPreset" 3691
"/Engine/EngineSounds/Submixes/MasterEQSubmixDefault" 3692
"/Engine/ArtTools/RenderToTexture/Materials/Imposters/M_ImposterTest_01_Inst_SingleAxis" 3693
"../../../Engine/Content/Functions/Engine_MaterialFunctions02/Utility/DebugScalarValues.uasset" 3694
"../../../Engine/Content/ArtTools/RenderToTexture/Textures/TilingTexturePreview.uasset" 3695
"../../../Engine/Content/Functions/Engine_MaterialFunctions02/Math/CreateThirdOrthogonalVector.uasset" 3696
"../../../Engine/Content/Functions/Engine_MaterialFunctions02/Texturing/FlipBook.uasset" 3697
"../../../Engine/Content/ArtTools/RenderToTexture/Textures/127grey.uasset" 3698
"../../../Engine/Content/Functions/Engine_MaterialFunctions02/ExampleContent/Textures/flipbook.uasset" 3699
"../../../Engine/Content/Functions/Engine_MaterialFunctions01/Texturing/ComputeMipLevel.uasset" 3700
"../../../Engine/Content/Functions/Engine_MaterialFunctions02/ExampleContent/Textures/DebugNumberPeriod.uasset" 3701
"../../../Engine/Content/Functions/Engine_MaterialFunctions02/Utility/DebugFloat2Values.uasset" 3702
"/Engine/ArtTools/RenderToTexture/Materials/Flipbooks/M_RenderMotionVectors_Applied_Imposter" 3703
"../../../Engine/Content/ArtTools/RenderToTexture/Materials/MPC_R2T.uasset" 3704
"../../../Engine/Content/EngineVolumetrics/Fogsheet/Materials/T_EV_BlankWhite_01.uasset" 3705
"../../../Engine/Content/ArtTools/RenderToTexture/MaterialFunctions/BoundingSphere_LightTransform.uasset" 3706
"../../../Engine/Content/Functions/Engine_MaterialFunctions02/Math/InverseTransformMatrix.uasset" 3707
"/Engine/ArtTools/RenderToTexture/Materials/Flipbooks/M_FlipbookPreview_01" 3708
"../../../Engine/Content/Functions/Engine_MaterialFunctions02/Math/TimeWithSpeedVariable.uasset" 3709
"/Engine/ArtTools/RenderToTexture/Materials/Flipbooks/M_FlipbookPreview_01_Inst" 3710
"/Engine/ArtTools/RenderToTexture/Materials/Debug/M_Emissive_Color" 3711
"/Engine/ArtTools/RenderToTexture/Materials/Debug/M_Emissive_Color_127-127-0" 3712
"/Engine/ArtTools/RenderToTexture/Textures/T_EV_BlankWhite_01" 3713
"../../../Engine/Content/ArtTools/RenderToTexture/Enums/EFloatTypes.uasset" 3714
"../../../Engine/Content/ArtTools/RenderToTexture/Materials/M_UnlitText_01.uasset" 3715
"../../../Engine/Content/ArtTools/RenderToTexture/Materials/M_TilingPreviewMat_01.uasset" 3716
"../../../Engine/Content/ArtTools/RenderToTexture/Enums/RenderToTexture_Enum.uasset" 3717
"../../../Engine/Content/ArtTools/RenderToTexture/Enums/EIntTypes.uasset" 3718
"../../../Engine/Content/ArtTools/RenderToTexture/Macros/RenderToTextureMacros.uasset" 3719
"../../../Engine/Content/ArtTools/RenderToTexture/Materials/M_RenderNormalizedDepth_01.uasset" 3720
"../../../Engine/Content/ArtTools/RenderToTexture/Materials/M_RenderCustomHeightmap_01.uasset" 3721
"../../../Engine/Content/ArtTools/RenderToTexture/Materials/M_RadiusDebugTranslucent.uasset" 3722
"../../../Engine/Content/ArtTools/RenderToTexture/Materials/M_BackgroundCard_01.uasset" 3723
"../../../Engine/Content/Functions/Engine_MaterialFunctions02/Math/TransformToZVector.uasset" 3724
"../../../Engine/Content/ArtTools/RenderToTexture/Materials/M_RenderNormalizedDepth_01_Inst.uasset" 3725
"../../../Engine/Content/EditorMeshes/EditorCube.uasset" 3726
"../../../Engine/Content/ArtTools/RenderToTexture/Blueprints/TilingMesh.uasset" 3727
"../../../Engine/Content/ArtTools/RenderToTexture/MaterialFunctions/MarkRedOutside0-1Range.uasset" 3728
"../../../Engine/Content/ArtTools/RenderToTexture/Blueprints/RenderToTexture_LevelBP.uasset" 3729
"../../../Engine/Content/ArtTools/RenderToTexture/Enums/RenderToTexture_Imposter_Enum.uasset" 3730
"../../../Engine/Content/ArtTools/RenderToTexture/Blueprints/PhysMesh.uasset" 3731
"/Engine/ArtTools/RenderToTexture/Meshes/S_1_Unit_Sphere" 3732
"../../../Engine/Content/ArtTools/RenderToTexture/Blueprints/RenderToTexture_Pawn.uasset" 3733
"../../../Engine/Content/ArtTools/RenderToTexture/Blueprints/RenderToTexture_Game.uasset" 3734
"C:/Tidy/TidyPrototype/Content/GUI/Title/New/TitleScreen_Png.uasset" 3735
"C:/Tidy/TidyPrototype/Content/GUI/Title/UI_VacuumCord_Attacteched.uasset" 3736
"C:/Tidy/TidyPrototype/Content/GUI/Intro/phoneBack.uasset" 3737
"C:/Tidy/TidyPrototype/Content/GUI/Intro/introSeq2.uasset" 3738
"/Engine/EditorMeshes/EditorCube" 3739
"C:/Tidy/TidyPrototype/Content/GUI/Intro/introSeq1.uasset" 3740
"C:/Tidy/TidyPrototype/Content/GUI/Intro/introSeq0.uasset" 3741
"C:/Tidy/TidyPrototype/Content/GUI/HighresScreenshot00000.uasset" 3742
"C:/Tidy/TidyPrototype/Content/Blueprints/BP_SaveGame.uasset" 3743
"C:/Tidy/TidyPrototype/Content/FirstPerson/Blueprints/BP_FirstPersonCameraManager.uasset" 3744
"C:/Tidy/TidyPrototype/Content/Input/IMC_MouseLook.uasset" 3745
"C:/Tidy/TidyPrototype/Content/Input/IMC_Default.uasset" 3746
"C:/Tidy/TidyPrototype/Content/FirstPerson/Blueprints/BP_FirstPersonPlayerController.uasset" 3747
"/Engine/ArtTools/RenderToTexture/Enums/RenderToTexture_Enum" 3748
"/Engine/ArtTools/RenderToTexture/Enums/RenderToTexture_Imposter_Enum" 3749
"/Engine/ArtTools/RenderToTexture/Macros/RenderToTextureMacros" 3750
"../../../Engine/Content/EditorBlueprintResources/StandardMacros.uasset" 3751
"/Engine/ArtTools/RenderToTexture/Materials/M_BackgroundCard_01" 3752
"/Engine/ArtTools/RenderToTexture/Materials/M_RadiusDebugTranslucent" 3753
"/Engine/ArtTools/RenderToTexture/Materials/M_TilingPreviewMat_01" 3754
"/Engine/ArtTools/RenderToTexture/Materials/M_UnlitText_01" 3755
"C:/Tidy/TidyPrototype/Content/Characters/Mannequins/Anims/Unarmed/Jump/MM_Jump.uasset" 3756
"C:/Tidy/TidyPrototype/Content/Characters/Mannequins/Anims/Unarmed/Walk/MF_Unarmed_Walk_Fwd_Left.uasset" 3757
"C:/Tidy/TidyPrototype/Content/Characters/Mannequins/Anims/Unarmed/Walk/MF_Unarmed_Walk_Left.uasset" 3758
"C:/Tidy/TidyPrototype/Content/Characters/Mannequins/Anims/Unarmed/Walk/MF_Unarmed_Walk_Bwd_Right.uasset" 3759
"C:/Tidy/TidyPrototype/Content/Characters/Mannequins/Anims/Unarmed/Walk/MF_Unarmed_Walk_Fwd.uasset" 3760
"C:/Tidy/TidyPrototype/Content/Characters/Mannequins/Anims/Unarmed/Walk/MF_Unarmed_Walk_Right.uasset" 3761
"C:/Tidy/TidyPrototype/Content/Characters/Mannequins/Anims/Unarmed/Jump/MM_Land.uasset" 3762
"C:/Tidy/TidyPrototype/Content/Characters/Mannequins/Anims/Unarmed/Walk/MF_Unarmed_Walk_Bwd_Left.uasset" 3763
"/Game/GUI/Intro/introSeq2" 3764
"C:/Tidy/TidyPrototype/Content/Characters/Mannequins/Anims/Unarmed/Walk/MF_Unarmed_Walk_Fwd_Right.uasset" 3765
"C:/Tidy/TidyPrototype/Content/Characters/Mannequins/Anims/Unarmed/Jump/MM_Fall_Loop.uasset" 3766
"/Game/GUI/Intro/phoneBack" 3767
"/Game/GUI/Title/UI_VacuumCord_Attacteched" 3768
"/Game/GUI/Title/New/TitleScreen_Png" 3769
"/Engine/ArtTools/RenderToTexture/Blueprints/RenderToTexture_Game" 3770
"/Game/FirstPerson/Blueprints/BP_FirstPersonPlayerController" 3771
"../../../../../../Tidy/TidyPrototype/Content/Input/Touch/UI_TouchSimple.uasset" 3772
"../../../../../../Tidy/TidyPrototype/Content/Blueprints/IA_Rotate_L.uasset" 3773
"../../../../../../Tidy/TidyPrototype/Content/Input/Actions/IA_ChargeThrow.uasset" 3774
"../../../../../../Tidy/TidyPrototype/Content/Input/Actions/IA_Crouch.uasset" 3775
"../../../../../../Tidy/TidyPrototype/Content/Input/Actions/IA_Jump.uasset" 3776
"../../../../../../Tidy/TidyPrototype/Content/Input/Actions/IA_Look.uasset" 3777
"../../../../../../Tidy/TidyPrototype/Content/Input/Actions/IA_Move.uasset" 3778
"../../../../../../Tidy/TidyPrototype/Content/Input/Actions/IA_Pause.uasset" 3779
"../../../../../../Tidy/TidyPrototype/Content/Input/Actions/IA_Rotate_R.uasset" 3780
"../../../../../../Tidy/TidyPrototype/Content/Input/Actions/IA_StartVacuum.uasset" 3781
"../../../../../../Tidy/TidyPrototype/Content/Input/Actions/IA_Vaccum.uasset" 3782
"../../../../../../Tidy/TidyPrototype/Content/Input/IA_Slide.uasset" 3783
"../../../../../../Tidy/TidyPrototype/Content/Input/Interact.uasset" 3784
"../../../../../../Tidy/TidyPrototype/Content/Input/Actions/IA_MouseLook.uasset" 3785
"../../../../../../Tidy/TidyPrototype/Content/Input/Touch/BPI_TouchInterface.uasset" 3786
"../../../Engine/Content/MobileResources/HUD/VirtualJoystick_Thumb.uasset" 3787
"../../../../../../Tidy/TidyPrototype/Content/Input/Touch/UI_Thumbstick.uasset" 3788
"../../../Engine/Content/MobileResources/HUD/VirtualJoystick_Background.uasset" 3789
"/Game/GUI/Intro/introSeq1" 3790
"/Game/GUI/Intro/introSeq0" 3791
"/Game/GUI/HighresScreenshot00000" 3792
"/Game/Blueprints/BP_SaveGame" 3793
"C:/Tidy/TidyPrototype/Content/Characters/Mannequins/Anims/Unarmed/Jog/MF_Unarmed_Jog_Fwd_Left.uasset" 3794
"C:/Tidy/TidyPrototype/Content/Characters/Mannequins/Anims/Unarmed/Jog/MF_Unarmed_Jog_Bwd_Left.uasset" 3795
"../../../Engine/Content/Animation/DefaultAnimCurveCompressionSettings.uasset" 3796
"C:/Tidy/TidyPrototype/Content/Characters/Mannequins/Anims/Unarmed/Jog/MF_Unarmed_Jog_Fwd.uasset" 3797
"C:/Tidy/TidyPrototype/Content/Characters/Mannequins/Rigs/CR_Mannequin_FootIK.uasset" 3798
"C:/Tidy/TidyPrototype/Content/Characters/Mannequins/Anims/Unarmed/Jog/MF_Unarmed_Jog_Right.uasset" 3799
"C:/Tidy/TidyPrototype/Content/Characters/Mannequins/Anims/Unarmed/Jog/MF_Unarmed_Jog_Fwd_Right.uasset" 3800
"C:/Tidy/TidyPrototype/Content/Characters/Mannequins/Anims/Unarmed/Jog/MF_Unarmed_Jog_Left.uasset" 3801
"../../../Engine/Content/Animation/DefaultAnimBoneCompressionSettings.uasset" 3802
"C:/Tidy/TidyPrototype/Content/Characters/Mannequins/Anims/Unarmed/Walk/MF_Unarmed_Walk_Bwd.uasset" 3803
"C:/Tidy/TidyPrototype/Content/Characters/Mannequins/Anims/Unarmed/ABP_Unarmed.uasset" 3804
"C:/Tidy/TidyPrototype/Content/Characters/Mannequins/Anims/Unarmed/Jog/MF_Unarmed_Jog_Bwd.uasset" 3805
"C:/Tidy/TidyPrototype/Content/KitchenFoodAssets/Materials/restaurantbits_texture.uasset" 3806
"C:/Tidy/TidyPrototype/Content/Characters/Mannequins/Anims/Unarmed/BS_Idle_Walk_Run.uasset" 3807
"C:/Tidy/TidyPrototype/Content/Characters/Mannequins/Anims/Unarmed/MM_Idle.uasset" 3808
"../../../Engine/Plugins/FX/Niagara/Content/Modules/Update/Size/ScaleMeshSize.uasset" 3809
"C:/Tidy/TidyPrototype/Content/KitchenFoodAssets/Materials/crate_onions/restaurantbits_texture_Mat.uasset" 3810
"C:/Tidy/TidyPrototype/Content/Characters/Mannequins/Anims/Unarmed/Jog/MF_Unarmed_Jog_Bwd_Right.uasset" 3811
"../../../Engine/Plugins/FX/Niagara/Content/DynamicInputs/UniformRange/V2/RandomRangeVector.uasset" 3812
"/Game/Characters/Mannequins/Anims/Unarmed/Walk/MF_Unarmed_Walk_Bwd_Left" 3813
"C:/Tidy/TidyPrototype/Content/VFX/Vacuum/NE_Debris.uasset" 3814
"../../../Engine/Plugins/FX/Niagara/Content/Modules/Update/Orientation/V2/MeshRotationForce.uasset" 3815
"../../../Engine/Plugins/FX/Niagara/Content/Modules/Update/Forces/V2/PointAttractionForce.uasset" 3816
"../../../../../../Tidy/TidyPrototype/Content/Characters/Mannequins/Meshes/SK_Mannequin.uasset" 3817
"/Game/Characters/Mannequins/Anims/Unarmed/Walk/MF_Unarmed_Walk_Bwd_Right" 3818
"/Game/Characters/Mannequins/Anims/Unarmed/Walk/MF_Unarmed_Walk_Fwd_Left" 3819
"/Game/Characters/Mannequins/Anims/Unarmed/Walk/MF_Unarmed_Walk_Fwd_Right" 3820
"C:/Tidy/TidyPrototype/Content/VFX/Vacuum/MT_Debris.uasset" 3821
"C:/Tidy/TidyPrototype/Content/VFX/Vacuum/Debris1.uasset" 3822
"C:/Tidy/TidyPrototype/Content/VFX/Vacuum/MI_Debris.uasset" 3823
"/Niagara/DynamicInputs/UniformRange/V2/RandomRangeVector" 3824
"C:/Tidy/TidyPrototype/Content/VFX/Vacuum/MT_Ribbons.uasset" 3825
"../../Plugins/FX/Niagara/Content/Functions/V2/CalculateRandomRange.uasset" 3826
"../../Plugins/FX/Niagara/Content/Enums/ENiagaraRandomnessEvaluation.uasset" 3827
"../../Plugins/FX/Niagara/Content/Enums/ENiagaraRandomnessMode.uasset" 3828
"/Niagara/Modules/Update/Size/ScaleMeshSize" 3829
"/Niagara/Modules/Update/Forces/V2/PointAttractionForce" 3830
"../../Plugins/FX/Niagara/Content/Functions/DirectionAndLengthSafe.uasset" 3831
"../../Plugins/FX/Niagara/Content/Functions/Localspace/TransformPosition.uasset" 3832
"../../Plugins/FX/Niagara/Content/Functions/Localspace/TransformVector.uasset" 3833
"../../Plugins/FX/Niagara/Content/Functions/Localspace/TransformBase.uasset" 3834
"/Niagara/Modules/Update/Orientation/V2/MeshRotationForce" 3835
"../../Plugins/FX/Niagara/Content/Functions/Rotation/MultiplyVectorWithQuaternion.uasset" 3836
"../../Plugins/FX/Niagara/Content/Enums/ENiagaraMeshTransforms.uasset" 3837
"/Game/KitchenFoodAssets/Materials/crate_onions/restaurantbits_texture_Mat" 3838
"/Game/Characters/Mannequins/Anims/Unarmed/ABP_Unarmed" 3839
"C:/Tidy/TidyPrototype/Content/GUI/DashAnim/DashFS3.uasset" 3840
"C:/Tidy/TidyPrototype/Content/Characters/Mannequins/Textures/Manny/T_Manny_02_MRA.uasset" 3841
"C:/Tidy/TidyPrototype/Content/Characters/Mannequins/Textures/Shared/T_UE_Logo_M.uasset" 3842
"C:/Tidy/TidyPrototype/Content/GUI/DashAnim/DashFS2.uasset" 3843
"C:/Tidy/TidyPrototype/Content/Characters/Mannequins/Materials/Manny/MI_Manny_02_New.uasset" 3844
"../../../Engine/Plugins/FX/Niagara/Content/DynamicInputs/ValueFromCurve/VectorFromCurve.uasset" 3845
"C:/Tidy/TidyPrototype/Content/Characters/Mannequins/Textures/Manny/T_Manny_02_D.uasset" 3846
"C:/Tidy/TidyPrototype/Content/VFX/Vacuum/Debris.uasset" 3847
"../../../Engine/Plugins/FX/Niagara/Content/Modules/Ribbons/ScaleRibbonWidth.uasset" 3848
"../../../Engine/Plugins/FX/Niagara/Content/DynamicInputs/ValueFromCurve/FloatFromCurve.uasset" 3849
"../../../Engine/Plugins/FX/Niagara/Content/Modules/Emitter/SpawnRate.uasset" 3850
"C:/Tidy/TidyPrototype/Content/Characters/Mannequins/Textures/Manny/T_Manny_01_D.uasset" 3851
"/Game/VFX/Vacuum/Debris1" 3852
"C:/Tidy/TidyPrototype/Content/Materials/Vacuum/M_Vacuum.uasset" 3853
"C:/Tidy/TidyPrototype/Content/Characters/Mannequins/Rigs/PA_Mannequin.uasset" 3854
"C:/Tidy/TidyPrototype/Content/Assets/Props/Simple_Vacuum.uasset" 3855
"../../../Engine/Plugins/Interchange/Assets/Content/Functions/MF_PhongToMetalRoughness.uasset" 3856
"../../../Engine/Content/Functions/Engine_MaterialFunctions03/Procedurals/NormalFromHeightmap.uasset" 3857
"C:/Tidy/TidyPrototype/Content/Materials/Vacuum/Vacuum_standardSurface2_BaseColor.uasset" 3858
"C:/Tidy/TidyPrototype/Content/Characters/Mannequins/Textures/Manny/T_Manny_01_MRA.uasset" 3859
"C:/Tidy/TidyPrototype/Content/Characters/Mannequins/Meshes/SKM_Manny_Simple.uasset" 3860
"C:/Tidy/TidyPrototype/Content/Materials/Vacuum/Vacuum_standardSurface2_OcclusionRoughnessMetallic.uasset" 3861
"C:/Tidy/TidyPrototype/Content/Characters/Mannequins/Textures/Manny/T_Manny_01_BN.uasset" 3862
"../../../Engine/Plugins/Interchange/Assets/Content/Materials/FBXLegacyPhongSurfaceMaterial.uasset" 3863
"C:/Tidy/TidyPrototype/Content/Characters/Mannequins/Materials/Manny/MI_Manny_01_New.uasset" 3864
"C:/Tidy/TidyPrototype/Content/Characters/Mannequins/Materials/M_Mannequin.uasset" 3865
"C:/Tidy/TidyPrototype/Content/Characters/Mannequins/Textures/Manny/T_Manny_02_BN.uasset" 3866
"C:/Tidy/TidyPrototype/Content/VFX/Vacuum/NS_Vacuum.uasset" 3867
"/Game/VFX/Vacuum/MI_Debris" 3868
"/Game/VFX/Vacuum/MT_Ribbons" 3869
"../../../Engine/Content/Functions/Engine_MaterialFunctions01/Density/ExponentialDensity.uasset" 3870
"../../../Engine/Content/Functions/Engine_MaterialFunctions01/Gradient/RadialGradientExponential.uasset" 3871
"C:/Tidy/TidyPrototype/Content/Models/Material.uasset" 3872
"C:/Tidy/TidyPrototype/Content/Models/beverage_can_medium.uasset" 3873
"C:/Tidy/TidyPrototype/Content/Blueprints/BP_Sponge.uasset" 3874
"../../../Engine/Content/MapTemplates/Materials/BasicAsset03.uasset" 3875
"/InterchangeAssets/Materials/FBXLegacyPhongSurfaceMaterial" 3876
"../../../Engine/Content/EngineMaterials/DefaultNormal.uasset" 3877
"/Game/VFX/Vacuum/NE_Debris" 3878
"../../Plugins/FX/Niagara/Content/DynamicInputs/UniformRange/V2/RandomRangeFloat.uasset" 3879
"../../Plugins/FX/Niagara/Content/Modules/Emitter/EmitterState.uasset" 3880
"../../Plugins/FX/Niagara/Content/Modules/Solvers/SolveForcesAndVelocity.uasset" 3881
"../../Plugins/FX/Niagara/Content/Modules/Spawn/Initialization/V2/InitializeParticle.uasset" 3882
"../../Plugins/FX/Niagara/Content/Modules/Spawn/Location/V2/ShapeLocation.uasset" 3883
"../../Plugins/FX/Niagara/Content/Modules/Update/Forces/V2/CurlNoiseForce.uasset" 3884
"../../Plugins/FX/Niagara/Content/Modules/Update/Lifetime/ParticleState.uasset" 3885
"../../Plugins/FX/Niagara/Content/Modules/Update/Material/DynamicMaterialParameters.uasset" 3886
"../../Plugins/FX/Niagara/Content/Enums/Angles/ENiagara_AngleInput.uasset" 3887
"../../Plugins/FX/Niagara/Content/Enums/ENiagara_AttributeSamplingApplyOutput.uasset" 3888
"../../Plugins/FX/Niagara/Content/Enums/ENiagara_ColorInitializationMode.uasset" 3889
"../../Plugins/FX/Niagara/Content/Enums/ENiagara_EmitterStateOptions.uasset" 3890
"../../Plugins/FX/Niagara/Content/Enums/ENiagara_InfiniteLoopDuration.uasset" 3891
"../../Plugins/FX/Niagara/Content/Enums/ENiagara_LifetimeMode.uasset" 3892
"../../Plugins/FX/Niagara/Content/Enums/ENiagara_MassInitializationMode.uasset" 3893
"../../Plugins/FX/Niagara/Content/Enums/ENiagara_PositionInitializationMode.uasset" 3894
"../../Plugins/FX/Niagara/Content/Enums/ENiagara_SizeScaleMode.uasset" 3895
"../../Plugins/FX/Niagara/Content/Enums/ENiagara_SpriteRotationMode.uasset" 3896
"../../Plugins/FX/Niagara/Content/Enums/ENiagara_UVFlippingMode.uasset" 3897
"../../Plugins/FX/Niagara/Content/Enums/ENiagaraChannelCorrelation.uasset" 3898
"../../Plugins/FX/Niagara/Content/Enums/ENiagaraCurlNoiseQuality.uasset" 3899
"../../Plugins/FX/Niagara/Content/Enums/ENiagaraEmitterLifeCycleMode.uasset" 3900
"../../Plugins/FX/Niagara/Content/Enums/ENiagaraEmitterScalabilityMode_Limited.uasset" 3901
"../../Plugins/FX/Niagara/Content/Enums/ENiagaraInactiveMode.uasset" 3902
"../../Plugins/FX/Niagara/Content/Enums/ENiagaraShapeTorusMode.uasset" 3903
"../../Plugins/FX/Niagara/Content/Enums/ENiagaraSphereDistributionMode.uasset" 3904
"../../Plugins/FX/Niagara/Content/Enums/ENiagaraTorusDistributionMode.uasset" 3905
"../../Plugins/FX/Niagara/Content/Enums/Location/ENiagara_BoxPlaneMode.uasset" 3906
"../../Plugins/FX/Niagara/Content/Enums/Location/ENiagara_ConeMode.uasset" 3907
"../../Plugins/FX/Niagara/Content/Enums/Location/ENiagara_CylinderMode.uasset" 3908
"../../Plugins/FX/Niagara/Content/Enums/Location/ENiagara_LocationShapes.uasset" 3909
"../../Plugins/FX/Niagara/Content/Enums/Location/ENiagaraRingDiscMode.uasset" 3910
"../../Plugins/FX/Niagara/Content/Enums/Ribbons/ENiagara_UnsetDirectSet.uasset" 3911
"../../Plugins/FX/Niagara/Content/Enums/Ribbons/ENiagara_UnsetDirectSetRandom.uasset" 3912
"../../Plugins/FX/Niagara/Content/Enums/Transforms/ENiagara_OffsetMode.uasset" 3913
"../../Plugins/FX/Niagara/Content/Enums/Transforms/ENiagara_RotationMode.uasset" 3914
"../../Plugins/FX/Niagara/Content/Enums/Transforms/ENiagara_ScaleMode.uasset" 3915
"../../Plugins/FX/Niagara/Content/Enums/Transforms/ENiagara_TransformOrder.uasset" 3916
"../../Plugins/FX/Niagara/Content/Enums/Transforms/ENiagara_TransformType.uasset" 3917
"../../Plugins/FX/Niagara/Content/Enums/Utility/ENiagara_DynamicMaterialParametersInputMode.uasset" 3918
"../../Plugins/FX/Niagara/Content/Functions/V2/CalculateRandomRangeFloat.uasset" 3919
"../../Plugins/FX/Niagara/Content/Functions/Emitter/EmitterChangeState.uasset" 3920
"../../Plugins/FX/Niagara/Content/Icons/Modules/T_Icon_Scalability_Emitter.uasset" 3921
"../../Plugins/FX/Niagara/Content/Icons/Modules/T_Icon_Scalability_System.uasset" 3922
"../../Plugins/FX/Niagara/Content/Functions/RandomRangeFloat.uasset" 3923
"../../Plugins/FX/Niagara/Content/Functions/Drag/DragVelocity.uasset" 3924
"../../Plugins/FX/Niagara/Content/Functions/Math/CentimeterMeterConversion.uasset" 3925
"../../Plugins/FX/Niagara/Content/Modules/Solvers/ApplyRotationVector.uasset" 3926
"../../Plugins/FX/Niagara/Content/Icons/Modules/T_Icon_Solver_LimitAccel.uasset" 3927
"../../Plugins/FX/Niagara/Content/Icons/Modules/T_Icon_Solver_LimitSpeed.uasset" 3928
"../../Plugins/FX/Niagara/Content/Icons/Modules/T_Icon_Solver_RotationalSolve.uasset" 3929
"../../Plugins/FX/Niagara/Content/Functions/LinearColor/HueShiftLinearColor.uasset" 3930
"../../Plugins/FX/Niagara/Content/Functions/Localspace/SimulationPosition.uasset" 3931
"../../Plugins/FX/Niagara/Content/Functions/V2/CalculateRandomBool.uasset" 3932
"../../Plugins/FX/Niagara/Content/Functions/V2/CalculateRandomRangeInteger.uasset" 3933
"../../Plugins/FX/Niagara/Content/Functions/Math/CalculateRandomPointInConeSphereIntersection.uasset" 3934
"../../Plugins/FX/Niagara/Content/Functions/Math/SaturateFloat.uasset" 3935
"../../Plugins/FX/Niagara/Content/Functions/NormalizedExecutionIndex.uasset" 3936
"../../Plugins/FX/Niagara/Content/Functions/ParametricTorus.uasset" 3937
"../../Plugins/FX/Niagara/Content/Functions/ParametricTorusKnot.uasset" 3938
"../../Plugins/FX/Niagara/Content/Functions/PolarToCartesianCoordinates.uasset" 3939
"../../Plugins/FX/Niagara/Content/Functions/RandomPointInBox.uasset" 3940
"../../Plugins/FX/Niagara/Content/Functions/Rotation/AngleUnitConverter.uasset" 3941
"../../Plugins/FX/Niagara/Content/Functions/Rotation/RotateVector2D.uasset" 3942
"../../Plugins/FX/Niagara/Content/Functions/Rotation/TransformStack/TransformStack_Rotation.uasset" 3943
"../../Plugins/FX/Niagara/Content/Functions/SphericalToCartesianCoordinates.uasset" 3944
"../../Plugins/FX/Niagara/Content/Functions/V2/RemapRange.uasset" 3945
"../../Plugins/FX/Niagara/Content/Enums/ENiagaraExpansionMode.uasset" 3946
"../../Plugins/FX/Niagara/Content/Functions/Localspace/PositionToVector.uasset" 3947
"../../Plugins/FX/Niagara/Content/Functions/V2/ConeMask.uasset" 3948
"../../Plugins/FX/Niagara/Content/VectorFields/Assets/TilingCurl16.uasset" 3949
"../../Plugins/FX/Niagara/Content/VectorFields/Assets/TilingCurl32.uasset" 3950
"../../Plugins/FX/Niagara/Content/VectorFields/Assets/TilingCurl64.uasset" 3951
"../../Plugins/FX/Niagara/Content/Icons/Modules/T_Icon_Particle_InfiniteLife.uasset" 3952
"../../Plugins/FX/Niagara/Content/Functions/GetRandomInfo.uasset" 3953
"../../Plugins/FX/Niagara/Content/Functions/Rotation/AxisAngleToQuaternion.uasset" 3954
"../../Plugins/FX/Niagara/Content/Functions/Rotation/MultiplyQuaternion.uasset" 3955
"../../Plugins/FX/Niagara/Content/Functions/Rotation/FindQuatBetween.uasset" 3956
"../../Plugins/FX/Niagara/Content/Functions/IsolateLongestVectorComponent.uasset" 3957
"../../Plugins/FX/Niagara/Content/Functions/Rotation/InvertQuaternion.uasset" 3958
"../../Plugins/FX/Niagara/Content/Functions/Rotation/MakeQuaternionFrom3BasisVectors.uasset" 3959
"../../Plugins/FX/Niagara/Content/Functions/Rotation/XYZRotationToQuaternion.uasset" 3960
"../../Plugins/FX/Niagara/Content/Functions/ChannelMasks/SelectV4Channel.uasset" 3961
"../../Plugins/FX/Niagara/Content/Enums/ENiagaraVector4_Channels.uasset" 3962
"../../Plugins/FX/Niagara/Content/Functions/FindAngleBetweenVectors.uasset" 3963
"../../Plugins/FX/Niagara/Content/Functions/Rotation/MatrixToQuaternion.uasset" 3964
"/Game/Characters/Mannequins/Meshes/SKM_Manny_Simple" 3965
"/Game/GUI/DashAnim/DashFS2" 3966
"/Game/GUI/DashAnim/DashFS3" 3967
"/Game/Assets/Props/Simple_Vacuum" 3968
"/Game/VFX/Vacuum/NS_Vacuum" 3969
"../../Plugins/FX/Niagara/Content/DefaultAssets/DefaultSpriteMaterial.uasset" 3970
"../../Plugins/FX/Niagara/Content/Modules/AttributeReader/SampleParticlesFromOtherEmitter.uasset" 3971
"../../Plugins/FX/Niagara/Content/Modules/AttributeReader/SpawnParticlesFromOtherEmitter.uasset" 3972
"../../Plugins/FX/Niagara/Content/Modules/System/SystemState.uasset" 3973
"../../Plugins/FX/Niagara/Content/Enums/ENiagara_DirectReadApplicationMode.uasset" 3974
"../../Plugins/FX/Niagara/Content/Enums/ENiagara_DirectReadParticleIDSampling.uasset" 3975
"../../Plugins/FX/Niagara/Content/Enums/ENiagara_DirectReadSamplingMode.uasset" 3976
"../../Plugins/FX/Niagara/Content/Enums/ENiagara_EmitterLocSamplingMode.uasset" 3977
"../../Plugins/FX/Niagara/Content/Enums/ENiagara_LifetimeInheritanceOptions.uasset" 3978
"../../Plugins/FX/Niagara/Content/Enums/ENiagaraSystemInactiveMode.uasset" 3979
"../../Plugins/FX/Niagara/Content/Functions/Localspace/TransformQuaternion.uasset" 3980
"../../Plugins/FX/Niagara/Content/Functions/RandomRangeInteger.uasset" 3981
"../../Plugins/FX/Niagara/Content/Functions/System/SystemChangeState.uasset" 3982
"../../Plugins/FX/Niagara/Content/Functions/Rotation/QuaternionToRotationMatrix.uasset" 3983
"/Game/Models/Material" 3984
"/Engine/MapTemplates/Materials/BasicAsset03" 3985
"/Game/Blueprints/BP_Sponge" 3986
"../../../../../../Tidy/TidyPrototype/Content/Blueprints/BP_Spill2.uasset" 3987
"../../../../../../Tidy/TidyPrototype/Content/FirstPerson/Blueprints/BPI_Grab.uasset" 3988
"../../../../../../Tidy/TidyPrototype/Content/Materials/M_Stain.uasset" 3989
"../../../Engine/Content/EditorResources/BadHighlight.uasset" 3990
"C:/Tidy/TidyPrototype/Content/Materials/BedroomTextureSheets/UV_Texture_Square2_standardSurface1_OcclusionRoughnessMetallic.uasset" 3991
"C:/Tidy/TidyPrototype/Content/Blueprints/BP_Mop.uasset" 3992
"C:/Tidy/TidyPrototype/Content/FirstPerson/_GENERATED/thoma/MopMesh.uasset" 3993
"C:/Tidy/TidyPrototype/Content/Blueprints/Drawers/BP_Drawer.uasset" 3994
"C:/Tidy/TidyPrototype/Content/FirstPerson/_GENERATED/thoma/ScoopMesh.uasset" 3995
"../../../Engine/Content/TemplateResources/M_Template_Master.uasset" 3996
"C:/Tidy/TidyPrototype/Content/Materials/BedroomTextureSheets/UV_Texture_Square2_standardSurface1_Emissive.uasset" 3997
"../../../Engine/Content/TemplateResources/MI_Template_BaseBlue.uasset" 3998
"C:/Tidy/TidyPrototype/Content/Materials/BedroomTextureSheets/UV_Texture_Square2_standardSurface1_BaseColor.uasset" 3999
"C:/Tidy/TidyPrototype/Content/Blueprints/BP_CupboardDoor.uasset" 4000
"C:/Tidy/TidyPrototype/Content/Materials/BedroomTextureSheets/M_Bedroom.uasset" 4001
"C:/Tidy/TidyPrototype/Content/GUI/UI/Hand_Ui.uasset" 4002
"C:/Tidy/TidyPrototype/Content/Assets/Kitchen/Kitchen_WallCupbaord_Door.uasset" 4003
"../../../Engine/Content/Functions/Engine_MaterialFunctions02/ExampleContent/Textures/LowResBlurredNoise.uasset" 4004
"/Game/Models/beverage_can_medium" 4005
"C:/Tidy/TidyPrototype/Content/GUI/WBP_InteractUI.uasset" 4006
"C:/Tidy/TidyPrototype/Content/Blueprints/BP_Scoop.uasset" 4007
"C:/Tidy/TidyPrototype/Content/VFX/Water/T_Noise_Blur.uasset" 4008
"C:/Tidy/TidyPrototype/Content/Blueprints/BP_Spill.uasset" 4009
"../../../Engine/Content/Functions/Engine_MaterialFunctions02/Texturing/FlowMaps_Simple.uasset" 4010
"../../../Engine/Content/Functions/Engine_MaterialFunctions01/Texturing/WorldAlignedTexture.uasset" 4011
"../../../Engine/Content/Functions/Engine_MaterialFunctions02/Math/MakeVectorsOrthogonal.uasset" 4012
"../../../Engine/Content/Functions/Engine_MaterialFunctions02/Math/AddComponents.uasset" 4013
"../../../Engine/Content/Functions/Engine_MaterialFunctions01/ImageAdjustment/CheapContrast.uasset" 4014
"../../../Engine/Content/Functions/Engine_MaterialFunctions02/Utility/BlendAngleCorrectedNormals.uasset" 4015
"../../../Engine/Content/Functions/Engine_MaterialFunctions02/Utility/LinearSine.uasset" 4016
"C:/Tidy/TidyPrototype/Content/VFX/Water/T_Water.uasset" 4017
"../../../Engine/Content/Functions/Engine_MaterialFunctions01/Gradient/LinearGradient.uasset" 4018
"C:/Tidy/TidyPrototype/Content/Blueprints/BP_BathWater2.uasset" 4019
"C:/Tidy/TidyPrototype/Content/Levels/_GENERATED/thoma/Rectangle_DAD4E86F.uasset" 4020
"C:/Tidy/TidyPrototype/Content/VFX/Water/M_Water.uasset" 4021
"C:/Tidy/TidyPrototype/Content/Assets/Living_Room/Chest_of_Drawers_Draw__NEW.uasset" 4022
"C:/Tidy/TidyPrototype/Content/Assets/Living_Room/2/Chinese_CabinetGlassDoor_2.uasset" 4023
"/Game/Blueprints/BP_BathWater2" 4024
"/Game/GUI/WBP_InteractUI" 4025
"/Game/Blueprints/BP_CupboardDoor" 4026
"/Game/Blueprints/Drawers/BP_Drawer" 4027
"../../../../../../Tidy/TidyPrototype/Content/Blueprints/BP_GrabbableObject.uasset" 4028
"../../../../../../Tidy/TidyPrototype/Content/Blueprints/BP_HideCollider.uasset" 4029
"../../../../../../Tidy/TidyPrototype/Content/FirstPerson/Blueprints/BP_FirstPersonGameMode.uasset" 4030
"../../../../../../Tidy/TidyPrototype/Content/Materials/M_Hover_Aura.uasset" 4031
"../../../../../../Tidy/TidyPrototype/Content/Blueprints/BP_BinLiid.uasset" 4032
"../../../../../../Tidy/TidyPrototype/Content/Blueprints/BPI_GrabbableObject.uasset" 4033
"../../../../../../Tidy/TidyPrototype/Content/Materials/M_MessAura2.uasset" 4034
"../../../../../../Tidy/TidyPrototype/Content/VFX/Material/Impact/NS_Impact.uasset" 4035
"../../../../../../Tidy/TidyPrototype/Content/VFX/Throw/NS_Throw.uasset" 4036
"../../../../../../Tidy/TidyPrototype/Content/Audio/14000__adcbicycle__48.uasset" 4037
"../../../../../../Tidy/TidyPrototype/Content/Audio/NewSoundAttenuation.uasset" 4038
"../../../../../../Tidy/TidyPrototype/Content/Audio/SW_Whoosh.uasset" 4039
"../../../../../../Tidy/TidyPrototype/Content/Materials/GrabbableObjectPhysics.uasset" 4040
"../../../../../../Tidy/TidyPrototype/Content/Blueprints/BP_BookDetector.uasset" 4041
"../../../../../../Tidy/TidyPrototype/Content/Blueprints/BP_GameInstance.uasset" 4042
"../../../../../../Tidy/TidyPrototype/Content/Blueprints/BP_HangDetector.uasset" 4043
"../../../../../../Tidy/TidyPrototype/Content/Blueprints/BP_PlasticBag.uasset" 4044
"../../../../../../Tidy/TidyPrototype/Content/Blueprints/DoorOpen.uasset" 4045
"../../../../../../Tidy/TidyPrototype/Content/GUI/Intro/TidyFont2_Font.uasset" 4046
"../../../../../../Tidy/TidyPrototype/Content/Materials/M_FullAura.uasset" 4047
"../../../../../../Tidy/TidyPrototype/Content/Materials/MI_Hide_Inidicator_Pink.uasset" 4048
"../../../../../../Tidy/TidyPrototype/Content/VFX/Confetti/NS_ConfettiBurst.uasset" 4049
"../../../../../../Tidy/TidyPrototype/Content/Audio/Ding.uasset" 4050
"../../../../../../Tidy/TidyPrototype/Content/GUI/WBP_HUD.uasset" 4051
"../../../../../../Tidy/TidyPrototype/Content/FirstPerson/Blueprints/BP_FirstPersonCharacter.uasset" 4052
"../../../Engine/Content/Functions/Engine_MaterialFunctions02/Utility/Sine_Remapped.uasset" 4053
"../../../../../../Tidy/TidyPrototype/Content/Materials/M_LivingRoom_TrimSheets.uasset" 4054
"../../../../../../Tidy/TidyPrototype/Content/Levels/_GENERATED/thoma/BinLid.uasset" 4055
"../../../../../../Tidy/TidyPrototype/Content/VFX/Material/Impact/M_Impact_VFX.uasset" 4056
"../../../../../../Tidy/TidyPrototype/Content/VFX/Material/Impact/NE_Impact.uasset" 4057
"../../Plugins/FX/Niagara/Content/DynamicInputs/ValueFromCurve/ColorFromCurve.uasset" 4058
"../../Plugins/FX/Niagara/Content/Modules/Collision/Collision.uasset" 4059
"../../Plugins/FX/Niagara/Content/Modules/Emitter/SpawnBurst_Instantaneous.uasset" 4060
"../../Plugins/FX/Niagara/Content/Modules/Spawn/Velocity/AddVelocity.uasset" 4061
"../../Plugins/FX/Niagara/Content/Modules/Update/Color/Color.uasset" 4062
"../../Plugins/FX/Niagara/Content/Modules/Update/Orientation/SpriteRotationRate.uasset" 4063
"../../Plugins/FX/Niagara/Content/Modules/Update/Size/ScaleSpriteSize.uasset" 4064
"../../Plugins/FX/Niagara/Content/Enums/Collision/SceneDepthCollisionQueryMethod.uasset" 4065
"../../Plugins/FX/Niagara/Content/Enums/ENiagara_CPUCollisionType.uasset" 4066
"../../Plugins/FX/Niagara/Content/Enums/ENiagara_GPUCollisionType.uasset" 4067
"../../Plugins/FX/Niagara/Content/Enums/ENiagaraCalculateRadiusOptions.uasset" 4068
"../../Plugins/FX/Niagara/Content/Enums/ENiagaraCollisionRadiusOptions.uasset" 4069
"../../Plugins/FX/Niagara/Content/Enums/ENiagaraFrictionMergeType.uasset" 4070
"../../Plugins/FX/Niagara/Content/Enums/ENiagaraRestitutionMergeType.uasset" 4071
"../../Plugins/FX/Niagara/Content/Enums/SpriteRenderer/ENiagara_ScaleSpriteSize.uasset" 4072
"../../Plugins/FX/Niagara/Content/Enums/Utility/ENiagara_VelocityMode.uasset" 4073
"../../../../../../Tidy/TidyPrototype/Content/VFX/Throw/M_DashThrow.uasset" 4074
"../../../Engine/Content/EngineSounds/SFX.uasset" 4075
"../../../../../../Tidy/TidyPrototype/Content/Audio/SFX.uasset" 4076
"../../../Engine/Content/EngineSounds/Music.uasset" 4077
"../../../../../../Tidy/TidyPrototype/Content/Audio/SoundClassMix.uasset" 4078
"../../../../../../Tidy/TidyPrototype/Content/FirstPerson/_GENERATED/thoma/BinBagMesh.uasset" 4079
"../../../../../../Tidy/TidyPrototype/Content/GUI/Intro/TidyFont2.uasset" 4080
"../../../../../../Tidy/TidyPrototype/Content/Materials/M_Hide_Indicator.uasset" 4081
"../../../../../../Tidy/TidyPrototype/Content/VFX/Confetti/MI_ConfettiBurst.uasset" 4082
"../../../../../../Tidy/TidyPrototype/Content/VFX/Confetti/MI_Streamers.uasset" 4083
"../../../../../../Tidy/TidyPrototype/Content/VFX/Confetti/MI_StreamersRed.uasset" 4084
"../../../../../../Tidy/TidyPrototype/Content/VFX/Confetti/NE_ConfettiBurst.uasset" 4085
"../../Plugins/FX/Niagara/Content/Modules/Update/Forces/Drag.uasset" 4086
"../../Plugins/FX/Niagara/Content/Modules/Update/Forces/GravityForce.uasset" 4087
"../../../../../../Tidy/TidyPrototype/Content/UMG_DataTable.uasset" 4088
"../../../../../../Tidy/TidyPrototype/Content/UMG_Tutorial.uasset" 4089
"../../../../../../Tidy/TidyPrototype/Content/GUI/Myfont-Regular_Font.uasset" 4090
"../../../../../../Tidy/TidyPrototype/Content/GUI/Tidyfont-Regular__1__Font.uasset" 4091
"../../../../../../Tidy/TidyPrototype/Content/GUI/Tidyfont-Regular_Font.uasset" 4092
"../../../../../../Tidy/TidyPrototype/Content/GUI/MenuButtons/M_MenuButtonClicked.uasset" 4093
"../../../../../../Tidy/TidyPrototype/Content/GUI/MenuButtons/M_MenuButtonHover.uasset" 4094
"../../../../../../Tidy/TidyPrototype/Content/GUI/MenuButtons/M_MenuButtonNormal.uasset" 4095
"../../../../../../Tidy/TidyPrototype/Content/GUI/Dash/T_UI_Dash.uasset" 4096
"../../../../../../Tidy/TidyPrototype/Content/GUI/DashAnim/DashFS1.uasset" 4097
"../../../../../../Tidy/TidyPrototype/Content/GUI/UI/T_ClockHandUI.uasset" 4098
"../../../../../../Tidy/TidyPrototype/Content/GUI/UI/T_ClockUI.uasset" 4099
"../../../../../../Tidy/TidyPrototype/Content/GUI/VacuumBattery/Battery.uasset" 4100
"../../../../../../Tidy/TidyPrototype/Content/GUI/VacuumBattery/BatteryCharge1.uasset" 4101
"../../../../../../Tidy/TidyPrototype/Content/Blueprints/BI_ObjectInteract.uasset" 4102
"../../../../../../Tidy/TidyPrototype/Content/Blueprints/BP_BathTap.uasset" 4103
"../../../../../../Tidy/TidyPrototype/Content/Audio/SW_BOOP.uasset" 4104
"../../../../../../Tidy/TidyPrototype/Content/Audio/Vacuum_Cleaner_Loop_02.uasset" 4105
"../../../../../../Tidy/TidyPrototype/Content/Audio/Vacuum_Cleaner_On.uasset" 4106
"../../../../../../Tidy/TidyPrototype/Content/Audio/Vacuum_Off.uasset" 4107
"../../../../../../Tidy/TidyPrototype/Content/Materials/LivingRoom_TextureSheets/UV_Texture_Square_standardSurface1_BaseColor.uasset" 4108
"../../../../../../Tidy/TidyPrototype/Content/Materials/LivingRoom_TextureSheets/UV_Texture_Square_standardSurface1_OcclusionRoughnessMetallic.uasset" 4109
"../../Plugins/FX/Niagara/Content/Functions/CalculateMeshRadius.uasset" 4110
"../../Plugins/FX/Niagara/Content/Functions/CalculateRadiusFromSpriteSize.uasset" 4111
"../../Plugins/FX/Niagara/Content/Functions/Helpers/DoOnce_fn.uasset" 4112
"../../Plugins/FX/Niagara/Content/Functions/ProjectVectorOnPlane.uasset" 4113
"../../Plugins/FX/Niagara/Content/Modules/Collision/CollisionQueryAndResponse.uasset" 4114
"../../Plugins/FX/Niagara/Content/Functions/V2/CalculateRandomUnitVector.uasset" 4115
"../../Plugins/FX/Niagara/Content/Functions/V2/DistanceBasedFalloff.uasset" 4116
"../../../../../../Tidy/TidyPrototype/Content/VFX/Confetti/M_Streamers.uasset" 4117
"../../../Engine/Content/EngineSounds/Master.uasset" 4118
"../../../Engine/Content/EngineSounds/Normal_Attack.uasset" 4119
"../../../Engine/Content/EngineSounds/Special_Attack_PSM.uasset" 4120
"../../../../../../Tidy/TidyPrototype/Content/Audio/SoundClass.uasset" 4121
"../../../../../../Tidy/TidyPrototype/Content/VFX/Confetti/M_ConfettiBurst.uasset" 4122
"../../../../../../Tidy/TidyPrototype/Content/GUI/Myfont-Regular.uasset" 4123
"../../../../../../Tidy/TidyPrototype/Content/GUI/Tidyfont-Regular__1_.uasset" 4124
"../../../../../../Tidy/TidyPrototype/Content/GUI/Tidyfont-Regular.uasset" 4125
"../../../../../../Tidy/TidyPrototype/Content/GUI/MenuButtons/M_MenuButton.uasset" 4126
"../../../../../../Tidy/TidyPrototype/Content/GUI/MenuButtons/Clicked_PNGStack.uasset" 4127
"../../../../../../Tidy/TidyPrototype/Content/GUI/MenuButtons/Hover_PNGStack.uasset" 4128
"../../../../../../Tidy/TidyPrototype/Content/GUI/MenuButtons/Normal_PNGStack.uasset" 4129
"../../../../../../Tidy/TidyPrototype/Content/Blueprints/Doors/ChineseCabinetDoors/BP_ChineseCabinetDoorLeft.uasset" 4130
"../../Plugins/FX/Niagara/Content/Functions/Collision/PlaneSphereCollisionDetection.uasset" 4131
"../../Plugins/FX/Niagara/Content/Functions/Collision/RandomizeCollisionNormals.uasset" 4132
"../../Plugins/FX/Niagara/Content/Functions/ReflectVector.uasset" 4133
"../../Plugins/FX/Niagara/Content/Functions/Textures/CalculateA_VolumeTexturesDistanceFieldGradient.uasset" 4134
"../../Plugins/FX/Niagara/Content/Modules/Collision/NiagaraDistanceFieldCollisions.uasset" 4135
"../../Plugins/FX/Niagara/Content/Modules/Collision/SceneDepthTest.uasset" 4136
"../../Plugins/FX/Niagara/Content/Enums/ENiagara_Float4Channel.uasset" 4137
"../../Plugins/FX/Niagara/Content/Functions/NormalizeDistanceRange.uasset" 4138
"../../../Engine/Content/EngineSounds/Duck_Normal_Attack_MixMod.uasset" 4139
"../../../../../../Tidy/TidyPrototype/Content/Materials/MI_HideFull.uasset" 4140
"../../../../../../Tidy/TidyPrototype/Content/Assets/Living_Room/2/Chinese_CabinetGlassDoor_2.uasset" 4141
"../../../../../../Tidy/TidyPrototype/Content/Materials/MI_ObjectAura.uasset" 4142
"C:/Tidy/TidyPrototype/Content/Blueprints/BP_MusicManager.uasset" 4143
"C:/Tidy/TidyPrototype/Content/Assets/Kitchen/lambert5_Metallic.uasset" 4144
"C:/Tidy/TidyPrototype/Content/Levels/Prototype1.umap" 4145
"C:/Tidy/TidyPrototype/Content/Assets/Kitchen/Kitchen_Draws_Draws.uasset" 4146
"C:/Tidy/TidyPrototype/Content/__ExternalActors__/Levels/Prototype1/8/NB/PFKXUIP1HHM5R9BQYLWBMF.uasset" 4147
"C:/Tidy/TidyPrototype/Content/Blueprints/GM_Menu.uasset" 4148
"C:/Tidy/TidyPrototype/Content/Assets/Kitchen/lambert5_Roughness.uasset" 4149
"C:/Tidy/TidyPrototype/Content/Assets/Kitchen/lambert5_Base_color.uasset" 4150
"C:/Tidy/TidyPrototype/Content/GUI/WBP_Menu.uasset" 4151
"C:/Tidy/TidyPrototype/Content/Assets/Kitchen/lambert5_Opacity.uasset" 4152
"C:/Tidy/TidyPrototype/Content/Levels/Menu.umap" 4153
"C:/Tidy/TidyPrototype/Content/Audio/Main_Menu_Full_OST.uasset" 4154
"../../../Engine/Plugins/Interchange/Assets/Content/gltf/MaterialFunctions/MF_RotateV2.uasset" 4155
"C:/Tidy/TidyPrototype/Content/Assets/Kitchen/M_Kitchen.uasset" 4156
"../../../Engine/Plugins/Interchange/Assets/Content/gltf/Textures/T_Anisotropy_Direction_Linear.uasset" 4157
"C:/Tidy/TidyPrototype/Content/Levels/Prototype1_BuiltData.uasset" 4158
"C:/Tidy/TidyPrototype/Content/Blueprints/BP_TutorialTrigger.uasset" 4159
"../../../Engine/Plugins/Interchange/Assets/Content/gltf/MaterialFunctions/MF_TransformUVs.uasset" 4160
"../../../Engine/Plugins/Interchange/Assets/Content/gltf/MaterialFunctions/MF_SpecularAnisotropy.uasset" 4161
"C:/Tidy/TidyPrototype/Content/Blueprints/Drawers/BP_KitchenDrawer2.uasset" 4162
"../../../Engine/Plugins/Interchange/Assets/Content/gltf/MaterialFunctions/MF_Occlusion.uasset" 4163
"../../../Engine/Plugins/Interchange/Assets/Content/gltf/MaterialFunctions/MF_Specular.uasset" 4164
"../../../Engine/Plugins/Interchange/Assets/Content/gltf/MaterialFunctions/MF_ScaleNormal.uasset" 4165
"../../../Engine/Plugins/Interchange/Assets/Content/gltf/MaterialFunctions/MF_Normals.uasset" 4166
"../../../Engine/Plugins/Interchange/Assets/Content/gltf/MaterialFunctions/MF_MetallicRoughness.uasset" 4167
"../../../Engine/Plugins/Interchange/Assets/Content/Functions/MF_IridescenceNoLUT.uasset" 4168
"../../../Engine/Plugins/Interchange/Assets/Content/gltf/MaterialFunctions/MF_Iridescence.uasset" 4169
"../../../Engine/Plugins/Interchange/Assets/Content/gltf/MaterialFunctions/MF_IOR.uasset" 4170
"../../../Engine/Plugins/Interchange/Assets/Content/gltf/MaterialFunctions/MF_Emissive.uasset" 4171
"../../../Engine/Plugins/Interchange/Assets/Content/gltf/Textures/T_White_Linear.uasset" 4172
"../../../Engine/Plugins/Interchange/Assets/Content/gltf/Textures/T_Generic_N.uasset" 4173
"/Game/Blueprints/BP_MusicManager" 4174
"/Game/__ExternalActors__/Levels/Prototype1/8/NB/PFKXUIP1HHM5R9BQYLWBMF" 4175
"/Game/Assets/Kitchen/Kitchen_Draws_Draws" 4176
"/Game/Assets/Kitchen/lambert5_Roughness" 4177
"/Game/Assets/Kitchen/lambert5_Opacity" 4178
"/Game/Assets/Kitchen/lambert5_Metallic" 4179
"/Game/Assets/Kitchen/lambert5_Base_color" 4180
"/Game/Assets/Kitchen/M_Kitchen" 4181
"/Game/Blueprints/Drawers/BP_KitchenDrawer2" 4182
"/Game/Blueprints/BP_TutorialTrigger" 4183
"../../../Engine/Plugins/Interchange/Assets/Content/Utilities/New_LUT.uasset" 4184
"../../../Engine/Content/Functions/Engine_MaterialFunctions03/Math/RemapValueRange.uasset" 4185
"../../../Engine/Content/Functions/Engine_MaterialFunctions01/Texturing/FlattenNormal.uasset" 4186
"../../../Engine/Plugins/Interchange/Assets/Content/gltf/MaterialBodies/MF_ClearCoat_Body.uasset" 4187
"../../../Engine/Plugins/Interchange/Assets/Content/gltf/MaterialInstances/MI_ClearCoat_Opaque.uasset" 4188
"../../../Engine/Plugins/Interchange/Assets/Content/gltf/MaterialFunctions/MF_RotateNormals_TS.uasset" 4189
"../../../Engine/Plugins/Interchange/Assets/Content/Functions/MF_Iridescence.uasset" 4190
"../../../Engine/Plugins/Interchange/Assets/Content/gltf/MaterialFunctions/MF_Clearcoat.uasset" 4191
"../../../Engine/Plugins/Interchange/Assets/Content/gltf/MaterialInstances/MI_ClearCoat_Mask.uasset" 4192
"../../../Engine/Plugins/Interchange/Assets/Content/gltf/Textures/T_White_srgb.uasset" 4193
"../../../Engine/Plugins/Interchange/Assets/Content/gltf/MaterialFunctions/MF_BaseColor.uasset" 4194
"../../../Engine/Plugins/Interchange/Assets/Content/gltf/MaterialInstances/MI_ClearCoat_Blend.uasset" 4195
"../../../Engine/Plugins/Interchange/Assets/Content/gltf/M_ClearCoat.uasset" 4196
"/Game/GUI/WBP_Menu" 4197
"/Game/Blueprints/GM_Menu" 4198
"/Game/Audio/Main_Menu_Full_OST" 4199
"/Game/Levels/Menu" 4200
"../../../../../../Tidy/TidyPrototype/Content/Levels/Menu.umap" 4201
"/InterchangeAssets/gltf/MaterialFunctions/MF_RotateV2" 4202
"/InterchangeAssets/gltf/MaterialFunctions/MF_TransformUVs" 4203
"/InterchangeAssets/gltf/Textures/T_Anisotropy_Direction_Linear" 4204
"/InterchangeAssets/gltf/MaterialFunctions/MF_SpecularAnisotropy" 4205
"/InterchangeAssets/gltf/MaterialFunctions/MF_Occlusion" 4206
"/InterchangeAssets/gltf/MaterialFunctions/MF_ScaleNormal" 4207
"/InterchangeAssets/gltf/MaterialFunctions/MF_MetallicRoughness" 4208
"/InterchangeAssets/Functions/MF_IridescenceNoLUT" 4209
"/InterchangeAssets/gltf/MaterialFunctions/MF_IOR" 4210
"/InterchangeAssets/gltf/Textures/T_Generic_N" 4211
"../../../Engine/Plugins/Interchange/Assets/Content/gltf/M_Default.uasset" 4212
"../../../Engine/Plugins/Interchange/Assets/Content/gltf/MaterialInstances/MI_Default_Blend.uasset" 4213
"../../../Engine/Plugins/Interchange/Assets/Content/gltf/MaterialBodies/MF_Default_Body.uasset" 4214
"../../../Engine/Plugins/Interchange/Assets/Content/gltf/M_Sheen.uasset" 4215
"/InterchangeAssets/gltf/MaterialInstances/MI_ClearCoat_Blend" 4216
"../../../Engine/Plugins/Interchange/Assets/Content/gltf/MaterialFunctions/MF_Sheen.uasset" 4217
"../../../Engine/Plugins/Interchange/Assets/Content/gltf/MaterialInstances/MI_Default_Mask.uasset" 4218
"../../../Engine/Plugins/Interchange/Assets/Content/gltf/MaterialBodies/MF_Sheen_Body.uasset" 4219
"../../../Engine/Plugins/Interchange/Assets/Content/gltf/MaterialInstances/MI_Default_Blend_DS.uasset" 4220
"../../../Engine/Plugins/Interchange/Assets/Content/gltf/MaterialInstances/MI_Default_Opaque_DS.uasset" 4221
"../../../Engine/Plugins/Interchange/Assets/Content/gltf/MaterialInstances/MI_Default_Opaque.uasset" 4222
"../../../Engine/Plugins/Interchange/Assets/Content/gltf/MaterialInstances/MI_Default_Mask_DS.uasset" 4223
"../../../Engine/Plugins/Interchange/Assets/Content/gltf/MaterialInstances/MI_ClearCoat_Mask_DS.uasset" 4224
"../../../Engine/Plugins/Interchange/Assets/Content/gltf/MaterialInstances/MI_ClearCoat_Blend_DS.uasset" 4225
"../../../Engine/Plugins/Interchange/Assets/Content/gltf/MaterialInstances/MI_ClearCoat_Opaque_DS.uasset" 4226
"../../../Engine/Plugins/Interchange/Assets/Content/gltf/MaterialInstances/MI_Sheen_Opaque.uasset" 4227
"/InterchangeAssets/gltf/MaterialInstances/MI_ClearCoat_Mask" 4228
"/InterchangeAssets/gltf/MaterialInstances/MI_ClearCoat_Opaque" 4229
"../../../Engine/Plugins/Interchange/Assets/Content/gltf/MaterialBodies/MF_Transmission_Body.uasset" 4230
"../../../Engine/Plugins/Interchange/Assets/Content/gltf/MaterialInstances/MI_Sheen_Blend_DS.uasset" 4231
"../../../Engine/Plugins/Interchange/Assets/Content/gltf/MaterialInstances/MI_Sheen_Opaque_DS.uasset" 4232
"../../../Engine/Plugins/Interchange/Assets/Content/gltf/MaterialFunctions/MF_Fresnel_DS.uasset" 4233
"../../../Engine/Plugins/Interchange/Assets/Content/gltf/M_Transmission.uasset" 4234
"../../../Engine/Plugins/Interchange/Assets/Content/gltf/MaterialInstances/MI_Transmission.uasset" 4235
"../../../Engine/Plugins/Interchange/Assets/Content/gltf/MaterialInstances/MI_Transmission_DS.uasset" 4236
"../../../Engine/Plugins/Interchange/Assets/Content/gltf/MaterialInstances/MI_Sheen_Blend.uasset" 4237
"../../../Engine/Plugins/Interchange/Assets/Content/gltf/MaterialInstances/MI_Sheen_Mask.uasset" 4238
"../../../Engine/Plugins/Interchange/Assets/Content/gltf/MaterialFunctions/MF_Temporal_Blur.uasset" 4239
"../../../Engine/Plugins/Interchange/Assets/Content/gltf/MaterialFunctions/MF_Transmission.uasset" 4240
"/InterchangeAssets/gltf/MaterialInstances/MI_Sheen_Opaque" 4241
"../../../Engine/Plugins/Interchange/Assets/Content/gltf/MaterialInstances/MI_Sheen_Mask_DS.uasset" 4242
"../../../Engine/Content/Functions/Engine_MaterialFunctions02/Texturing/ScreenAlignedPixelToPixelUVs.uasset" 4243
"/InterchangeAssets/gltf/MaterialInstances/MI_Default_Blend_DS" 4244
"/InterchangeAssets/gltf/MaterialInstances/MI_Default_Mask_DS" 4245
"/InterchangeAssets/gltf/MaterialInstances/MI_Default_Opaque_DS" 4246
"/InterchangeAssets/gltf/MaterialInstances/MI_Default_Blend" 4247
"/InterchangeAssets/gltf/MaterialInstances/MI_Default_Mask" 4248
"/InterchangeAssets/gltf/MaterialInstances/MI_Default_Opaque" 4249
"/InterchangeAssets/gltf/MaterialInstances/MI_ClearCoat_Blend_DS" 4250
"/InterchangeAssets/gltf/MaterialInstances/MI_ClearCoat_Mask_DS" 4251
"/InterchangeAssets/gltf/MaterialInstances/MI_ClearCoat_Opaque_DS" 4252
"../../../Engine/Plugins/Interchange/Assets/Content/gltf/MaterialFunctions/MF_SpecGlossToMetalRoughness.uasset" 4253
"../../../Engine/Plugins/Interchange/Assets/Content/gltf/MaterialFunctions/MF_DiffuseSpecGloss.uasset" 4254
"../../../Engine/Plugins/Interchange/Assets/Content/gltf/MaterialFunctions/MF_PerceivedBrightness.uasset" 4255
"../../../Engine/Plugins/Interchange/Assets/Content/gltf/MaterialInstances/MI_SpecularGlossiness_Opaque.uasset" 4256
"../../../Engine/Plugins/Interchange/Assets/Content/gltf/M_Unlit.uasset" 4257
"../../../Engine/Plugins/Interchange/Assets/Content/gltf/MaterialInstances/MI_SpecularGlossiness_Blend.uasset" 4258
"../../../Engine/Plugins/Interchange/Assets/Content/gltf/MaterialBodies/MF_Unlit_Body.uasset" 4259
"../../../Engine/Plugins/Interchange/Assets/Content/gltf/MaterialFunctions/MF_MaxComponentValue.uasset" 4260
"../../../Engine/Plugins/Interchange/Assets/Content/gltf/M_SpecularGlossiness.uasset" 4261
"../../../Engine/Plugins/Interchange/Assets/Content/gltf/MaterialInstances/MI_SpecularGlossiness_Opaque_DS.uasset" 4262
"../../../Engine/Plugins/Interchange/Assets/Content/gltf/MaterialBodies/MF_SpecularGlossiness_Body.uasset" 4263
"../../../Engine/Plugins/Interchange/Assets/Content/gltf/MaterialInstances/MI_SpecularGlossiness_Mask_DS.uasset" 4264
"../../../Engine/Plugins/Interchange/Assets/Content/gltf/MaterialInstances/MI_SpecularGlossiness_Blend_DS.uasset" 4265
"../../../Engine/Plugins/Interchange/Assets/Content/gltf/MaterialInstances/MI_SpecularGlossiness_Mask.uasset" 4266
"../../../Engine/Plugins/Interchange/Assets/Content/gltf/MaterialInstances/MI_Unlit_Opaque.uasset" 4267
"../../../Engine/Plugins/Interchange/Assets/Content/gltf/MaterialInstances/MI_Unlit_Mask.uasset" 4268
"../../../Engine/Plugins/Interchange/Assets/Content/gltf/MaterialInstances/MI_Unlit_Blend.uasset" 4269
"../../../Engine/Plugins/Interchange/Assets/Content/gltf/MaterialInstances/MI_Unlit_Opaque_DS.uasset" 4270
"../../../Engine/Plugins/Interchange/Assets/Content/gltf/MaterialInstances/MI_Unlit_Mask_DS.uasset" 4271
"../../../Engine/Plugins/Interchange/Assets/Shaders/ThinFilmFunctions.usf" 4272
"/Engine/EditorResources/EmptyActor" 4273
"../../../Engine/Content/EditorResources/EmptyActor.uasset" 4274
"/Engine/EditorResources/AudioIcons/S_AudioComponent_AutoActivate" 4275
"../../../Engine/Content/EditorResources/AudioIcons/S_AudioComponent_AutoActivate.uasset" 4276
"/Game/__ExternalActors__/Levels/Prototype1/0/0E/WEFI6RN4UBA65FPM6IGB30" 4277
"../../../../../../Tidy/TidyPrototype/Content/__ExternalActors__/Levels/Prototype1/0/0E/WEFI6RN4UBA65FPM6IGB30.uasset" 4278
"../../../../../../Tidy/TidyPrototype/Content/Assets/MiscHouse/M_ModularDinningRoom+twoPics.uasset" 4279
"../../../../../../Tidy/TidyPrototype/Content/Assets/MiscHouse/DinningRoom_Table_Chairs.uasset" 4280
"../../../Engine/Content/Functions/Engine_MaterialFunctions03/Blends/Blend_Overlay.uasset" 4281
"../../../Engine/Content/EngineMaterials/BlendFunc_DefBase.uasset" 4282
"../../../Engine/Content/EngineMaterials/BlendFunc_DefBlend.uasset" 4283
"../../../../../../Tidy/TidyPrototype/Content/Assets/MiscHouse/standardSurface2SG_Base_color.uasset" 4284
"../../../../../../Tidy/TidyPrototype/Content/Assets/MiscHouse/standardSurface2SG_Metallic.uasset" 4285
"../../../../../../Tidy/TidyPrototype/Content/Assets/MiscHouse/standardSurface2SG_Normal_OpenGL.uasset" 4286
"../../../../../../Tidy/TidyPrototype/Content/Assets/MiscHouse/standardSurface2SG_Roughness.uasset" 4287
"/Game/__ExternalActors__/Levels/Prototype1/0/3N/R02MS0K6DFYYRKNZA29I0X" 4288
"../../../../../../Tidy/TidyPrototype/Content/__ExternalActors__/Levels/Prototype1/0/3N/R02MS0K6DFYYRKNZA29I0X.uasset" 4289
"../../../../../../Tidy/TidyPrototype/Content/__ExternalActors__/Levels/Prototype1/C/G6/YUKFY48X4ZKJIZRQOTVMS3.uasset" 4290
"../../../../../../Tidy/TidyPrototype/Content/Assets/Living_Room/2/Chinese_ShortCabinetDoor_2.uasset" 4291
"../../../../../../Tidy/TidyPrototype/Content/__ExternalActors__/Levels/Prototype1/0/Z5/MUYQUQOZ4GKIU7BEY84LQM.uasset" 4292
"/Game/__ExternalActors__/Levels/Prototype1/0/45/LJECOK9WY48GC1MLNUX0VG" 4293
"../../../../../../Tidy/TidyPrototype/Content/__ExternalActors__/Levels/Prototype1/0/45/LJECOK9WY48GC1MLNUX0VG.uasset" 4294
"/Game/__ExternalActors__/Levels/Prototype1/0/5E/D3PY9L9R13STHL4I5YEVMA" 4295
"../../../../../../Tidy/TidyPrototype/Content/__ExternalActors__/Levels/Prototype1/0/5E/D3PY9L9R13STHL4I5YEVMA.uasset" 4296
"/Game/__ExternalActors__/Levels/Prototype1/0/5I/TF2J8KSWM582HJO4P0JZE3" 4297
"../../../../../../Tidy/TidyPrototype/Content/__ExternalActors__/Levels/Prototype1/0/5I/TF2J8KSWM582HJO4P0JZE3.uasset" 4298
"../../../../../../Tidy/TidyPrototype/Content/KitchenFoodAssets/restaurantbits_texture_Mat.uasset" 4299
"../../../../../../Tidy/TidyPrototype/Content/KitchenFoodAssets/bowl.uasset" 4300
"../../../../../../Tidy/TidyPrototype/Content/KitchenFoodAssets/restaurantbits_texture.uasset" 4301
"../../../../../../Tidy/TidyPrototype/Content/KitchenFoodAssets/restaurant.uasset" 4302
"/Game/__ExternalActors__/Levels/Prototype1/0/5R/N4VN9821CMGMR5XVEZMUKX" 4303
"../../../../../../Tidy/TidyPrototype/Content/__ExternalActors__/Levels/Prototype1/0/5R/N4VN9821CMGMR5XVEZMUKX.uasset" 4304
"../../../../../../Tidy/TidyPrototype/Content/Assets/Bathroom/Towl_Rack.uasset" 4305
"../../../../../../Tidy/TidyPrototype/Content/Assets/Bathroom/Materials/M_BathroomAssets.uasset" 4306
"../../../../../../Tidy/TidyPrototype/Content/Assets/Bathroom/Materials/Tex_Bathroom_BaseColour.uasset" 4307
"../../../../../../Tidy/TidyPrototype/Content/Assets/Bathroom/Materials/TEX_Bathroom_Metallic.uasset" 4308
"../../../../../../Tidy/TidyPrototype/Content/Assets/Bathroom/Materials/TEX_Bathroom_Rough.uasset" 4309
"../../../../../../Tidy/TidyPrototype/Content/Assets/Bathroom/Materials/TEX_Bathroom_Spec.uasset" 4310
"/Game/__ExternalActors__/Levels/Prototype1/0/6M/CMLU1GNG93N34BCKZFUD96" 4311
"../../../../../../Tidy/TidyPrototype/Content/__ExternalActors__/Levels/Prototype1/0/6M/CMLU1GNG93N34BCKZFUD96.uasset" 4312
"../../../../../../Tidy/TidyPrototype/Content/Assets/Kitchen/Kitchen_Sink.uasset" 4313
"/Game/__ExternalActors__/Levels/Prototype1/0/7Z/7SQVXCYY2SYWV8HD1BZ81B" 4314
"../../../../../../Tidy/TidyPrototype/Content/__ExternalActors__/Levels/Prototype1/0/7Z/7SQVXCYY2SYWV8HD1BZ81B.uasset" 4315
"../../../../../../Tidy/TidyPrototype/Content/Assets/Living_Room/Plant.uasset" 4316
"/Game/__ExternalActors__/Levels/Prototype1/0/8X/1NZIQHAZPKHA7FJ0JHKGXU" 4317
"../../../../../../Tidy/TidyPrototype/Content/__ExternalActors__/Levels/Prototype1/0/8X/1NZIQHAZPKHA7FJ0JHKGXU.uasset" 4318
"../../../../../../Tidy/TidyPrototype/Content/__ExternalActors__/Levels/Prototype1/B/VS/VSMCS78D83WQZZIVUJIDKC.uasset" 4319
"../../../../../../Tidy/TidyPrototype/Content/__ExternalActors__/Levels/Prototype1/D/4W/IP4ABEVHZ01ZPI8RSPUNRZ.uasset" 4320
"/Game/__ExternalActors__/Levels/Prototype1/0/93/TGRGYV9A2GGEVXXYTWPTYU" 4321
"../../../../../../Tidy/TidyPrototype/Content/__ExternalActors__/Levels/Prototype1/0/93/TGRGYV9A2GGEVXXYTWPTYU.uasset" 4322
"../../../../../../Tidy/TidyPrototype/Content/KitchenFoodAssets/food_ingredient_tomato.uasset" 4323
"/Game/__ExternalActors__/Levels/Prototype1/0/A6/3TP4X9TZA3Y3S3X6S8V4EA" 4324
"../../../../../../Tidy/TidyPrototype/Content/__ExternalActors__/Levels/Prototype1/0/A6/3TP4X9TZA3Y3S3X6S8V4EA.uasset" 4325
"../../../../../../Tidy/TidyPrototype/Content/__ExternalActors__/Levels/Prototype1/6/IY/HRIADX28YF8276Q51OUJYA.uasset" 4326
"../../../../../../Tidy/TidyPrototype/Content/Materials/M_ShowerDoor.uasset" 4327
"../../../../../../Tidy/TidyPrototype/Content/SM_ShowerDoorCube.uasset" 4328
"/Game/__ExternalActors__/Levels/Prototype1/0/A9/ZM7SWMOUIUDTRCK44OWGNW" 4329
"../../../../../../Tidy/TidyPrototype/Content/__ExternalActors__/Levels/Prototype1/0/A9/ZM7SWMOUIUDTRCK44OWGNW.uasset" 4330
"/Game/__ExternalActors__/Levels/Prototype1/0/BX/W2BVLWN7E7N2LQYSP2LF7O" 4331
"../../../../../../Tidy/TidyPrototype/Content/__ExternalActors__/Levels/Prototype1/0/BX/W2BVLWN7E7N2LQYSP2LF7O.uasset" 4332
"/Game/__ExternalActors__/Levels/Prototype1/9/YC/3GTB3BGIH5UPO0GW8IQOBN" 4333
"../../../../../../Tidy/TidyPrototype/Content/__ExternalActors__/Levels/Prototype1/9/YC/3GTB3BGIH5UPO0GW8IQOBN.uasset" 4334
"../../../../../../Tidy/TidyPrototype/Content/Blueprints/Doors/ChineseCabinetDoors/BP_ChineseCabinetDoorRight.uasset" 4335
"../../../../../../Tidy/TidyPrototype/Content/__ExternalActors__/Levels/Prototype1/B/NR/AD5V6U3J9YDIU8XDOO9Q7I.uasset" 4336
"/Game/__ExternalActors__/Levels/Prototype1/0/C5/C7W57UOX2C93WIGP7WFHLG" 4337
"../../../../../../Tidy/TidyPrototype/Content/__ExternalActors__/Levels/Prototype1/0/C5/C7W57UOX2C93WIGP7WFHLG.uasset" 4338
"../../../../../../Tidy/TidyPrototype/Content/Assets/Kitchen/Kitchen_LargeCupboard.uasset" 4339
"/Game/__ExternalActors__/Levels/Prototype1/0/CG/3RHOJBEC42SL5XQ3TVYKPX" 4340
"../../../../../../Tidy/TidyPrototype/Content/__ExternalActors__/Levels/Prototype1/0/CG/3RHOJBEC42SL5XQ3TVYKPX.uasset" 4341
"/Game/__ExternalActors__/Levels/Prototype1/4/BQ/MD52HLCP510AF7MKNXHLWA" 4342
"../../../../../../Tidy/TidyPrototype/Content/__ExternalActors__/Levels/Prototype1/4/BQ/MD52HLCP510AF7MKNXHLWA.uasset" 4343
"../../../../../../Tidy/TidyPrototype/Content/__ExternalActors__/Levels/Prototype1/3/L3/WRS5JXS1PGZNI5WPSO93Z0.uasset" 4344
"/Game/__ExternalActors__/Levels/Prototype1/0/HE/TLWIV6S0Z8MM36S2WN9LLU" 4345
"../../../../../../Tidy/TidyPrototype/Content/__ExternalActors__/Levels/Prototype1/0/HE/TLWIV6S0Z8MM36S2WN9LLU.uasset" 4346
"/Game/__ExternalActors__/Levels/Prototype1/9/FM/30JG84VPN79K0LD6NT9IH7" 4347
"../../../../../../Tidy/TidyPrototype/Content/__ExternalActors__/Levels/Prototype1/9/FM/30JG84VPN79K0LD6NT9IH7.uasset" 4348
"../../../../../../Tidy/TidyPrototype/Content/__ExternalActors__/Levels/Prototype1/4/O4/B1LC8JAMY7WO85QHIDEVGX.uasset" 4349
"/Game/__ExternalActors__/Levels/Prototype1/0/HJ/V23SRGCNV874AEV429CMB1" 4350
"../../../../../../Tidy/TidyPrototype/Content/__ExternalActors__/Levels/Prototype1/0/HJ/V23SRGCNV874AEV429CMB1.uasset" 4351
"/Game/__ExternalActors__/Levels/Prototype1/0/HZ/4Q2K8UNNKSMFPVEHGBIOZS" 4352
"../../../../../../Tidy/TidyPrototype/Content/__ExternalActors__/Levels/Prototype1/0/HZ/4Q2K8UNNKSMFPVEHGBIOZS.uasset" 4353
"/Game/__ExternalActors__/Levels/Prototype1/0/IK/0P7FWW6V5AM1M48V1E4O4C" 4354
"../../../../../../Tidy/TidyPrototype/Content/__ExternalActors__/Levels/Prototype1/0/IK/0P7FWW6V5AM1M48V1E4O4C.uasset" 4355
"../../../../../../Tidy/TidyPrototype/Content/Assets/House/BP_Window.uasset" 4356
"../../../../../../Tidy/TidyPrototype/Content/Assets/House/M_Outside2.uasset" 4357
"../../../../../../Tidy/TidyPrototype/Content/Assets/House/M_Outside.uasset" 4358
"../../../../../../Tidy/TidyPrototype/Content/Assets/House/Main_Base_color_Mat.uasset" 4359
"../../../../../../Tidy/TidyPrototype/Content/Assets/House/Outside.uasset" 4360
"../../../../../../Tidy/TidyPrototype/Content/Assets/House/WindowFrame.uasset" 4361
"../../../../../../Tidy/TidyPrototype/Content/Assets/House/WindowSlide.uasset" 4362
"../../../../../../Tidy/TidyPrototype/Content/Assets/House/WIndowWoodStick.uasset" 4363
"../../../../../../Tidy/TidyPrototype/Content/Assets/House/Outside3.uasset" 4364
"../../../../../../Tidy/TidyPrototype/Content/Assets/House/Outside1.uasset" 4365
"../../../../../../Tidy/TidyPrototype/Content/Assets/House/Main_Base_color.uasset" 4366
"../../../../../../Tidy/TidyPrototype/Content/Assets/House/Main_Metallic.uasset" 4367
"../../../../../../Tidy/TidyPrototype/Content/Assets/House/Main_Roughness.uasset" 4368
"/Game/__ExternalActors__/Levels/Prototype1/0/JI/9K8R27IQSVT5B8T7REPKYL" 4369
"../../../../../../Tidy/TidyPrototype/Content/__ExternalActors__/Levels/Prototype1/0/JI/9K8R27IQSVT5B8T7REPKYL.uasset" 4370
"../../../../../../Tidy/TidyPrototype/Content/Assets/House/Tile_Base_color_Mat_Inst.uasset" 4371
"../../../../../../Tidy/TidyPrototype/Content/Assets/House/Carpet.uasset" 4372
"../../../../../../Tidy/TidyPrototype/Content/Assets/House/Tile_Base_color_Mat.uasset" 4373
"../../../../../../Tidy/TidyPrototype/Content/Assets/House/Tile_Base_color.uasset" 4374
"/Game/__ExternalActors__/Levels/Prototype1/0/KI/VSQSOTV53Z7IOFHSQZWCPU" 4375
"../../../../../../Tidy/TidyPrototype/Content/__ExternalActors__/Levels/Prototype1/0/KI/VSQSOTV53Z7IOFHSQZWCPU.uasset" 4376
"../../../../../../Tidy/TidyPrototype/Content/Assets/MiscHouse/Kitchen_Stool_Cusion.uasset" 4377
"/Game/__ExternalActors__/Levels/Prototype1/0/L8/08129J4MVX8QXAF1OSC9GS" 4378
"../../../../../../Tidy/TidyPrototype/Content/__ExternalActors__/Levels/Prototype1/0/L8/08129J4MVX8QXAF1OSC9GS.uasset" 4379
"/Game/__ExternalActors__/Levels/Prototype1/0/OS/I93R5LMIC7YEDKSOAEUZVK" 4380
"../../../../../../Tidy/TidyPrototype/Content/__ExternalActors__/Levels/Prototype1/0/OS/I93R5LMIC7YEDKSOAEUZVK.uasset" 4381
"../../../../../../Tidy/TidyPrototype/Content/Assets/Living_Room/2/Couch_SeatCushion_2.uasset" 4382
"/Game/__ExternalActors__/Levels/Prototype1/0/Q9/YHOQPAD8SGKF0FAUZPJGS6" 4383
"../../../../../../Tidy/TidyPrototype/Content/__ExternalActors__/Levels/Prototype1/0/Q9/YHOQPAD8SGKF0FAUZPJGS6.uasset" 4384
"../../../../../../Tidy/TidyPrototype/Content/Assets/House/M_Outside1.uasset" 4385
"../../../../../../Tidy/TidyPrototype/Content/Assets/House/Outside2.uasset" 4386
"/Game/__ExternalActors__/Levels/Prototype1/0/QT/J6PGO4TOQSER14K8P0BHTQ" 4387
"../../../../../../Tidy/TidyPrototype/Content/__ExternalActors__/Levels/Prototype1/0/QT/J6PGO4TOQSER14K8P0BHTQ.uasset" 4388
"../../../../../../Tidy/TidyPrototype/Content/Materials/M_Placeholder_Water.uasset" 4389
"/Game/__ExternalActors__/Levels/Prototype1/C/LE/909PEOR3VEXXEQ8D6MM7DZ" 4390
"../../../../../../Tidy/TidyPrototype/Content/__ExternalActors__/Levels/Prototype1/C/LE/909PEOR3VEXXEQ8D6MM7DZ.uasset" 4391
"../../../../../../Tidy/TidyPrototype/Content/__ExternalActors__/Levels/Prototype1/C/99/016TJNF4QRBEVLEYH0OKO5.uasset" 4392
"../../../../../../Tidy/TidyPrototype/Content/__ExternalActors__/Levels/Prototype1/1/0Y/834WFUPRQEOH71YC6FL70Z.uasset" 4393
"/Game/__ExternalActors__/Levels/Prototype1/0/RB/SCDH37R7URRXI4L8WXLYXO" 4394
"../../../../../../Tidy/TidyPrototype/Content/__ExternalActors__/Levels/Prototype1/0/RB/SCDH37R7URRXI4L8WXLYXO.uasset" 4395
"../../../../../../Tidy/TidyPrototype/Content/__ExternalActors__/Levels/Prototype1/9/EE/TVC2FIEAI82UVVSC16YP6J.uasset" 4396
"../../../../../../Tidy/TidyPrototype/Content/__ExternalActors__/Levels/Prototype1/1/JR/TBZ45YO0790SDNM15K63C5.uasset" 4397
"/Game/__ExternalActors__/Levels/Prototype1/0/TV/YWFYPZGL01D6GGTB83R7OG" 4398
"../../../../../../Tidy/TidyPrototype/Content/__ExternalActors__/Levels/Prototype1/0/TV/YWFYPZGL01D6GGTB83R7OG.uasset" 4399
"/Game/__ExternalActors__/Levels/Prototype1/0/VG/O9TNOLB97G47MJUM1G4LXI" 4400
"../../../../../../Tidy/TidyPrototype/Content/__ExternalActors__/Levels/Prototype1/0/VG/O9TNOLB97G47MJUM1G4LXI.uasset" 4401
"../../../../../../Tidy/TidyPrototype/Content/__ExternalActors__/Levels/Prototype1/B/KS/DMS8MSTBGYEGGYBNSMRZ3K.uasset" 4402
"../../../../../../Tidy/TidyPrototype/Content/__ExternalActors__/Levels/Prototype1/9/DQ/96QXYCMA9GIS06OSY2D0Z5.uasset" 4403
"/Game/__ExternalActors__/Levels/Prototype1/0/VH/ZOYPJWB72IQX1Q1MK4KSFT" 4404
"../../../../../../Tidy/TidyPrototype/Content/__ExternalActors__/Levels/Prototype1/0/VH/ZOYPJWB72IQX1Q1MK4KSFT.uasset" 4405
"../../../../../../Tidy/TidyPrototype/Content/Assets/Props/M_Props1.uasset" 4406
"../../../../../../Tidy/TidyPrototype/Content/Assets/Props/Shovel.uasset" 4407
"../../../../../../Tidy/TidyPrototype/Content/Assets/Props/Unnamed_Layering_Project_Default_DefaultAORoughMetallicSpec-1024x1024.uasset" 4408
"../../../../../../Tidy/TidyPrototype/Content/Assets/Props/Unnamed_Layering_Project_Default_DefaultBaseColor-1024x1024.uasset" 4409
"../../../../../../Tidy/TidyPrototype/Content/Assets/Props/Unnamed_Layering_Project_Default_DefaultEmmisive-1024x1024.uasset" 4410
"/Game/__ExternalActors__/Levels/Prototype1/0/X5/41BHETGCFEYNSIU5S4MIYW" 4411
"../../../../../../Tidy/TidyPrototype/Content/__ExternalActors__/Levels/Prototype1/0/X5/41BHETGCFEYNSIU5S4MIYW.uasset" 4412
"/Game/__ExternalActors__/Levels/Prototype1/0/XI/W0YHTJD3TENBNNJJR4PW19" 4413
"../../../../../../Tidy/TidyPrototype/Content/__ExternalActors__/Levels/Prototype1/0/XI/W0YHTJD3TENBNNJJR4PW19.uasset" 4414
"../../../../../../Tidy/TidyPrototype/Content/__ExternalActors__/Levels/Prototype1/5/4Z/QH7QDNW9AXJK5M0MLTOQMG.uasset" 4415
"../../../../../../Tidy/TidyPrototype/Content/__ExternalActors__/Levels/Prototype1/B/OK/BLSN595A9VE5GHU6BS3PB0.uasset" 4416
"/Game/__ExternalActors__/Levels/Prototype1/1/UW/2IKZQTLKTAYF75YO1R1P9W" 4417
"../../../../../../Tidy/TidyPrototype/Content/__ExternalActors__/Levels/Prototype1/1/UW/2IKZQTLKTAYF75YO1R1P9W.uasset" 4418
"../../../../../../Tidy/TidyPrototype/Content/__ExternalActors__/Levels/Prototype1/7/B7/K5MZEHN1B9YUU4Q8YOTAG1.uasset" 4419
"/Game/__ExternalActors__/Levels/Prototype1/0/XN/G8CAA90404V4VQDTXYYQK4" 4420
"../../../../../../Tidy/TidyPrototype/Content/__ExternalActors__/Levels/Prototype1/0/XN/G8CAA90404V4VQDTXYYQK4.uasset" 4421
"../../../../../../Tidy/TidyPrototype/Content/__ExternalActors__/Levels/Prototype1/8/KZ/9L5SG1D69JW619VX1RA4R3.uasset" 4422
"../../../../../../Tidy/TidyPrototype/Content/__ExternalActors__/Levels/Prototype1/9/8A/7XSMDFIYE3C8D83MMO4WUU.uasset" 4423
"/Game/__ExternalActors__/Levels/Prototype1/0/XS/NHA6MCDAHTWBCF11DVXQ46" 4424
"../../../../../../Tidy/TidyPrototype/Content/__ExternalActors__/Levels/Prototype1/0/XS/NHA6MCDAHTWBCF11DVXQ46.uasset" 4425
"../../../../../../Tidy/TidyPrototype/Content/FoodAssetPack2/Textures_Mat.uasset" 4426
"../../../../../../Tidy/TidyPrototype/Content/FoodAssetPack2/drink_004.uasset" 4427
"../../../../../../Tidy/TidyPrototype/Content/FoodAssetPack2/Textures.uasset" 4428
"../../../../../../Tidy/TidyPrototype/Content/FoodAssetPack2/Material.uasset" 4429
"/Game/__ExternalActors__/Levels/Prototype1/0/Y3/9TEE0133REF63QR3B35VFW" 4430
"../../../../../../Tidy/TidyPrototype/Content/__ExternalActors__/Levels/Prototype1/0/Y3/9TEE0133REF63QR3B35VFW.uasset" 4431
"../../../../../../Tidy/TidyPrototype/Content/Assets/Kitchen/Kitchen_Draws.uasset" 4432
"/Game/__ExternalActors__/Levels/Prototype1/0/YX/6U35XQENQ5MF7132R0BTP2" 4433
"../../../../../../Tidy/TidyPrototype/Content/__ExternalActors__/Levels/Prototype1/0/YX/6U35XQENQ5MF7132R0BTP2.uasset" 4434
"../../../../../../Tidy/TidyPrototype/Content/Assets/Bedroom/Book.uasset" 4435
"/Game/__ExternalActors__/Levels/Prototype1/0/Z8/6PABYKJURO9BS7BVONZGO5" 4436
"../../../../../../Tidy/TidyPrototype/Content/__ExternalActors__/Levels/Prototype1/0/Z8/6PABYKJURO9BS7BVONZGO5.uasset" 4437
"../../../../../../Tidy/TidyPrototype/Content/Assets/Kitchen/Kitchen_Appliances_Blender_Lid.uasset" 4438
"/Game/__ExternalActors__/Levels/Prototype1/1/24/EEKVIZ29FPO0V8HYGACWMV" 4439
"../../../../../../Tidy/TidyPrototype/Content/__ExternalActors__/Levels/Prototype1/1/24/EEKVIZ29FPO0V8HYGACWMV.uasset" 4440
"../../../../../../Tidy/TidyPrototype/Content/__ExternalActors__/Levels/Prototype1/C/U3/X9AE2OF0R0DMQILQC49MVY.uasset" 4441
"../../../../../../Tidy/TidyPrototype/Content/Assets/Kitchen/Kitchen_Oven_Door.uasset" 4442
"../../../../../../Tidy/TidyPrototype/Content/__ExternalActors__/Levels/Prototype1/4/AI/VR8LHSANXL0QOBOYJZ3HAQ.uasset" 4443
"/Game/__ExternalActors__/Levels/Prototype1/1/35/9N8MOBZYVNHQW4G4VO997Q" 4444
"../../../../../../Tidy/TidyPrototype/Content/__ExternalActors__/Levels/Prototype1/1/35/9N8MOBZYVNHQW4G4VO997Q.uasset" 4445
"../../../../../../Tidy/TidyPrototype/Content/__ExternalActors__/Levels/Prototype1/6/V0/SJEO588UUN9UD0FE2MOCFQ.uasset" 4446
"../../../../../../Tidy/TidyPrototype/Content/__ExternalActors__/Levels/Prototype1/8/GT/2DJQ3PAV5XYN5108W6FWTM.uasset" 4447
"/Game/__ExternalActors__/Levels/Prototype1/1/7D/KUGYWO2NJCQSDA9U83CJFR" 4448
"../../../../../../Tidy/TidyPrototype/Content/__ExternalActors__/Levels/Prototype1/1/7D/KUGYWO2NJCQSDA9U83CJFR.uasset" 4449
"../../../../../../Tidy/TidyPrototype/Content/KitchenFoodAssets/Materials/restaurantbits_texture_Mat.uasset" 4450
"../../../../../../Tidy/TidyPrototype/Content/Materials/MI_MessAura.uasset" 4451
"../../../../../../Tidy/TidyPrototype/Content/KitchenFoodAssets/plate_dirty.uasset" 4452
"../../../Engine/Content/Functions/Engine_MaterialFunctions02/ExampleContent/Textures/OffsetNoiseDistanceFields_ForNormals.uasset" 4453
"/Game/__ExternalActors__/Levels/Prototype1/1/8E/A85Y1SI9ZMCKRN8AZIOZ3B" 4454
"../../../../../../Tidy/TidyPrototype/Content/__ExternalActors__/Levels/Prototype1/1/8E/A85Y1SI9ZMCKRN8AZIOZ3B.uasset" 4455
"../../../../../../Tidy/TidyPrototype/Content/Assets/Painting/Grad+Sam.uasset" 4456
"../../../../../../Tidy/TidyPrototype/Content/Assets/MiscHouse/standardSurface2SG_Base_color_Mat.uasset" 4457
"/Game/__ExternalActors__/Levels/Prototype1/1/8G/OPS0Z6X0TPSXYQVKIFYSWP" 4458
"../../../../../../Tidy/TidyPrototype/Content/__ExternalActors__/Levels/Prototype1/1/8G/OPS0Z6X0TPSXYQVKIFYSWP.uasset" 4459
"../../../../../../Tidy/TidyPrototype/Content/Materials/BP_PP_Cel_Shader.uasset" 4460
"../../../../../../Tidy/TidyPrototype/Content/Materials/PP_Cel_Shader.uasset" 4461
"/Game/__ExternalActors__/Levels/Prototype1/1/9C/9LBTLPHM8CWYUIZI5R2B53" 4462
"../../../../../../Tidy/TidyPrototype/Content/__ExternalActors__/Levels/Prototype1/1/9C/9LBTLPHM8CWYUIZI5R2B53.uasset" 4463
"../../../../../../Tidy/TidyPrototype/Content/__ExternalActors__/Levels/Prototype1/3/HK/67RSRPSD0G8WQWZNC0S77G.uasset" 4464
"../../../../../../Tidy/TidyPrototype/Content/__ExternalActors__/Levels/Prototype1/8/IP/UVUJTGMU3X70WGHMVAF11J.uasset" 4465
"/Game/__ExternalActors__/Levels/Prototype1/1/9I/2VDXYV9LDK81EZMMYWN6LQ" 4466
"../../../../../../Tidy/TidyPrototype/Content/__ExternalActors__/Levels/Prototype1/1/9I/2VDXYV9LDK81EZMMYWN6LQ.uasset" 4467
"../../../../../../Tidy/TidyPrototype/Content/Assets/Bathroom/Rug.uasset" 4468
"/Game/__ExternalActors__/Levels/Prototype1/1/BG/3XJMR5D87LT88EI6VE508A" 4469
"../../../../../../Tidy/TidyPrototype/Content/__ExternalActors__/Levels/Prototype1/1/BG/3XJMR5D87LT88EI6VE508A.uasset" 4470
"/Game/__ExternalActors__/Levels/Prototype1/1/BO/MBBH8IS6VQ1S8KSJIW6Z77" 4471
"../../../../../../Tidy/TidyPrototype/Content/__ExternalActors__/Levels/Prototype1/1/BO/MBBH8IS6VQ1S8KSJIW6Z77.uasset" 4472
"../../../../../../Tidy/TidyPrototype/Content/__ExternalActors__/Levels/Prototype1/C/X4/3QSDRDE7R0KJQ5Z1SVN3SS.uasset" 4473
"/Game/__ExternalActors__/Levels/Prototype1/1/BQ/USM4B8CQ22JBN5D03QP3SP" 4474
"../../../../../../Tidy/TidyPrototype/Content/__ExternalActors__/Levels/Prototype1/1/BQ/USM4B8CQ22JBN5D03QP3SP.uasset" 4475
"/Game/__ExternalActors__/Levels/Prototype1/E/XY/N10GKMX3CJBBV91LRB6ORK" 4476
"../../../../../../Tidy/TidyPrototype/Content/__ExternalActors__/Levels/Prototype1/E/XY/N10GKMX3CJBBV91LRB6ORK.uasset" 4477
"../../../../../../Tidy/TidyPrototype/Content/__ExternalActors__/Levels/Prototype1/3/SK/8KUJLMA6XF12P2AE4YWK4X.uasset" 4478
"/Game/__ExternalActors__/Levels/Prototype1/1/BT/J7W0ZX0JE7D5I1GN0DWZFM" 4479
"../../../../../../Tidy/TidyPrototype/Content/__ExternalActors__/Levels/Prototype1/1/BT/J7W0ZX0JE7D5I1GN0DWZFM.uasset" 4480
"../../../../../../Tidy/TidyPrototype/Content/Assets/Bedroom/Blinds.uasset" 4481
"/Game/__ExternalActors__/Levels/Prototype1/1/CG/RHE5Q7UX4513QD2S6IR29S" 4482
"../../../../../../Tidy/TidyPrototype/Content/__ExternalActors__/Levels/Prototype1/1/CG/RHE5Q7UX4513QD2S6IR29S.uasset" 4483
"../../../../../../Tidy/TidyPrototype/Content/KitchenFoodAssets/food_ingredient_cheese.uasset" 4484
"/Game/__ExternalActors__/Levels/Prototype1/1/DR/B6XXWCUZZNU739D8XFROWW" 4485
"../../../../../../Tidy/TidyPrototype/Content/__ExternalActors__/Levels/Prototype1/1/DR/B6XXWCUZZNU739D8XFROWW.uasset" 4486
"/Game/__ExternalActors__/Levels/Prototype1/1/EL/8AO1GUKEFLBREB3VKWGARN" 4487
"../../../../../../Tidy/TidyPrototype/Content/__ExternalActors__/Levels/Prototype1/1/EL/8AO1GUKEFLBREB3VKWGARN.uasset" 4488
"/Game/__ExternalActors__/Levels/Prototype1/1/EM/5SIQHKRY8HCRNPC4QR1O3Y" 4489
"../../../../../../Tidy/TidyPrototype/Content/__ExternalActors__/Levels/Prototype1/1/EM/5SIQHKRY8HCRNPC4QR1O3Y.uasset" 4490
"../../../../../../Tidy/TidyPrototype/Content/Assets/Props/Rook.uasset" 4491
"/Game/__ExternalActors__/Levels/Prototype1/1/F5/YTF2DDE9U7171FTJ8QQ48P" 4492
"../../../../../../Tidy/TidyPrototype/Content/__ExternalActors__/Levels/Prototype1/1/F5/YTF2DDE9U7171FTJ8QQ48P.uasset" 4493
"/Game/__ExternalActors__/Levels/Prototype1/1/FK/7NPLBK6AS1NH5PEPRSM09Q" 4494
"../../../../../../Tidy/TidyPrototype/Content/__ExternalActors__/Levels/Prototype1/1/FK/7NPLBK6AS1NH5PEPRSM09Q.uasset" 4495
"../../../../../../Tidy/TidyPrototype/Content/__ExternalActors__/Levels/Prototype1/A/GC/VKBM696MEBAC6DSKE02ZYG.uasset" 4496
"../../../../../../Tidy/TidyPrototype/Content/__ExternalActors__/Levels/Prototype1/E/20/FT87T9AEL8XJ7AR5I170M7.uasset" 4497
"/Game/__ExternalActors__/Levels/Prototype1/1/G0/42E5BDL6Y1UFCY4RMKFWA5" 4498
"../../../../../../Tidy/TidyPrototype/Content/__ExternalActors__/Levels/Prototype1/1/G0/42E5BDL6Y1UFCY4RMKFWA5.uasset" 4499
"../../../../../../Tidy/TidyPrototype/Content/Audio/Project_Tidy_Gameplay_OST__2_.uasset" 4500
"/Game/__ExternalActors__/Levels/Prototype1/1/G4/RLBDJW2PZATF9Z2FI6U7QN" 4501
"../../../../../../Tidy/TidyPrototype/Content/__ExternalActors__/Levels/Prototype1/1/G4/RLBDJW2PZATF9Z2FI6U7QN.uasset" 4502
"../../../../../../Tidy/TidyPrototype/Content/__ExternalActors__/Levels/Prototype1/2/0Q/PI9GYSFTZY4TNN9AOHKA40.uasset" 4503
"../../../../../../Tidy/TidyPrototype/Content/__ExternalActors__/Levels/Prototype1/B/JL/C2W3FFMIL7CD0CLJE4D6JY.uasset" 4504
"/Game/__ExternalActors__/Levels/Prototype1/1/L5/9QOH2VSRV5OWWT2QSDNDH1" 4505
"../../../../../../Tidy/TidyPrototype/Content/__ExternalActors__/Levels/Prototype1/1/L5/9QOH2VSRV5OWWT2QSDNDH1.uasset" 4506
"/Game/__ExternalActors__/Levels/Prototype1/1/L6/X0IH05C6MCSVC8I3M9UIIB" 4507
"../../../../../../Tidy/TidyPrototype/Content/__ExternalActors__/Levels/Prototype1/1/L6/X0IH05C6MCSVC8I3M9UIIB.uasset" 4508
"/Game/__ExternalActors__/Levels/Prototype1/1/MT/JYF7OPYQHL5I2CBINGOZZJ" 4509
"../../../../../../Tidy/TidyPrototype/Content/__ExternalActors__/Levels/Prototype1/1/MT/JYF7OPYQHL5I2CBINGOZZJ.uasset" 4510
"../../../../../../Tidy/TidyPrototype/Content/Assets/Bedroom/Window_Simple.uasset" 4511
"/Game/__ExternalActors__/Levels/Prototype1/1/P1/CPQL3YL501HZJQ8UCJ56C1" 4512
"../../../../../../Tidy/TidyPrototype/Content/__ExternalActors__/Levels/Prototype1/1/P1/CPQL3YL501HZJQ8UCJ56C1.uasset" 4513
"../../../../../../Tidy/TidyPrototype/Content/Materials/LivingRoom_TextureSheets/Video_Games/Console/M_Console_ShellBox.uasset" 4514
"../../../../../../Tidy/TidyPrototype/Content/Assets/Living_Room/Console_ShellBox.uasset" 4515
"../../../../../../Tidy/TidyPrototype/Content/Materials/LivingRoom_TextureSheets/Video_Games/Console/Console_ShellBox_initialShadingGroup_BaseColor.uasset" 4516
"../../../../../../Tidy/TidyPrototype/Content/Materials/LivingRoom_TextureSheets/Video_Games/Console/Console_ShellBox_initialShadingGroup_OcclusionRoughnessMetallic.uasset" 4517
"../../../../../../Tidy/TidyPrototype/Content/Assets/Living_Room/VideoGames/Console_ShellBox.uasset" 4518
"/Game/__ExternalActors__/Levels/Prototype1/1/P5/61X02VR8U0R0E806NNUGG6" 4519
"../../../../../../Tidy/TidyPrototype/Content/__ExternalActors__/Levels/Prototype1/1/P5/61X02VR8U0R0E806NNUGG6.uasset" 4520
"/Game/__ExternalActors__/Levels/Prototype1/1/RV/I9OTV27R6W99WOF2N5U1RE" 4521
"../../../../../../Tidy/TidyPrototype/Content/__ExternalActors__/Levels/Prototype1/1/RV/I9OTV27R6W99WOF2N5U1RE.uasset" 4522
"../../../../../../Tidy/TidyPrototype/Content/Blueprints/BP_Bin.uasset" 4523
"../../../../../../Tidy/TidyPrototype/Content/Blueprints/BP_SpillableObject.uasset" 4524
"../../../../../../Tidy/TidyPrototype/Content/Materials/Placeholder/M_Bin.uasset" 4525
"../../../../../../Tidy/TidyPrototype/Content/Assets/MiscHouse/Bin.uasset" 4526
"../../../../../../Tidy/TidyPrototype/Content/Materials/BinPhysics.uasset" 4527
"../../../../../../Tidy/TidyPrototype/Content/Blueprints/BP_Glass.uasset" 4528
"../../../../../../Tidy/TidyPrototype/Content/Materials/M_Glass.uasset" 4529
"/Game/__ExternalActors__/Levels/Prototype1/1/SB/S32OTN4AEN9G4T7LORD0LJ" 4530
"../../../../../../Tidy/TidyPrototype/Content/__ExternalActors__/Levels/Prototype1/1/SB/S32OTN4AEN9G4T7LORD0LJ.uasset" 4531
"/Game/__ExternalActors__/Levels/Prototype1/1/SQ/6FMHC47HQKEMY1XTKPWN6C" 4532
"../../../../../../Tidy/TidyPrototype/Content/__ExternalActors__/Levels/Prototype1/1/SQ/6FMHC47HQKEMY1XTKPWN6C.uasset" 4533
"/Game/__ExternalActors__/Levels/Prototype1/1/VU/O7PEK6JT5PQZFYHLHE2767" 4534
"../../../../../../Tidy/TidyPrototype/Content/__ExternalActors__/Levels/Prototype1/1/VU/O7PEK6JT5PQZFYHLHE2767.uasset" 4535
"/Game/__ExternalActors__/Levels/Prototype1/1/WM/Q67V0YLM5I2DAVSEVCC4NL" 4536
"../../../../../../Tidy/TidyPrototype/Content/__ExternalActors__/Levels/Prototype1/1/WM/Q67V0YLM5I2DAVSEVCC4NL.uasset" 4537
"../../../../../../Tidy/TidyPrototype/Content/ExternalAssets/Rats/Rat2.uasset" 4538
"../../../../../../Tidy/TidyPrototype/Content/ExternalAssets/Rats/LPoly-Pallete_Texture_Mat.uasset" 4539
"../../../../../../Tidy/TidyPrototype/Content/ExternalAssets/Rats/LPoly-Pallete_Texture.uasset" 4540
"/Game/__ExternalActors__/Levels/Prototype1/1/X3/CC2YUTB7RO9RLG2PJW7LGG" 4541
"../../../../../../Tidy/TidyPrototype/Content/__ExternalActors__/Levels/Prototype1/1/X3/CC2YUTB7RO9RLG2PJW7LGG.uasset" 4542
"/Game/__ExternalActors__/Levels/Prototype1/1/Y8/DDS9M1I6ZQIEOYPEYR0643" 4543
"../../../../../../Tidy/TidyPrototype/Content/__ExternalActors__/Levels/Prototype1/1/Y8/DDS9M1I6ZQIEOYPEYR0643.uasset" 4544
"../../../../../../Tidy/TidyPrototype/Content/__ExternalActors__/Levels/Prototype1/3/X4/Z38IXI4URMUTS6BVX2B9GA.uasset" 4545
"../../../../../../Tidy/TidyPrototype/Content/__ExternalActors__/Levels/Prototype1/5/SO/ZM9VWDOFYGCY34LI64MHCT.uasset" 4546
"/Game/__ExternalActors__/Levels/Prototype1/1/ZU/D7Q7KOTTU2YYIANXODQVJ2" 4547
"../../../../../../Tidy/TidyPrototype/Content/__ExternalActors__/Levels/Prototype1/1/ZU/D7Q7KOTTU2YYIANXODQVJ2.uasset" 4548
"../../../../../../Tidy/TidyPrototype/Content/Assets/Kitchen/BP_KitchenOven.uasset" 4549
"../../../../../../Tidy/TidyPrototype/Content/Assets/Kitchen/Kitchen_Oven.uasset" 4550
"../../../../../../Tidy/TidyPrototype/Content/Assets/Kitchen/Kitchen_Oven_Knob.uasset" 4551
"/Game/__ExternalActors__/Levels/Prototype1/2/0I/G8CDBFJWL5M8CB265PWD4D" 4552
"../../../../../../Tidy/TidyPrototype/Content/__ExternalActors__/Levels/Prototype1/2/0I/G8CDBFJWL5M8CB265PWD4D.uasset" 4553
"/Game/__ExternalActors__/Levels/Prototype1/2/13/6QDX450TALAJCYOADA6BYU" 4554
"../../../../../../Tidy/TidyPrototype/Content/__ExternalActors__/Levels/Prototype1/2/13/6QDX450TALAJCYOADA6BYU.uasset" 4555
"/Game/__ExternalActors__/Levels/Prototype1/2/19/PNGX6WFC2ZJCDROGBK53FF" 4556
"../../../../../../Tidy/TidyPrototype/Content/__ExternalActors__/Levels/Prototype1/2/19/PNGX6WFC2ZJCDROGBK53FF.uasset" 4557
"../../../../../../Tidy/TidyPrototype/Content/__ExternalActors__/Levels/Prototype1/B/04/3N7U7LT1YIWDM4541FZYE7.uasset" 4558
"../../../../../../Tidy/TidyPrototype/Content/__ExternalActors__/Levels/Prototype1/E/EZ/5XSKVMRTYVE7FT3L13OTRU.uasset" 4559
"/Game/__ExternalActors__/Levels/Prototype1/2/1T/6HF5DS3A8UB8F29GLPB1DQ" 4560
"../../../../../../Tidy/TidyPrototype/Content/__ExternalActors__/Levels/Prototype1/2/1T/6HF5DS3A8UB8F29GLPB1DQ.uasset" 4561
"/Game/__ExternalActors__/Levels/Prototype1/2/3E/81MKNEXGJRS9Y49IL2QX1Y" 4562
"../../../../../../Tidy/TidyPrototype/Content/__ExternalActors__/Levels/Prototype1/2/3E/81MKNEXGJRS9Y49IL2QX1Y.uasset" 4563
"/Game/__ExternalActors__/Levels/Prototype1/2/3G/66W08A71LPWW149RCJVMDB" 4564
"../../../../../../Tidy/TidyPrototype/Content/__ExternalActors__/Levels/Prototype1/2/3G/66W08A71LPWW149RCJVMDB.uasset" 4565
"../../../../../../Tidy/TidyPrototype/Content/Assets/Bedroom/BookCase.uasset" 4566
"/Game/__ExternalActors__/Levels/Prototype1/2/3L/PKSH8O4CHIS95YBSKN607X" 4567
"../../../../../../Tidy/TidyPrototype/Content/__ExternalActors__/Levels/Prototype1/2/3L/PKSH8O4CHIS95YBSKN607X.uasset" 4568
"../../../../../../Tidy/TidyPrototype/Content/SM_MergedRoof2.uasset" 4569
"../../../../../../Tidy/TidyPrototype/Content/Assets/House/Roof_Base_color_Mat.uasset" 4570
"../../../../../../Tidy/TidyPrototype/Content/Assets/House/Roof_Base_color.uasset" 4571
"/Game/__ExternalActors__/Levels/Prototype1/2/57/Y9B824R4HC2558YGNZBADM" 4572
"../../../../../../Tidy/TidyPrototype/Content/__ExternalActors__/Levels/Prototype1/2/57/Y9B824R4HC2558YGNZBADM.uasset" 4573
"../../../../../../Tidy/TidyPrototype/Content/__ExternalActors__/Levels/Prototype1/6/VO/2OMAIOZA2U3QG1JTZ2IA70.uasset" 4574
"../../../../../../Tidy/TidyPrototype/Content/__ExternalActors__/Levels/Prototype1/7/DH/KRBD50AHALNPUG6C9Y8SPJ.uasset" 4575
"/Game/__ExternalActors__/Levels/Prototype1/4/L6/WSBWN92F8XDT9KQ5CY2477" 4576
"../../../../../../Tidy/TidyPrototype/Content/__ExternalActors__/Levels/Prototype1/4/L6/WSBWN92F8XDT9KQ5CY2477.uasset" 4577
"../../../../../../Tidy/TidyPrototype/Content/__ExternalActors__/Levels/Prototype1/4/S5/D2LB9R7ABNXB3HU4Q02690.uasset" 4578
"/Game/__ExternalActors__/Levels/Prototype1/2/7K/LBGQACAYYHT89UQ0V7HK9N" 4579
"../../../../../../Tidy/TidyPrototype/Content/__ExternalActors__/Levels/Prototype1/2/7K/LBGQACAYYHT89UQ0V7HK9N.uasset" 4580
"/Game/__ExternalActors__/Levels/Prototype1/2/8R/L1Q3QNOPN21GHSVRB2S1Y3" 4581
"../../../../../../Tidy/TidyPrototype/Content/__ExternalActors__/Levels/Prototype1/2/8R/L1Q3QNOPN21GHSVRB2S1Y3.uasset" 4582
"../../../../../../Tidy/TidyPrototype/Content/Assets/Bedroom/Bed_pillow.uasset" 4583
"/Game/__ExternalActors__/Levels/Prototype1/2/9A/UH473ARFEOWIT1UPWS1T3Y" 4584
"../../../../../../Tidy/TidyPrototype/Content/__ExternalActors__/Levels/Prototype1/2/9A/UH473ARFEOWIT1UPWS1T3Y.uasset" 4585
"/Game/__ExternalActors__/Levels/Prototype1/2/D8/QZPECDZFS1C3K5AVZ8Q6SS" 4586
"../../../../../../Tidy/TidyPrototype/Content/__ExternalActors__/Levels/Prototype1/2/D8/QZPECDZFS1C3K5AVZ8Q6SS.uasset" 4587
"../../../../../../Tidy/TidyPrototype/Content/Assets/Living_Room/2/Couch_Base_2.uasset" 4588
"/Game/__ExternalActors__/Levels/Prototype1/2/DO/M5K19JVNKBY1OV34MZ94IK" 4589
"../../../../../../Tidy/TidyPrototype/Content/__ExternalActors__/Levels/Prototype1/2/DO/M5K19JVNKBY1OV34MZ94IK.uasset" 4590
"/Game/__ExternalActors__/Levels/Prototype1/2/DY/86PG87W0N47E4LYRR149AW" 4591
"../../../../../../Tidy/TidyPrototype/Content/__ExternalActors__/Levels/Prototype1/2/DY/86PG87W0N47E4LYRR149AW.uasset" 4592
"../../../../../../Tidy/TidyPrototype/Content/KitchenFoodAssets/plate.uasset" 4593
"/Game/__ExternalActors__/Levels/Prototype1/2/EC/IMHKWY550ZSCBV1PCEGHMB" 4594
"../../../../../../Tidy/TidyPrototype/Content/__ExternalActors__/Levels/Prototype1/2/EC/IMHKWY550ZSCBV1PCEGHMB.uasset" 4595
"/Game/__ExternalActors__/Levels/Prototype1/2/FM/PANGN6NNPKHH2Q9IEINC8R" 4596
"../../../../../../Tidy/TidyPrototype/Content/__ExternalActors__/Levels/Prototype1/2/FM/PANGN6NNPKHH2Q9IEINC8R.uasset" 4597
"/Game/__ExternalActors__/Levels/Prototype1/2/IS/SKOKWZGBQKDMP02ZT2IS0R" 4598
"../../../../../../Tidy/TidyPrototype/Content/__ExternalActors__/Levels/Prototype1/2/IS/SKOKWZGBQKDMP02ZT2IS0R.uasset" 4599
"../../../../../../Tidy/TidyPrototype/Content/Materials/M_WallMaterial.uasset" 4600
"../../../../../../Tidy/TidyPrototype/Content/SM_MergedHouse3.uasset" 4601
"/Game/__ExternalActors__/Levels/Prototype1/2/NE/699Q579P1E8PA7EC7HS27D" 4602
"../../../../../../Tidy/TidyPrototype/Content/__ExternalActors__/Levels/Prototype1/2/NE/699Q579P1E8PA7EC7HS27D.uasset" 4603
"../../../../../../Tidy/TidyPrototype/Content/Assets/Living_Room/2/Chair_2.uasset" 4604
"/Game/__ExternalActors__/Levels/Prototype1/2/OA/GJZYHE2P56GV85GVSUUFZE" 4605
"../../../../../../Tidy/TidyPrototype/Content/__ExternalActors__/Levels/Prototype1/2/OA/GJZYHE2P56GV85GVSUUFZE.uasset" 4606
"/Game/__ExternalActors__/Levels/Prototype1/4/WS/CTS5WCA6BXN3NSJDHNNPGL" 4607
"../../../../../../Tidy/TidyPrototype/Content/__ExternalActors__/Levels/Prototype1/4/WS/CTS5WCA6BXN3NSJDHNNPGL.uasset" 4608
"../../../../../../Tidy/TidyPrototype/Content/__ExternalActors__/Levels/Prototype1/6/FV/BQ8Q8GIP2AV4Z3IUJTQHZH.uasset" 4609
"/Game/__ExternalActors__/Levels/Prototype1/2/RW/H2QXLCX7CCEHIYLAB87LRN" 4610
"../../../../../../Tidy/TidyPrototype/Content/__ExternalActors__/Levels/Prototype1/2/RW/H2QXLCX7CCEHIYLAB87LRN.uasset" 4611
"/Game/__ExternalActors__/Levels/Prototype1/2/TI/N4XRK2YGVLH0FDIWPH8O8X" 4612
"../../../../../../Tidy/TidyPrototype/Content/__ExternalActors__/Levels/Prototype1/2/TI/N4XRK2YGVLH0FDIWPH8O8X.uasset" 4613
"../../../../../../Tidy/TidyPrototype/Content/Assets/Kitchen/Kitchen_Pantry_Microwave_Base.uasset" 4614
"/Game/__ExternalActors__/Levels/Prototype1/2/WU/IVYBTE0QW0VY8EV2BW1TCD" 4615
"../../../../../../Tidy/TidyPrototype/Content/__ExternalActors__/Levels/Prototype1/2/WU/IVYBTE0QW0VY8EV2BW1TCD.uasset" 4616
"/Game/__ExternalActors__/Levels/Prototype1/2/ZK/OH2G5W5JNBV8E8PZ70EYTG" 4617
"../../../../../../Tidy/TidyPrototype/Content/__ExternalActors__/Levels/Prototype1/2/ZK/OH2G5W5JNBV8E8PZ70EYTG.uasset" 4618
"/Game/__ExternalActors__/Levels/Prototype1/3/1Z/RF9DHIO90OATZQBPJZ724Q" 4619
"../../../../../../Tidy/TidyPrototype/Content/__ExternalActors__/Levels/Prototype1/3/1Z/RF9DHIO90OATZQBPJZ724Q.uasset" 4620
"/Game/__ExternalActors__/Levels/Prototype1/3/2W/L8UF1ZXKYGSDNAIZH73774" 4621
"../../../../../../Tidy/TidyPrototype/Content/__ExternalActors__/Levels/Prototype1/3/2W/L8UF1ZXKYGSDNAIZH73774.uasset" 4622
"/Game/__ExternalActors__/Levels/Prototype1/3/42/051V5EQ4I5S0RNE1PP1O1C" 4623
"../../../../../../Tidy/TidyPrototype/Content/__ExternalActors__/Levels/Prototype1/3/42/051V5EQ4I5S0RNE1PP1O1C.uasset" 4624
"/Game/__ExternalActors__/Levels/Prototype1/3/50/GHP1JK6UCIF1P8BJASDOEF" 4625
"../../../../../../Tidy/TidyPrototype/Content/__ExternalActors__/Levels/Prototype1/3/50/GHP1JK6UCIF1P8BJASDOEF.uasset" 4626
"../../../../../../Tidy/TidyPrototype/Content/Models/axe_long.uasset" 4627
"/Game/__ExternalActors__/Levels/Prototype1/3/6M/H7LPAHELMLNUQTIU2UB0N6" 4628
"../../../../../../Tidy/TidyPrototype/Content/__ExternalActors__/Levels/Prototype1/3/6M/H7LPAHELMLNUQTIU2UB0N6.uasset" 4629
"/Game/__ExternalActors__/Levels/Prototype1/3/7C/IAWYUZ27Z2296NNKHLKCHD" 4630
"../../../../../../Tidy/TidyPrototype/Content/__ExternalActors__/Levels/Prototype1/3/7C/IAWYUZ27Z2296NNKHLKCHD.uasset" 4631
"/Game/__ExternalActors__/Levels/Prototype1/3/8U/PE5KG1EC2MX9MALHAA6CAX" 4632
"../../../../../../Tidy/TidyPrototype/Content/__ExternalActors__/Levels/Prototype1/3/8U/PE5KG1EC2MX9MALHAA6CAX.uasset" 4633
"/Game/__ExternalActors__/Levels/Prototype1/E/L0/74M2LH2YCTGRAFBZX2MS4W" 4634
"../../../../../../Tidy/TidyPrototype/Content/__ExternalActors__/Levels/Prototype1/E/L0/74M2LH2YCTGRAFBZX2MS4W.uasset" 4635
"../../../../../../Tidy/TidyPrototype/Content/__ExternalActors__/Levels/Prototype1/5/78/1ADHF4T9YCZIYW3ZD2VMR3.uasset" 4636
"../../../../../../Tidy/TidyPrototype/Content/__ExternalActors__/Levels/Prototype1/B/0J/IM5CRZ7UVRHNA001NGOXU0.uasset" 4637
"/Game/__ExternalActors__/Levels/Prototype1/3/AO/C7X21LEF9A446WHIE068FM" 4638
"../../../../../../Tidy/TidyPrototype/Content/__ExternalActors__/Levels/Prototype1/3/AO/C7X21LEF9A446WHIE068FM.uasset" 4639
"/Game/__ExternalActors__/Levels/Prototype1/3/FZ/NDRZ6WPXHLYKO5W8A99ISS" 4640
"../../../../../../Tidy/TidyPrototype/Content/__ExternalActors__/Levels/Prototype1/3/FZ/NDRZ6WPXHLYKO5W8A99ISS.uasset" 4641
"/Game/__ExternalActors__/Levels/Prototype1/3/H4/EG5DK689SUW7TVR0TMA817" 4642
"../../../../../../Tidy/TidyPrototype/Content/__ExternalActors__/Levels/Prototype1/3/H4/EG5DK689SUW7TVR0TMA817.uasset" 4643
"../../../../../../Tidy/TidyPrototype/Content/Assets/Living_Room/2/CabinetBody_2.uasset" 4644
"/Game/__ExternalActors__/Levels/Prototype1/3/J3/42J0TC356PBY9NDB9UFPF0" 4645
"../../../../../../Tidy/TidyPrototype/Content/__ExternalActors__/Levels/Prototype1/3/J3/42J0TC356PBY9NDB9UFPF0.uasset" 4646
"../../../../../../Tidy/TidyPrototype/Content/Assets/House/Carpet_Bedroom1.uasset" 4647
"../../../../../../Tidy/TidyPrototype/Content/Assets/House/Carpet_Base_color_Mat.uasset" 4648
"../../../../../../Tidy/TidyPrototype/Content/Assets/House/Carpet_Base_color.uasset" 4649
"/Game/__ExternalActors__/Levels/Prototype1/3/JQ/ND6ZB3N3LGFAXLL0B3TESU" 4650
"../../../../../../Tidy/TidyPrototype/Content/__ExternalActors__/Levels/Prototype1/3/JQ/ND6ZB3N3LGFAXLL0B3TESU.uasset" 4651
"/Game/__ExternalActors__/Levels/Prototype1/6/0O/E1L3E99PO6LZA88NKLU414" 4652
"../../../../../../Tidy/TidyPrototype/Content/__ExternalActors__/Levels/Prototype1/6/0O/E1L3E99PO6LZA88NKLU414.uasset" 4653
"../../../../../../Tidy/TidyPrototype/Content/__ExternalActors__/Levels/Prototype1/5/EF/0ETCXGSZS8NYWQ764Y86YT.uasset" 4654
"/Game/__ExternalActors__/Levels/Prototype1/3/KL/SFPFZWEFQMQP5MUXJTGNKH" 4655
"../../../../../../Tidy/TidyPrototype/Content/__ExternalActors__/Levels/Prototype1/3/KL/SFPFZWEFQMQP5MUXJTGNKH.uasset" 4656
"/Game/__ExternalActors__/Levels/Prototype1/3/O3/CLS3O05HCQUMTN3TSWEX99" 4657
"../../../../../../Tidy/TidyPrototype/Content/__ExternalActors__/Levels/Prototype1/3/O3/CLS3O05HCQUMTN3TSWEX99.uasset" 4658
"/Game/__ExternalActors__/Levels/Prototype1/3/OL/V353SD21QU8E3BXPRENMNM" 4659
"../../../../../../Tidy/TidyPrototype/Content/__ExternalActors__/Levels/Prototype1/3/OL/V353SD21QU8E3BXPRENMNM.uasset" 4660
"../../../../../../Tidy/TidyPrototype/Content/Assets/Bedroom/Bed.uasset" 4661
"/Game/__ExternalActors__/Levels/Prototype1/3/Q8/FHFHZ7DG160VQY2UOKPPN9" 4662
"../../../../../../Tidy/TidyPrototype/Content/__ExternalActors__/Levels/Prototype1/3/Q8/FHFHZ7DG160VQY2UOKPPN9.uasset" 4663
"../../../../../../Tidy/TidyPrototype/Content/Assets/Painting/GDMLGradTeam.uasset" 4664
"/Game/__ExternalActors__/Levels/Prototype1/3/SF/UH5H648X4V364P2QCT7MBF" 4665
"../../../../../../Tidy/TidyPrototype/Content/__ExternalActors__/Levels/Prototype1/3/SF/UH5H648X4V364P2QCT7MBF.uasset" 4666
"/Game/__ExternalActors__/Levels/Prototype1/3/SV/V0OZH99RLTCKHJZMXEMEIG" 4667
"../../../../../../Tidy/TidyPrototype/Content/__ExternalActors__/Levels/Prototype1/3/SV/V0OZH99RLTCKHJZMXEMEIG.uasset" 4668
"../../../../../../Tidy/TidyPrototype/Content/Assets/MiscHouse/Cube_006.uasset" 4669
"../../../../../../Tidy/TidyPrototype/Content/Assets/MiscHouse/MI_Railings.uasset" 4670
"/Game/__ExternalActors__/Levels/Prototype1/3/VI/BDMVTNNU178F2AOV8IM3T0" 4671
"../../../../../../Tidy/TidyPrototype/Content/__ExternalActors__/Levels/Prototype1/3/VI/BDMVTNNU178F2AOV8IM3T0.uasset" 4672
"../../../../../../Tidy/TidyPrototype/Content/Assets/Bathroom/Shower.uasset" 4673
"/Game/__ExternalActors__/Levels/Prototype1/4/01/J4VEOIRCTYQ90VK2R2HPMC" 4674
"../../../../../../Tidy/TidyPrototype/Content/__ExternalActors__/Levels/Prototype1/4/01/J4VEOIRCTYQ90VK2R2HPMC.uasset" 4675
"/Game/__ExternalActors__/Levels/Prototype1/4/06/SKK17VUA4SLJ392GOW91IX" 4676
"../../../../../../Tidy/TidyPrototype/Content/__ExternalActors__/Levels/Prototype1/4/06/SKK17VUA4SLJ392GOW91IX.uasset" 4677
"/Game/__ExternalActors__/Levels/Prototype1/4/0H/L59OZGMFYUMF2R8KB7WOFW" 4678
"../../../../../../Tidy/TidyPrototype/Content/__ExternalActors__/Levels/Prototype1/4/0H/L59OZGMFYUMF2R8KB7WOFW.uasset" 4679
"/Game/__ExternalActors__/Levels/Prototype1/B/KT/K5NORSKYCNDUXG4A5UKY64" 4680
"../../../../../../Tidy/TidyPrototype/Content/__ExternalActors__/Levels/Prototype1/B/KT/K5NORSKYCNDUXG4A5UKY64.uasset" 4681
"../../../../../../Tidy/TidyPrototype/Content/__ExternalActors__/Levels/Prototype1/D/UV/2NCFZL792NFR9S07IXX9US.uasset" 4682
"/Game/__ExternalActors__/Levels/Prototype1/4/19/ZBK6A9DCNLB4SXNP56P3X4" 4683
"../../../../../../Tidy/TidyPrototype/Content/__ExternalActors__/Levels/Prototype1/4/19/ZBK6A9DCNLB4SXNP56P3X4.uasset" 4684
"/Game/__ExternalActors__/Levels/Prototype1/4/21/2PPA9U5IFU5LAQR1WNDL2D" 4685
"../../../../../../Tidy/TidyPrototype/Content/__ExternalActors__/Levels/Prototype1/4/21/2PPA9U5IFU5LAQR1WNDL2D.uasset" 4686
"../../../../../../Tidy/TidyPrototype/Content/__ExternalActors__/Levels/Prototype1/7/RM/TWJDC0F9X387CW4XINIINY.uasset" 4687
"../../../../../../Tidy/TidyPrototype/Content/__ExternalActors__/Levels/Prototype1/D/E0/RG8JRDTB0TQ1QBEJ6NRKCH.uasset" 4688
"/Game/__ExternalActors__/Levels/Prototype1/4/2D/O984H7TUG798ESJR831MO6" 4689
"../../../../../../Tidy/TidyPrototype/Content/__ExternalActors__/Levels/Prototype1/4/2D/O984H7TUG798ESJR831MO6.uasset" 4690
"../../../../../../Tidy/TidyPrototype/Content/Assets/Bedroom/Small_Lamp.uasset" 4691
"/Game/__ExternalActors__/Levels/Prototype1/4/3G/2Z7RCWW2WZWI4O0RU7U9E5" 4692
"../../../../../../Tidy/TidyPrototype/Content/__ExternalActors__/Levels/Prototype1/4/3G/2Z7RCWW2WZWI4O0RU7U9E5.uasset" 4693
"/Game/__ExternalActors__/Levels/Prototype1/4/51/VH4KVF4NS7OXOVQN3QGTRM" 4694
"../../../../../../Tidy/TidyPrototype/Content/__ExternalActors__/Levels/Prototype1/4/51/VH4KVF4NS7OXOVQN3QGTRM.uasset" 4695
"/Game/__ExternalActors__/Levels/Prototype1/4/5I/Y3RLOZFMOJY5G4FE9KP7KW" 4696
"../../../../../../Tidy/TidyPrototype/Content/__ExternalActors__/Levels/Prototype1/4/5I/Y3RLOZFMOJY5G4FE9KP7KW.uasset" 4697
"/Game/__ExternalActors__/Levels/Prototype1/4/5U/55GWC9ITA00WJLYNEU09FV" 4698
"../../../../../../Tidy/TidyPrototype/Content/__ExternalActors__/Levels/Prototype1/4/5U/55GWC9ITA00WJLYNEU09FV.uasset" 4699
"../../../../../../Tidy/TidyPrototype/Content/__ExternalActors__/Levels/Prototype1/8/Q5/QE94GMY3ICFJGX3H38HWRN.uasset" 4700
"../../../../../../Tidy/TidyPrototype/Content/__ExternalActors__/Levels/Prototype1/4/7A/AIBPHW0NXO2UIME6ZZVWZR.uasset" 4701
"/Game/__ExternalActors__/Levels/Prototype1/4/7S/3KDAGDSK2O1FI58UJTQO9P" 4702
"../../../../../../Tidy/TidyPrototype/Content/__ExternalActors__/Levels/Prototype1/4/7S/3KDAGDSK2O1FI58UJTQO9P.uasset" 4703
"/Game/__ExternalActors__/Levels/Prototype1/8/L0/NIOGR1TORUKUAGKWDRD5FW" 4704
"../../../../../../Tidy/TidyPrototype/Content/__ExternalActors__/Levels/Prototype1/8/L0/NIOGR1TORUKUAGKWDRD5FW.uasset" 4705
"../../../../../../Tidy/TidyPrototype/Content/__ExternalActors__/Levels/Prototype1/C/KJ/J8YT8OS9HKDCBAMJ2LOPA8.uasset" 4706
"/Game/__ExternalActors__/Levels/Prototype1/4/8R/6D9I2EM398FY23QX8DK9AZ" 4707
"../../../../../../Tidy/TidyPrototype/Content/__ExternalActors__/Levels/Prototype1/4/8R/6D9I2EM398FY23QX8DK9AZ.uasset" 4708
"/Game/__ExternalActors__/Levels/Prototype1/4/9C/XW6NBOQ0WWG7B0D986RQST" 4709
"../../../../../../Tidy/TidyPrototype/Content/__ExternalActors__/Levels/Prototype1/4/9C/XW6NBOQ0WWG7B0D986RQST.uasset" 4710
"/Game/__ExternalActors__/Levels/Prototype1/4/CV/CYJK5E0NFCWCKG0SD118KM" 4711
"../../../../../../Tidy/TidyPrototype/Content/__ExternalActors__/Levels/Prototype1/4/CV/CYJK5E0NFCWCKG0SD118KM.uasset" 4712
"/Game/__ExternalActors__/Levels/Prototype1/4/DW/GC2JRXJIGQUC1VI1PKJVHV" 4713
"../../../../../../Tidy/TidyPrototype/Content/__ExternalActors__/Levels/Prototype1/4/DW/GC2JRXJIGQUC1VI1PKJVHV.uasset" 4714
"/Game/__ExternalActors__/Levels/Prototype1/B/9X/3OHP8Z4C8UJ2IOYA2F1HPV" 4715
"../../../../../../Tidy/TidyPrototype/Content/__ExternalActors__/Levels/Prototype1/B/9X/3OHP8Z4C8UJ2IOYA2F1HPV.uasset" 4716
"../../../../../../Tidy/TidyPrototype/Content/__ExternalActors__/Levels/Prototype1/C/48/NC4GFHCIXTWRKUSSD0OIVP.uasset" 4717
"/Game/__ExternalActors__/Levels/Prototype1/4/FJ/2JXRBN78KU3EM81E5FUZV4" 4718
"../../../../../../Tidy/TidyPrototype/Content/__ExternalActors__/Levels/Prototype1/4/FJ/2JXRBN78KU3EM81E5FUZV4.uasset" 4719
"/Game/__ExternalActors__/Levels/Prototype1/4/KB/19WR3RRIT2ZIPD8S0MJE4P" 4720
"../../../../../../Tidy/TidyPrototype/Content/__ExternalActors__/Levels/Prototype1/4/KB/19WR3RRIT2ZIPD8S0MJE4P.uasset" 4721
"../../../../../../Tidy/TidyPrototype/Content/__ExternalActors__/Levels/Prototype1/6/CF/HQ2GYSBXR4GA7FW30ZL42S.uasset" 4722
"/Game/__ExternalActors__/Levels/Prototype1/4/FP/MYCEAT7AXF4HMOJKJ55UD0" 4723
"../../../../../../Tidy/TidyPrototype/Content/__ExternalActors__/Levels/Prototype1/4/FP/MYCEAT7AXF4HMOJKJ55UD0.uasset" 4724
"/Game/__ExternalActors__/Levels/Prototype1/4/GJ/0X4A45B2D63I9SK0EXCPTA" 4725
"../../../../../../Tidy/TidyPrototype/Content/__ExternalActors__/Levels/Prototype1/4/GJ/0X4A45B2D63I9SK0EXCPTA.uasset" 4726
"../../../../../../Tidy/TidyPrototype/Content/Assets/House/Wood_Base_color_Mat.uasset" 4727
"../../../../../../Tidy/TidyPrototype/Content/Assets/House/Wood_Base_color.uasset" 4728
"/Game/__ExternalActors__/Levels/Prototype1/4/HY/14EWIPYG4XSCHA0KHRQITT" 4729
"../../../../../../Tidy/TidyPrototype/Content/__ExternalActors__/Levels/Prototype1/4/HY/14EWIPYG4XSCHA0KHRQITT.uasset" 4730
"/Game/__ExternalActors__/Levels/Prototype1/8/M7/TU0WKSPS1ZPZJU025DDX3L" 4731
"../../../../../../Tidy/TidyPrototype/Content/__ExternalActors__/Levels/Prototype1/8/M7/TU0WKSPS1ZPZJU025DDX3L.uasset" 4732
"../../../../../../Tidy/TidyPrototype/Content/__ExternalActors__/Levels/Prototype1/B/WO/27AD1WJVPXS92A3Q76XMKO.uasset" 4733
"/Game/__ExternalActors__/Levels/Prototype1/4/I1/S5YHDKZ2V9TH83W3KQ8FA9" 4734
"../../../../../../Tidy/TidyPrototype/Content/__ExternalActors__/Levels/Prototype1/4/I1/S5YHDKZ2V9TH83W3KQ8FA9.uasset" 4735
"../../../../../../Tidy/TidyPrototype/Content/Materials/LivingRoom_TextureSheets/Video_Games/GameCase/M_GameCovers.uasset" 4736
"../../../../../../Tidy/TidyPrototype/Content/Assets/Living_Room/VideoGames/StriderHorsingAround_CoverArt.uasset" 4737
"../../../../../../Tidy/TidyPrototype/Content/Materials/LivingRoom_TextureSheets/Video_Games/GameCase/UV_Texture_Square_standardSurface1_BaseColor.uasset" 4738
"../../../../../../Tidy/TidyPrototype/Content/Materials/LivingRoom_TextureSheets/Video_Games/GameCase/UV_Texture_Square_standardSurface1_OcclusionRoughnessMetallic.uasset" 4739
"/Game/__ExternalActors__/Levels/Prototype1/4/I4/FYK1W7AU8K8ZYN5RM8MD2N" 4740
"../../../../../../Tidy/TidyPrototype/Content/__ExternalActors__/Levels/Prototype1/4/I4/FYK1W7AU8K8ZYN5RM8MD2N.uasset" 4741
"/Game/__ExternalActors__/Levels/Prototype1/4/KA/7H67F6NT2B8N3LUWWAIZ2T" 4742
"../../../../../../Tidy/TidyPrototype/Content/__ExternalActors__/Levels/Prototype1/4/KA/7H67F6NT2B8N3LUWWAIZ2T.uasset" 4743
"/Game/__ExternalActors__/Levels/Prototype1/4/KI/TF8YP1CTHE64RGUN89VI4R" 4744
"../../../../../../Tidy/TidyPrototype/Content/__ExternalActors__/Levels/Prototype1/4/KI/TF8YP1CTHE64RGUN89VI4R.uasset" 4745
"/Game/__ExternalActors__/Levels/Prototype1/4/M7/F2JUMD6LJDVQF8YGTDK0VQ" 4746
"../../../../../../Tidy/TidyPrototype/Content/__ExternalActors__/Levels/Prototype1/4/M7/F2JUMD6LJDVQF8YGTDK0VQ.uasset" 4747
"/Game/__ExternalActors__/Levels/Prototype1/4/MZ/ZJXAIZ9GFQ9TS6EJBMXV1D" 4748
"../../../../../../Tidy/TidyPrototype/Content/__ExternalActors__/Levels/Prototype1/4/MZ/ZJXAIZ9GFQ9TS6EJBMXV1D.uasset" 4749
"../../../../../../Tidy/TidyPrototype/Content/KitchenFoodAssets/bowl_dirty.uasset" 4750
"/Game/__ExternalActors__/Levels/Prototype1/4/N6/O6FK5SQWETOB36XKZN8IG7" 4751
"../../../../../../Tidy/TidyPrototype/Content/__ExternalActors__/Levels/Prototype1/4/N6/O6FK5SQWETOB36XKZN8IG7.uasset" 4752
"/Game/__ExternalActors__/Levels/Prototype1/4/QB/PA7ZHTLF1J3Y339A6SPGQF" 4753
"../../../../../../Tidy/TidyPrototype/Content/__ExternalActors__/Levels/Prototype1/4/QB/PA7ZHTLF1J3Y339A6SPGQF.uasset" 4754
"../../../../../../Tidy/TidyPrototype/Content/Assets/Living_Room/2/Coffee_Table_2.uasset" 4755
"/Game/__ExternalActors__/Levels/Prototype1/4/QU/X5TWU35NKSYHY4GYN57ZG5" 4756
"../../../../../../Tidy/TidyPrototype/Content/__ExternalActors__/Levels/Prototype1/4/QU/X5TWU35NKSYHY4GYN57ZG5.uasset" 4757
"../../../../../../Tidy/TidyPrototype/Content/Assets/Living_Room/2/TV_2.uasset" 4758
"/Game/__ExternalActors__/Levels/Prototype1/4/QZ/H9YZ4GBLCHZ5RXHMEH2IUW" 4759
"../../../../../../Tidy/TidyPrototype/Content/__ExternalActors__/Levels/Prototype1/4/QZ/H9YZ4GBLCHZ5RXHMEH2IUW.uasset" 4760
"/Game/__ExternalActors__/Levels/Prototype1/4/RY/BOSMZT91TTIDRGVCVS2WXY" 4761
"../../../../../../Tidy/TidyPrototype/Content/__ExternalActors__/Levels/Prototype1/4/RY/BOSMZT91TTIDRGVCVS2WXY.uasset" 4762
"../../../../../../Tidy/TidyPrototype/Content/Materials/M_Skull.uasset" 4763
"../../../../../../Tidy/TidyPrototype/Content/Assets/Props/Skull.uasset" 4764
"../../../../../../Tidy/TidyPrototype/Content/Materials/Skull/Low_skull_Broken_initialShadingGroup_BaseColor.uasset" 4765
"../../../../../../Tidy/TidyPrototype/Content/Materials/Skull/Low_skull_Broken_initialShadingGroup_Emissive.uasset" 4766
"../../../../../../Tidy/TidyPrototype/Content/Materials/Skull/Low_skull_Broken_initialShadingGroup_Normal.uasset" 4767
"../../../../../../Tidy/TidyPrototype/Content/Materials/Skull/Low_skull_Broken_initialShadingGroup_OcclusionRoughnessMetallic.uasset" 4768
"/Game/__ExternalActors__/Levels/Prototype1/4/RZ/44X36F7NJWQL36PBU8MEJA" 4769
"../../../../../../Tidy/TidyPrototype/Content/__ExternalActors__/Levels/Prototype1/4/RZ/44X36F7NJWQL36PBU8MEJA.uasset" 4770
"/Game/__ExternalActors__/Levels/Prototype1/4/SW/RGUFNXSF0FWYTW0CGD8FPU" 4771
"../../../../../../Tidy/TidyPrototype/Content/__ExternalActors__/Levels/Prototype1/4/SW/RGUFNXSF0FWYTW0CGD8FPU.uasset" 4772
"../../../../../../Tidy/TidyPrototype/Content/Assets/Kitchen/Kitchen_Pantry_Microwave_Knob.uasset" 4773
"/Game/__ExternalActors__/Levels/Prototype1/4/T0/EU5432ISUPYGLT61XLXORE" 4774
"../../../../../../Tidy/TidyPrototype/Content/__ExternalActors__/Levels/Prototype1/4/T0/EU5432ISUPYGLT61XLXORE.uasset" 4775
"/Game/__ExternalActors__/Levels/Prototype1/4/T0/M9PQGV41XNHQUUBAKMBZHM" 4776
"../../../../../../Tidy/TidyPrototype/Content/__ExternalActors__/Levels/Prototype1/4/T0/M9PQGV41XNHQUUBAKMBZHM.uasset" 4777
"../../../../../../Tidy/TidyPrototype/Content/Assets/Bedroom/NightStand_Body.uasset" 4778
"/Game/__ExternalActors__/Levels/Prototype1/4/T4/RUXWKTQLUR3AASW1V4KIOV" 4779
"../../../../../../Tidy/TidyPrototype/Content/__ExternalActors__/Levels/Prototype1/4/T4/RUXWKTQLUR3AASW1V4KIOV.uasset" 4780
"../../../../../../Tidy/TidyPrototype/Content/Assets/Bedroom/Tall_Lamp.uasset" 4781
"/Game/__ExternalActors__/Levels/Prototype1/4/VR/C3OTIDM8BUMT6SUTOCYUSM" 4782
"../../../../../../Tidy/TidyPrototype/Content/__ExternalActors__/Levels/Prototype1/4/VR/C3OTIDM8BUMT6SUTOCYUSM.uasset" 4783
"/Game/__ExternalActors__/Levels/Prototype1/4/WT/ZYZY280T03AJL43HMDBL5F" 4784
"../../../../../../Tidy/TidyPrototype/Content/__ExternalActors__/Levels/Prototype1/4/WT/ZYZY280T03AJL43HMDBL5F.uasset" 4785
"/Game/__ExternalActors__/Levels/Prototype1/4/XB/7GDG0FD6T3M21S77RGCPWV" 4786
"../../../../../../Tidy/TidyPrototype/Content/__ExternalActors__/Levels/Prototype1/4/XB/7GDG0FD6T3M21S77RGCPWV.uasset" 4787
"../../../../../../Tidy/TidyPrototype/Content/Assets/Bathroom/Mirror.uasset" 4788
"/Game/__ExternalActors__/Levels/Prototype1/4/XY/TWF3VGLNP1NH69DAQ7ZJLM" 4789
"../../../../../../Tidy/TidyPrototype/Content/__ExternalActors__/Levels/Prototype1/4/XY/TWF3VGLNP1NH69DAQ7ZJLM.uasset" 4790
"/Game/__ExternalActors__/Levels/Prototype1/4/YT/C5PEPHO8O0ONSW2TF79GG8" 4791
"../../../../../../Tidy/TidyPrototype/Content/__ExternalActors__/Levels/Prototype1/4/YT/C5PEPHO8O0ONSW2TF79GG8.uasset" 4792
"/Game/__ExternalActors__/Levels/Prototype1/5/10/J8NC8JJ4LA78MLM3J1LXAX" 4793
"../../../../../../Tidy/TidyPrototype/Content/__ExternalActors__/Levels/Prototype1/5/10/J8NC8JJ4LA78MLM3J1LXAX.uasset" 4794
"../../../../../../Tidy/TidyPrototype/Content/__ExternalActors__/Levels/Prototype1/8/XZ/94DLC6MVRPSFJ2XIL7AYCG.uasset" 4795
"../../../../../../Tidy/TidyPrototype/Content/Materials/MI_Hide_Inidicator_Green.uasset" 4796
"../../../../../../Tidy/TidyPrototype/Content/Materials/MI_BookHide.uasset" 4797
"/Game/__ExternalActors__/Levels/Prototype1/5/1I/LGAK37B5EK1SFS2NRS5Y65" 4798
"../../../../../../Tidy/TidyPrototype/Content/__ExternalActors__/Levels/Prototype1/5/1I/LGAK37B5EK1SFS2NRS5Y65.uasset" 4799
"/Game/__ExternalActors__/Levels/Prototype1/5/2H/HFLP8K4WQRDB3U37OAWOZ0" 4800
"../../../../../../Tidy/TidyPrototype/Content/__ExternalActors__/Levels/Prototype1/5/2H/HFLP8K4WQRDB3U37OAWOZ0.uasset" 4801
"../../../../../../Tidy/TidyPrototype/Content/Assets/Bathroom/Toothbrush.uasset" 4802
"/Game/__ExternalActors__/Levels/Prototype1/5/4R/IAB7PL6KURREQRZYNA6BSX" 4803
"../../../../../../Tidy/TidyPrototype/Content/__ExternalActors__/Levels/Prototype1/5/4R/IAB7PL6KURREQRZYNA6BSX.uasset" 4804
"/Game/__ExternalActors__/Levels/Prototype1/5/6Y/29ZU9AO00I9RKKHWAJB4K1" 4805
"../../../../../../Tidy/TidyPrototype/Content/__ExternalActors__/Levels/Prototype1/5/6Y/29ZU9AO00I9RKKHWAJB4K1.uasset" 4806
"../../../../../../Tidy/TidyPrototype/Content/__ExternalActors__/Levels/Prototype1/A/GQ/MEJ65IE8TDFYZNW51XMXIV.uasset" 4807
"../../../../../../Tidy/TidyPrototype/Content/__ExternalActors__/Levels/Prototype1/8/63/F6RV4SL39NP9KFEX6WCTGR.uasset" 4808
"/Game/__ExternalActors__/Levels/Prototype1/C/RR/BA1NIEJDV62DGC00CDM9GW" 4809
"../../../../../../Tidy/TidyPrototype/Content/__ExternalActors__/Levels/Prototype1/C/RR/BA1NIEJDV62DGC00CDM9GW.uasset" 4810
"../../../../../../Tidy/TidyPrototype/Content/__ExternalActors__/Levels/Prototype1/F/1N/CWDESQI9JUF4MBN4H7AFUN.uasset" 4811
"/Game/__ExternalActors__/Levels/Prototype1/5/72/OUILCYFVXZ5FOY5YALFXPJ" 4812
"../../../../../../Tidy/TidyPrototype/Content/__ExternalActors__/Levels/Prototype1/5/72/OUILCYFVXZ5FOY5YALFXPJ.uasset" 4813
"/Game/__ExternalActors__/Levels/Prototype1/5/8H/MNRD6HBU6MXTPAKC4XQVMQ" 4814
"../../../../../../Tidy/TidyPrototype/Content/__ExternalActors__/Levels/Prototype1/5/8H/MNRD6HBU6MXTPAKC4XQVMQ.uasset" 4815
"/Game/__ExternalActors__/Levels/Prototype1/5/9H/6L3DPVPIYVH08NLCT6P7SI" 4816
"../../../../../../Tidy/TidyPrototype/Content/__ExternalActors__/Levels/Prototype1/5/9H/6L3DPVPIYVH08NLCT6P7SI.uasset" 4817
"/Game/__ExternalActors__/Levels/Prototype1/B/EF/ICM65F5LFI37W0FBX255ZH" 4818
"../../../../../../Tidy/TidyPrototype/Content/__ExternalActors__/Levels/Prototype1/B/EF/ICM65F5LFI37W0FBX255ZH.uasset" 4819
"../../../../../../Tidy/TidyPrototype/Content/__ExternalActors__/Levels/Prototype1/A/5L/D976I94PJPUNK7S92A0DOU.uasset" 4820
"/Game/__ExternalActors__/Levels/Prototype1/5/D4/A4E512K3BZVR18500XO0NS" 4821
"../../../../../../Tidy/TidyPrototype/Content/__ExternalActors__/Levels/Prototype1/5/D4/A4E512K3BZVR18500XO0NS.uasset" 4822
"/Game/__ExternalActors__/Levels/Prototype1/5/EX/NK9ENQS315QH2L2HHD6K96" 4823
"../../../../../../Tidy/TidyPrototype/Content/__ExternalActors__/Levels/Prototype1/5/EX/NK9ENQS315QH2L2HHD6K96.uasset" 4824
"/Game/__ExternalActors__/Levels/Prototype1/5/FA/Y1I6FMBTB9BPN34UF5HOYV" 4825
"../../../../../../Tidy/TidyPrototype/Content/__ExternalActors__/Levels/Prototype1/5/FA/Y1I6FMBTB9BPN34UF5HOYV.uasset" 4826
"/Game/__ExternalActors__/Levels/Prototype1/5/FY/FAMUGX68WTM1HFZBS3PGCJ" 4827
"../../../../../../Tidy/TidyPrototype/Content/__ExternalActors__/Levels/Prototype1/5/FY/FAMUGX68WTM1HFZBS3PGCJ.uasset" 4828
"/Game/__ExternalActors__/Levels/Prototype1/5/HN/BNWA98XI57FXZ052W0IOMP" 4829
"../../../../../../Tidy/TidyPrototype/Content/__ExternalActors__/Levels/Prototype1/5/HN/BNWA98XI57FXZ052W0IOMP.uasset" 4830
"/Game/__ExternalActors__/Levels/Prototype1/5/HY/3EWE33VFY2Z4XHRF8MPHTM" 4831
"../../../../../../Tidy/TidyPrototype/Content/__ExternalActors__/Levels/Prototype1/5/HY/3EWE33VFY2Z4XHRF8MPHTM.uasset" 4832
"/Game/__ExternalActors__/Levels/Prototype1/5/M7/PH5DHKASWNHM6S8I9DZ4YK" 4833
"../../../../../../Tidy/TidyPrototype/Content/__ExternalActors__/Levels/Prototype1/5/M7/PH5DHKASWNHM6S8I9DZ4YK.uasset" 4834
"/Game/__ExternalActors__/Levels/Prototype1/5/ML/IWQ7BEOAN1AWGC5J0387CP" 4835
"../../../../../../Tidy/TidyPrototype/Content/__ExternalActors__/Levels/Prototype1/5/ML/IWQ7BEOAN1AWGC5J0387CP.uasset" 4836
"../../../../../../Tidy/TidyPrototype/Content/KitchenFoodAssets/knife.uasset" 4837
"/Game/__ExternalActors__/Levels/Prototype1/5/NY/202C7U26BK4NPMYFGGNYTZ" 4838
"../../../../../../Tidy/TidyPrototype/Content/__ExternalActors__/Levels/Prototype1/5/NY/202C7U26BK4NPMYFGGNYTZ.uasset" 4839
"/Game/__ExternalActors__/Levels/Prototype1/5/PT/XBGDXFECZ0G57T4DJFD9U8" 4840
"../../../../../../Tidy/TidyPrototype/Content/__ExternalActors__/Levels/Prototype1/5/PT/XBGDXFECZ0G57T4DJFD9U8.uasset" 4841
"../../../../../../Tidy/TidyPrototype/Content/SM_Staircase.uasset" 4842
"/Game/__ExternalActors__/Levels/Prototype1/5/QF/E8RHG77X0W4LYJBG0OEIF0" 4843
"../../../../../../Tidy/TidyPrototype/Content/__ExternalActors__/Levels/Prototype1/5/QF/E8RHG77X0W4LYJBG0OEIF0.uasset" 4844
"/Game/__ExternalActors__/Levels/Prototype1/5/QV/E586MAGZJNGXJPD5E0ZDIC" 4845
"../../../../../../Tidy/TidyPrototype/Content/__ExternalActors__/Levels/Prototype1/5/QV/E586MAGZJNGXJPD5E0ZDIC.uasset" 4846
"../../../../../../Tidy/TidyPrototype/Content/KitchenFoodAssets/ketchup.uasset" 4847
"/Game/__ExternalActors__/Levels/Prototype1/5/RJ/6ECUMOYSH264KNOYGA34UC" 4848
"../../../../../../Tidy/TidyPrototype/Content/__ExternalActors__/Levels/Prototype1/5/RJ/6ECUMOYSH264KNOYGA34UC.uasset" 4849
"../../../../../../Tidy/TidyPrototype/Content/__ExternalActors__/Levels/Prototype1/9/MK/T818EPEZZE2TTMAIXPLRRV.uasset" 4850
"/Game/__ExternalActors__/Levels/Prototype1/5/YE/0Z6YTP68FWTVDOE5A4H8O8" 4851
"../../../../../../Tidy/TidyPrototype/Content/__ExternalActors__/Levels/Prototype1/5/YE/0Z6YTP68FWTVDOE5A4H8O8.uasset" 4852
"/Game/__ExternalActors__/Levels/Prototype1/5/ZR/LVKNLUP1WSS4O2S74PC287" 4853
"../../../../../../Tidy/TidyPrototype/Content/__ExternalActors__/Levels/Prototype1/5/ZR/LVKNLUP1WSS4O2S74PC287.uasset" 4854
"/Game/__ExternalActors__/Levels/Prototype1/6/2G/7W4GSS9V9P7VC2QWSFEZMP" 4855
"../../../../../../Tidy/TidyPrototype/Content/__ExternalActors__/Levels/Prototype1/6/2G/7W4GSS9V9P7VC2QWSFEZMP.uasset" 4856
"../../../../../../Tidy/TidyPrototype/Content/Assets/Living_Room/VideoGames/Unknown_CoverArt.uasset" 4857
"/Game/__ExternalActors__/Levels/Prototype1/6/3M/D0U15Q72B6W6ACHY4R198G" 4858
"../../../../../../Tidy/TidyPrototype/Content/__ExternalActors__/Levels/Prototype1/6/3M/D0U15Q72B6W6ACHY4R198G.uasset" 4859
"/Game/__ExternalActors__/Levels/Prototype1/6/42/BP3JSDRA3562FVWUSFTZ0Y" 4860
"../../../../../../Tidy/TidyPrototype/Content/__ExternalActors__/Levels/Prototype1/6/42/BP3JSDRA3562FVWUSFTZ0Y.uasset" 4861
"/Game/__ExternalActors__/Levels/Prototype1/6/6D/8KK8HUMRHFQYA8FHNZR45G" 4862
"../../../../../../Tidy/TidyPrototype/Content/__ExternalActors__/Levels/Prototype1/6/6D/8KK8HUMRHFQYA8FHNZR45G.uasset" 4863
"../../../../../../Tidy/TidyPrototype/Content/Materials/M_BlockOutMat.uasset" 4864
"/Game/__ExternalActors__/Levels/Prototype1/6/79/P3R14NR1D1Z08M7IW6N9F3" 4865
"../../../../../../Tidy/TidyPrototype/Content/__ExternalActors__/Levels/Prototype1/6/79/P3R14NR1D1Z08M7IW6N9F3.uasset" 4866
"../../../../../../Tidy/TidyPrototype/Content/__ExternalActors__/Levels/Prototype1/C/3M/VP8IPC3GONLDBVLHWWLARC.uasset" 4867
"/Game/__ExternalActors__/Levels/Prototype1/6/7Q/YRNR20VB573Z8CLVAUSP5I" 4868
"../../../../../../Tidy/TidyPrototype/Content/__ExternalActors__/Levels/Prototype1/6/7Q/YRNR20VB573Z8CLVAUSP5I.uasset" 4869
"../../../../../../Tidy/TidyPrototype/Content/__ExternalActors__/Levels/Prototype1/8/UN/SK7KE60W6HQCX81S6ENIHN.uasset" 4870
"/Game/__ExternalActors__/Levels/Prototype1/6/88/W5MPBJKE6N56DBJOKMUC6Z" 4871
"../../../../../../Tidy/TidyPrototype/Content/__ExternalActors__/Levels/Prototype1/6/88/W5MPBJKE6N56DBJOKMUC6Z.uasset" 4872
"../../../../../../Tidy/TidyPrototype/Content/Assets/Bathroom/Bath.uasset" 4873
"/Game/__ExternalActors__/Levels/Prototype1/6/CV/1U1K07UXC8AEADBEYX10EF" 4874
"../../../../../../Tidy/TidyPrototype/Content/__ExternalActors__/Levels/Prototype1/6/CV/1U1K07UXC8AEADBEYX10EF.uasset" 4875
"../../../../../../Tidy/TidyPrototype/Content/Assets/Bathroom/Sink.uasset" 4876
"/Game/__ExternalActors__/Levels/Prototype1/6/DD/VPQXVMVQ72960GQTMUXX0X" 4877
"../../../../../../Tidy/TidyPrototype/Content/__ExternalActors__/Levels/Prototype1/6/DD/VPQXVMVQ72960GQTMUXX0X.uasset" 4878
"/Game/__ExternalActors__/Levels/Prototype1/6/DF/8ZIL715759X19Z47DXIKWM" 4879
"../../../../../../Tidy/TidyPrototype/Content/__ExternalActors__/Levels/Prototype1/6/DF/8ZIL715759X19Z47DXIKWM.uasset" 4880
"/Game/__ExternalActors__/Levels/Prototype1/6/DM/TW7APJONNYRAMFMCOUHR1I" 4881
"../../../../../../Tidy/TidyPrototype/Content/__ExternalActors__/Levels/Prototype1/6/DM/TW7APJONNYRAMFMCOUHR1I.uasset" 4882
"/Game/__ExternalActors__/Levels/Prototype1/6/EX/772TG54MD88KQLFQU5REPR" 4883
"../../../../../../Tidy/TidyPrototype/Content/__ExternalActors__/Levels/Prototype1/6/EX/772TG54MD88KQLFQU5REPR.uasset" 4884
"../../../../../../Tidy/TidyPrototype/Content/Materials/Storage_Vessels/Toybox_trimsheet__1__Mat.uasset" 4885
"../../../../../../Tidy/TidyPrototype/Content/Assets/Storage_Vessels/Toy_Chest_Body.uasset" 4886
"../../../../../../Tidy/TidyPrototype/Content/Materials/Storage_Vessels/Toybox_trimsheet__1_.uasset" 4887
"/Game/__ExternalActors__/Levels/Prototype1/6/GT/1WHOJ24EKYI4MK79C5EY2V" 4888
"../../../../../../Tidy/TidyPrototype/Content/__ExternalActors__/Levels/Prototype1/6/GT/1WHOJ24EKYI4MK79C5EY2V.uasset" 4889
"../../../../../../Tidy/TidyPrototype/Content/Assets/House/Carpet_Bedroom0.uasset" 4890
"/Game/__ExternalActors__/Levels/Prototype1/6/IN/2SEYTM6Z6FOJOYPDGNDUMA" 4891
"../../../../../../Tidy/TidyPrototype/Content/__ExternalActors__/Levels/Prototype1/6/IN/2SEYTM6Z6FOJOYPDGNDUMA.uasset" 4892
"../../../../../../Tidy/TidyPrototype/Content/__ExternalActors__/Levels/Prototype1/E/VS/0L53P1166N5LT640JIZNFA.uasset" 4893
"../../../../../../Tidy/TidyPrototype/Content/__ExternalActors__/Levels/Prototype1/E/DE/H0HCIFT2KEUHZVT9BB967F.uasset" 4894
"/Game/__ExternalActors__/Levels/Prototype1/6/IX/PFCKSGZJI4ZILWEDXYI1QA" 4895
"../../../../../../Tidy/TidyPrototype/Content/__ExternalActors__/Levels/Prototype1/6/IX/PFCKSGZJI4ZILWEDXYI1QA.uasset" 4896
"/Game/__ExternalActors__/Levels/Prototype1/6/JG/YMR686R01DAUXJD7Q548UN" 4897
"../../../../../../Tidy/TidyPrototype/Content/__ExternalActors__/Levels/Prototype1/6/JG/YMR686R01DAUXJD7Q548UN.uasset" 4898
"../../../../../../Tidy/TidyPrototype/Content/KitchenFoodAssets/papertowel.uasset" 4899
"/Game/__ExternalActors__/Levels/Prototype1/6/K0/HKQWU94KNDDWNYKYQ7TI7H" 4900
"../../../../../../Tidy/TidyPrototype/Content/__ExternalActors__/Levels/Prototype1/6/K0/HKQWU94KNDDWNYKYQ7TI7H.uasset" 4901
"../../../../../../Tidy/TidyPrototype/Content/Blueprints/Doors/ChineseCabinetDoors/BP_ChineseCabinetDoorShortLeft.uasset" 4902
"../../../../../../Tidy/TidyPrototype/Content/Assets/Bedroom/BookCase_Door.uasset" 4903
"/Game/__ExternalActors__/Levels/Prototype1/6/KE/AP996K5QEFNZURRA0AXLZS" 4904
"../../../../../../Tidy/TidyPrototype/Content/__ExternalActors__/Levels/Prototype1/6/KE/AP996K5QEFNZURRA0AXLZS.uasset" 4905
"../../../../../../Tidy/TidyPrototype/Content/Assets/Kitchen/Kitchen_Appliances_Toaster.uasset" 4906
"/Game/__ExternalActors__/Levels/Prototype1/6/LA/XASFWTGUHI74B4NWBCWHES" 4907
"../../../../../../Tidy/TidyPrototype/Content/__ExternalActors__/Levels/Prototype1/6/LA/XASFWTGUHI74B4NWBCWHES.uasset" 4908
"../../../../../../Tidy/TidyPrototype/Content/__ExternalActors__/Levels/Prototype1/D/GQ/RT0JXGLKVMLQZUOVPTJX63.uasset" 4909
"../../../../../../Tidy/TidyPrototype/Content/__ExternalActors__/Levels/Prototype1/D/XE/8F5NB74L3T1A22XL7V22EJ.uasset" 4910
"/Game/__ExternalActors__/Levels/Prototype1/6/N2/TX1CVVZ8RDN195OPDUX1SN" 4911
"../../../../../../Tidy/TidyPrototype/Content/__ExternalActors__/Levels/Prototype1/6/N2/TX1CVVZ8RDN195OPDUX1SN.uasset" 4912
"/Game/__ExternalActors__/Levels/Prototype1/6/O0/5ERI2FT9TAI2JKAT5XTDCW" 4913
"../../../../../../Tidy/TidyPrototype/Content/__ExternalActors__/Levels/Prototype1/6/O0/5ERI2FT9TAI2JKAT5XTDCW.uasset" 4914
"/Game/__ExternalActors__/Levels/Prototype1/6/O6/E82BTTV6FBT5JF0OZ8T7HY" 4915
"../../../../../../Tidy/TidyPrototype/Content/__ExternalActors__/Levels/Prototype1/6/O6/E82BTTV6FBT5JF0OZ8T7HY.uasset" 4916
"/Game/__ExternalActors__/Levels/Prototype1/6/OC/INWI9TUNJCELTV12S51W7R" 4917
"../../../../../../Tidy/TidyPrototype/Content/__ExternalActors__/Levels/Prototype1/6/OC/INWI9TUNJCELTV12S51W7R.uasset" 4918
"/Game/__ExternalActors__/Levels/Prototype1/6/PM/DQP22JA2J9WSKFCVY5WWK7" 4919
"../../../../../../Tidy/TidyPrototype/Content/__ExternalActors__/Levels/Prototype1/6/PM/DQP22JA2J9WSKFCVY5WWK7.uasset" 4920
"/Game/__ExternalActors__/Levels/Prototype1/6/S7/EPQ96QZNH66KAUDKV6VL6X" 4921
"../../../../../../Tidy/TidyPrototype/Content/__ExternalActors__/Levels/Prototype1/6/S7/EPQ96QZNH66KAUDKV6VL6X.uasset" 4922
"/Game/__ExternalActors__/Levels/Prototype1/6/T7/J1EDP9HDBG1S0WLJTXHXCG" 4923
"../../../../../../Tidy/TidyPrototype/Content/__ExternalActors__/Levels/Prototype1/6/T7/J1EDP9HDBG1S0WLJTXHXCG.uasset" 4924
"/Game/__ExternalActors__/Levels/Prototype1/6/TV/1211TQIOXY2SDIU9021SG5" 4925
"../../../../../../Tidy/TidyPrototype/Content/__ExternalActors__/Levels/Prototype1/6/TV/1211TQIOXY2SDIU9021SG5.uasset" 4926
"/Game/__ExternalActors__/Levels/Prototype1/6/WP/VVFGTVH0IHYGT1RGL7IF80" 4927
"../../../../../../Tidy/TidyPrototype/Content/__ExternalActors__/Levels/Prototype1/6/WP/VVFGTVH0IHYGT1RGL7IF80.uasset" 4928
"/Game/__ExternalActors__/Levels/Prototype1/6/WT/N7HQVQR4A5BWVJ4IDHOZIQ" 4929
"../../../../../../Tidy/TidyPrototype/Content/__ExternalActors__/Levels/Prototype1/6/WT/N7HQVQR4A5BWVJ4IDHOZIQ.uasset" 4930
"../../../../../../Tidy/TidyPrototype/Content/__ExternalActors__/Levels/Prototype1/D/E4/4PLDRS8HAX4VYRS0SZU9EM.uasset" 4931
"../../../../../../Tidy/TidyPrototype/Content/Assets/Storage_Vessels/Toy_Chest_Lid.uasset" 4932
"/Game/__ExternalActors__/Levels/Prototype1/6/XA/Y4VO3V39RNI4JC80NDV4AD" 4933
"../../../../../../Tidy/TidyPrototype/Content/__ExternalActors__/Levels/Prototype1/6/XA/Y4VO3V39RNI4JC80NDV4AD.uasset" 4934
"/Game/__ExternalActors__/Levels/Prototype1/6/Z8/ZNPH1UPA18RFJCR71OUVW9" 4935
"../../../../../../Tidy/TidyPrototype/Content/__ExternalActors__/Levels/Prototype1/6/Z8/ZNPH1UPA18RFJCR71OUVW9.uasset" 4936
"../../../../../../Tidy/TidyPrototype/Content/Materials/LivingRoom_TextureSheets/UV_Texture_Square_standardSurface1_BaseColor_Mat.uasset" 4937
"../../../../../../Tidy/TidyPrototype/Content/Assets/Living_Room/TV_Remote.uasset" 4938
"/Game/__ExternalActors__/Levels/Prototype1/7/00/TEYAVJS4KOHF63STR7HSWF" 4939
"../../../../../../Tidy/TidyPrototype/Content/__ExternalActors__/Levels/Prototype1/7/00/TEYAVJS4KOHF63STR7HSWF.uasset" 4940
"../../../../../../Tidy/TidyPrototype/Content/KitchenFoodAssets/jar_A_large.uasset" 4941
"/Game/__ExternalActors__/Levels/Prototype1/7/0T/N3MIT6TR67VZF2249SV6NR" 4942
"../../../../../../Tidy/TidyPrototype/Content/__ExternalActors__/Levels/Prototype1/7/0T/N3MIT6TR67VZF2249SV6NR.uasset" 4943
"/Game/__ExternalActors__/Levels/Prototype1/7/5U/KW0AJ9319WBKR82AZZQ7GS" 4944
"../../../../../../Tidy/TidyPrototype/Content/__ExternalActors__/Levels/Prototype1/7/5U/KW0AJ9319WBKR82AZZQ7GS.uasset" 4945
"/Game/__ExternalActors__/Levels/Prototype1/7/5V/BJFQW0D29YM63ZQS49X5QB" 4946
"../../../../../../Tidy/TidyPrototype/Content/__ExternalActors__/Levels/Prototype1/7/5V/BJFQW0D29YM63ZQS49X5QB.uasset" 4947
"/Game/__ExternalActors__/Levels/Prototype1/7/6D/KXJI5H3YM12YCZGADMPZ06" 4948
"../../../../../../Tidy/TidyPrototype/Content/__ExternalActors__/Levels/Prototype1/7/6D/KXJI5H3YM12YCZGADMPZ06.uasset" 4949
"/Game/__ExternalActors__/Levels/Prototype1/7/8J/V59JZKHF46DUF3KIMW5FDU" 4950
"../../../../../../Tidy/TidyPrototype/Content/__ExternalActors__/Levels/Prototype1/7/8J/V59JZKHF46DUF3KIMW5FDU.uasset" 4951
"/Game/__ExternalActors__/Levels/Prototype1/7/AK/CCMCAAQ6LGK1AOY0BL8KHO" 4952
"../../../../../../Tidy/TidyPrototype/Content/__ExternalActors__/Levels/Prototype1/7/AK/CCMCAAQ6LGK1AOY0BL8KHO.uasset" 4953
"/Game/__ExternalActors__/Levels/Prototype1/7/AQ/JPKMH7HI3UWRA3AKFSBZZ7" 4954
"../../../../../../Tidy/TidyPrototype/Content/__ExternalActors__/Levels/Prototype1/7/AQ/JPKMH7HI3UWRA3AKFSBZZ7.uasset" 4955
"/Game/__ExternalActors__/Levels/Prototype1/7/AV/L7KBT5BFILJCBHC8BGKTPT" 4956
"../../../../../../Tidy/TidyPrototype/Content/__ExternalActors__/Levels/Prototype1/7/AV/L7KBT5BFILJCBHC8BGKTPT.uasset" 4957
"/Game/__ExternalActors__/Levels/Prototype1/7/C3/G7UI9T0BIVLFT1TDOIAZYI" 4958
"../../../../../../Tidy/TidyPrototype/Content/__ExternalActors__/Levels/Prototype1/7/C3/G7UI9T0BIVLFT1TDOIAZYI.uasset" 4959
"../../../../../../Tidy/TidyPrototype/Content/KitchenFoodAssets/food_burger.uasset" 4960
"/Game/__ExternalActors__/Levels/Prototype1/7/CP/GXYAQNH8BSE5LP7GCIVZV9" 4961
"../../../../../../Tidy/TidyPrototype/Content/__ExternalActors__/Levels/Prototype1/7/CP/GXYAQNH8BSE5LP7GCIVZV9.uasset" 4962
"/Game/__ExternalActors__/Levels/Prototype1/7/D9/BVHR0B8J846VKI3Y2YVFHT" 4963
"../../../../../../Tidy/TidyPrototype/Content/__ExternalActors__/Levels/Prototype1/7/D9/BVHR0B8J846VKI3Y2YVFHT.uasset" 4964
"../../../../../../Tidy/TidyPrototype/Content/Assets/Painting/M_SmallPics.uasset" 4965
"../../../../../../Tidy/TidyPrototype/Content/Assets/Painting/Henry_JoelPic.uasset" 4966
"../../../../../../Tidy/TidyPrototype/Content/Assets/Painting/SmallPictures_standardSurface2SG_BaseColor.uasset" 4967
"../../../../../../Tidy/TidyPrototype/Content/Assets/Painting/SmallPictures_standardSurface2SG_OcclusionRoughnessMetallic.uasset" 4968
"/Game/__ExternalActors__/Levels/Prototype1/7/F0/XUEIHGPMIHG757K14R33QA" 4969
"../../../../../../Tidy/TidyPrototype/Content/__ExternalActors__/Levels/Prototype1/7/F0/XUEIHGPMIHG757K14R33QA.uasset" 4970
"/Game/__ExternalActors__/Levels/Prototype1/7/FQ/5ZBDPE7K8GZE8SQJHDH0RS" 4971
"../../../../../../Tidy/TidyPrototype/Content/__ExternalActors__/Levels/Prototype1/7/FQ/5ZBDPE7K8GZE8SQJHDH0RS.uasset" 4972
"/Game/__ExternalActors__/Levels/Prototype1/7/IC/R6ES3O0Z67V5BKMX8ZZ4NO" 4973
"../../../../../../Tidy/TidyPrototype/Content/__ExternalActors__/Levels/Prototype1/7/IC/R6ES3O0Z67V5BKMX8ZZ4NO.uasset" 4974
"../../../../../../Tidy/TidyPrototype/Content/FoodAssetPack2/donut_001.uasset" 4975
"/Game/__ExternalActors__/Levels/Prototype1/7/J5/Z897APDQW6WLYFWM95DJBM" 4976
"../../../../../../Tidy/TidyPrototype/Content/__ExternalActors__/Levels/Prototype1/7/J5/Z897APDQW6WLYFWM95DJBM.uasset" 4977
"/Game/__ExternalActors__/Levels/Prototype1/7/JH/MOFBVGVK7PI4O4L6YA3BOT" 4978
"../../../../../../Tidy/TidyPrototype/Content/__ExternalActors__/Levels/Prototype1/7/JH/MOFBVGVK7PI4O4L6YA3BOT.uasset" 4979
"/Game/__ExternalActors__/Levels/Prototype1/7/KN/55E0LVWGZCEA2A0VOFGN7G" 4980
"../../../../../../Tidy/TidyPrototype/Content/__ExternalActors__/Levels/Prototype1/7/KN/55E0LVWGZCEA2A0VOFGN7G.uasset" 4981
"/Game/__ExternalActors__/Levels/Prototype1/7/KQ/AQ58ROZ4NO6JQU1YNM7K1V" 4982
"../../../../../../Tidy/TidyPrototype/Content/__ExternalActors__/Levels/Prototype1/7/KQ/AQ58ROZ4NO6JQU1YNM7K1V.uasset" 4983
"/Game/__ExternalActors__/Levels/Prototype1/7/L3/DUVJZA04CJP6A0R7MTOW92" 4984
"../../../../../../Tidy/TidyPrototype/Content/__ExternalActors__/Levels/Prototype1/7/L3/DUVJZA04CJP6A0R7MTOW92.uasset" 4985
"../../../../../../Tidy/TidyPrototype/Content/Levels/_GENERATED/thoma/Box_D8549F10.uasset" 4986
"/Game/__ExternalActors__/Levels/Prototype1/7/MW/CFSQEVM881JKF0YPVDR75Z" 4987
"../../../../../../Tidy/TidyPrototype/Content/__ExternalActors__/Levels/Prototype1/7/MW/CFSQEVM881JKF0YPVDR75Z.uasset" 4988
"/Game/__ExternalActors__/Levels/Prototype1/7/N0/7A54K1S4BNWZSRS3YGCPY2" 4989
"../../../../../../Tidy/TidyPrototype/Content/__ExternalActors__/Levels/Prototype1/7/N0/7A54K1S4BNWZSRS3YGCPY2.uasset" 4990
"/Game/__ExternalActors__/Levels/Prototype1/7/OS/XN8G34LC4K9341IVY7GN8N" 4991
"../../../../../../Tidy/TidyPrototype/Content/__ExternalActors__/Levels/Prototype1/7/OS/XN8G34LC4K9341IVY7GN8N.uasset" 4992
"/Game/__ExternalActors__/Levels/Prototype1/7/RZ/BLCKE87JLLGD0T8R2EMPVA" 4993
"../../../../../../Tidy/TidyPrototype/Content/__ExternalActors__/Levels/Prototype1/7/RZ/BLCKE87JLLGD0T8R2EMPVA.uasset" 4994
"/Game/__ExternalActors__/Levels/Prototype1/7/SK/R4QWXJO329E1I8ULDIHK0U" 4995
"../../../../../../Tidy/TidyPrototype/Content/__ExternalActors__/Levels/Prototype1/7/SK/R4QWXJO329E1I8ULDIHK0U.uasset" 4996
"/Game/__ExternalActors__/Levels/Prototype1/7/U1/OPVD8URWWQSUH6K70K80WE" 4997
"../../../../../../Tidy/TidyPrototype/Content/__ExternalActors__/Levels/Prototype1/7/U1/OPVD8URWWQSUH6K70K80WE.uasset" 4998
"/Game/__ExternalActors__/Levels/Prototype1/7/V5/GMRMCCTFDEUI5KW622E0YJ" 4999
"../../../../../../Tidy/TidyPrototype/Content/__ExternalActors__/Levels/Prototype1/7/V5/GMRMCCTFDEUI5KW622E0YJ.uasset" 5000
"/Game/__ExternalActors__/Levels/Prototype1/7/VD/Q2UM32CYOL4AUO747Q9YCE" 5001
"../../../../../../Tidy/TidyPrototype/Content/__ExternalActors__/Levels/Prototype1/7/VD/Q2UM32CYOL4AUO747Q9YCE.uasset" 5002
"/Game/__ExternalActors__/Levels/Prototype1/7/W7/SOTTJ2OVOG0TUMZK067E92" 5003
"../../../../../../Tidy/TidyPrototype/Content/__ExternalActors__/Levels/Prototype1/7/W7/SOTTJ2OVOG0TUMZK067E92.uasset" 5004
"/Game/__ExternalActors__/Levels/Prototype1/7/WR/U2OUBEOSTXPIJ734OGR2HO" 5005
"../../../../../../Tidy/TidyPrototype/Content/__ExternalActors__/Levels/Prototype1/7/WR/U2OUBEOSTXPIJ734OGR2HO.uasset" 5006
"/Game/__ExternalActors__/Levels/Prototype1/8/1A/1E1JBUHAV4642O8CU2D3ZT" 5007
"../../../../../../Tidy/TidyPrototype/Content/__ExternalActors__/Levels/Prototype1/8/1A/1E1JBUHAV4642O8CU2D3ZT.uasset" 5008
"../../../../../../Tidy/TidyPrototype/Content/Assets/MiscHouse/BP_TubeBin.uasset" 5009
"../../../../../../Tidy/TidyPrototype/Content/Assets/MiscHouse/House_SmallBin.uasset" 5010
"../../../../../../Tidy/TidyPrototype/Content/Assets/MiscHouse/House_SmallBin_Lid.uasset" 5011
"../../../../../../Tidy/TidyPrototype/Content/Assets/MiscHouse/House_SmallBin_Peddal.uasset" 5012
"/Game/__ExternalActors__/Levels/Prototype1/8/2C/TF4CDCN1DKBTHS2615Z1OP" 5013
"../../../../../../Tidy/TidyPrototype/Content/__ExternalActors__/Levels/Prototype1/8/2C/TF4CDCN1DKBTHS2615Z1OP.uasset" 5014
"/Game/__ExternalActors__/Levels/Prototype1/8/2S/RUPS4WI4J8JQVD6UTKDCJI" 5015
"../../../../../../Tidy/TidyPrototype/Content/__ExternalActors__/Levels/Prototype1/8/2S/RUPS4WI4J8JQVD6UTKDCJI.uasset" 5016
"/Game/__ExternalActors__/Levels/Prototype1/8/3B/5COJTRVQ3GY5QGV4BFJ10E" 5017
"../../../../../../Tidy/TidyPrototype/Content/__ExternalActors__/Levels/Prototype1/8/3B/5COJTRVQ3GY5QGV4BFJ10E.uasset" 5018
"../../../../../../Tidy/TidyPrototype/Content/Assets/Kitchen/Kitchen_Pantry_Microwave.uasset" 5019
"/Game/__ExternalActors__/Levels/Prototype1/8/6I/MFW70ISVDJEFN77O31QD13" 5020
"../../../../../../Tidy/TidyPrototype/Content/__ExternalActors__/Levels/Prototype1/8/6I/MFW70ISVDJEFN77O31QD13.uasset" 5021
"/Game/__ExternalActors__/Levels/Prototype1/8/6O/D86D7S9OBLU4GDVGA8EFNU" 5022
"../../../../../../Tidy/TidyPrototype/Content/__ExternalActors__/Levels/Prototype1/8/6O/D86D7S9OBLU4GDVGA8EFNU.uasset" 5023
"../../../../../../Tidy/TidyPrototype/Content/Assets/Kitchen/Kitchen_WallCupbaord.uasset" 5024
"/Game/__ExternalActors__/Levels/Prototype1/8/AS/BIY6Y5MLBAIYDSSB9156E5" 5025
"../../../../../../Tidy/TidyPrototype/Content/__ExternalActors__/Levels/Prototype1/8/AS/BIY6Y5MLBAIYDSSB9156E5.uasset" 5026
"../../../../../../Tidy/TidyPrototype/Content/Assets/Bathroom/Wall_Mount_Fish.uasset" 5027
"/Game/__ExternalActors__/Levels/Prototype1/8/F0/OSVWGBBJ42YFRQ2AFEWKSK" 5028
"../../../../../../Tidy/TidyPrototype/Content/__ExternalActors__/Levels/Prototype1/8/F0/OSVWGBBJ42YFRQ2AFEWKSK.uasset" 5029
"/Game/__ExternalActors__/Levels/Prototype1/8/GT/702W9UPXL8CY5J0K6SQDTP" 5030
"../../../../../../Tidy/TidyPrototype/Content/__ExternalActors__/Levels/Prototype1/8/GT/702W9UPXL8CY5J0K6SQDTP.uasset" 5031
"/Game/__ExternalActors__/Levels/Prototype1/8/KQ/AGPE1HCU4ZLGRFG20J9NB6" 5032
"../../../../../../Tidy/TidyPrototype/Content/__ExternalActors__/Levels/Prototype1/8/KQ/AGPE1HCU4ZLGRFG20J9NB6.uasset" 5033
"/Game/__ExternalActors__/Levels/Prototype1/8/LL/XPGIYG5C3QWU9MCMIB91SK" 5034
"../../../../../../Tidy/TidyPrototype/Content/__ExternalActors__/Levels/Prototype1/8/LL/XPGIYG5C3QWU9MCMIB91SK.uasset" 5035
"/Game/__ExternalActors__/Levels/Prototype1/8/NI/GOW50LESDP5RS44W08OWHO" 5036
"../../../../../../Tidy/TidyPrototype/Content/__ExternalActors__/Levels/Prototype1/8/NI/GOW50LESDP5RS44W08OWHO.uasset" 5037
"/Game/__ExternalActors__/Levels/Prototype1/8/NP/FQ5Q166QE813KKIQEPWEK1" 5038
"../../../../../../Tidy/TidyPrototype/Content/__ExternalActors__/Levels/Prototype1/8/NP/FQ5Q166QE813KKIQEPWEK1.uasset" 5039
"/Game/__ExternalActors__/Levels/Prototype1/8/NR/RKHYLOBOFHU03NAKCISORE" 5040
"../../../../../../Tidy/TidyPrototype/Content/__ExternalActors__/Levels/Prototype1/8/NR/RKHYLOBOFHU03NAKCISORE.uasset" 5041
"/Game/__ExternalActors__/Levels/Prototype1/B/MP/L185SQGDX1WB56QOX8IFSG" 5042
"../../../../../../Tidy/TidyPrototype/Content/__ExternalActors__/Levels/Prototype1/B/MP/L185SQGDX1WB56QOX8IFSG.uasset" 5043
"../../../../../../Tidy/TidyPrototype/Content/__ExternalActors__/Levels/Prototype1/D/T0/XQ5KV2RZ2DVA2S1OVG8JSM.uasset" 5044
"../../../../../../Tidy/TidyPrototype/Content/__ExternalActors__/Levels/Prototype1/B/ZR/XSFS9Y53MYV6C1XKS8FTDX.uasset" 5045
"/Game/__ExternalActors__/Levels/Prototype1/8/QB/MAXCDLRNN0I4IN76NBGTDX" 5046
"../../../../../../Tidy/TidyPrototype/Content/__ExternalActors__/Levels/Prototype1/8/QB/MAXCDLRNN0I4IN76NBGTDX.uasset" 5047
"../../../../../../Tidy/TidyPrototype/Content/Assets/Nuke/MI_Nuke.uasset" 5048
"../../../../../../Tidy/TidyPrototype/Content/Assets/Nuke/Nuke.uasset" 5049
"../../../../../../Tidy/TidyPrototype/Content/Assets/Nuke/M_Nuke.uasset" 5050
"../../../../../../Tidy/TidyPrototype/Content/Assets/Nuke/T_Nuke_BaseColour.uasset" 5051
"../../../../../../Tidy/TidyPrototype/Content/Assets/Nuke/T_Nuke_ORMS.uasset" 5052
"/Game/__ExternalActors__/Levels/Prototype1/8/QD/ZSNNR7LHSFMCZXPT5RZQNJ" 5053
"../../../../../../Tidy/TidyPrototype/Content/__ExternalActors__/Levels/Prototype1/8/QD/ZSNNR7LHSFMCZXPT5RZQNJ.uasset" 5054
"/Game/__ExternalActors__/Levels/Prototype1/8/R2/YDAM4Y9N8VE8DY3D9CYNA3" 5055
"../../../../../../Tidy/TidyPrototype/Content/__ExternalActors__/Levels/Prototype1/8/R2/YDAM4Y9N8VE8DY3D9CYNA3.uasset" 5056
"/Game/__ExternalActors__/Levels/Prototype1/8/TD/HNXDHEVVUO6E9XQQBXL35A" 5057
"../../../../../../Tidy/TidyPrototype/Content/__ExternalActors__/Levels/Prototype1/8/TD/HNXDHEVVUO6E9XQQBXL35A.uasset" 5058
"/Game/__ExternalActors__/Levels/Prototype1/8/TF/OIAFIAE2KJSFFNNAITBSCZ" 5059
"../../../../../../Tidy/TidyPrototype/Content/__ExternalActors__/Levels/Prototype1/8/TF/OIAFIAE2KJSFFNNAITBSCZ.uasset" 5060
"/Game/__ExternalActors__/Levels/Prototype1/8/XC/CQVJKA19OT9GB6ZCKTUN2J" 5061
"../../../../../../Tidy/TidyPrototype/Content/__ExternalActors__/Levels/Prototype1/8/XC/CQVJKA19OT9GB6ZCKTUN2J.uasset" 5062
"/Game/__ExternalActors__/Levels/Prototype1/9/0N/DC03NQ10DQSUJ3VLZ58G18" 5063
"../../../../../../Tidy/TidyPrototype/Content/__ExternalActors__/Levels/Prototype1/9/0N/DC03NQ10DQSUJ3VLZ58G18.uasset" 5064
"../../../../../../Tidy/TidyPrototype/Content/__ExternalActors__/Levels/Prototype1/D/M1/N9SP79APTS71RRCE42DGF6.uasset" 5065
"/Game/__ExternalActors__/Levels/Prototype1/9/0X/KI69LMH80FXCJPWDNV4MAZ" 5066
"../../../../../../Tidy/TidyPrototype/Content/__ExternalActors__/Levels/Prototype1/9/0X/KI69LMH80FXCJPWDNV4MAZ.uasset" 5067
"/Game/__ExternalActors__/Levels/Prototype1/9/64/P79FR6OU5X4K4APBIYZ7B4" 5068
"../../../../../../Tidy/TidyPrototype/Content/__ExternalActors__/Levels/Prototype1/9/64/P79FR6OU5X4K4APBIYZ7B4.uasset" 5069
"/Game/__ExternalActors__/Levels/Prototype1/9/6E/X20RD10PW1J54ON4Z5SRE1" 5070
"../../../../../../Tidy/TidyPrototype/Content/__ExternalActors__/Levels/Prototype1/9/6E/X20RD10PW1J54ON4Z5SRE1.uasset" 5071
"../../../../../../Tidy/TidyPrototype/Content/Levels/_GENERATED/thoma/CubeGridToolOutput_B99BBD35.uasset" 5072
"/Game/__ExternalActors__/Levels/Prototype1/9/9X/CUZ0CZ7P7HT4O9N96HZQP7" 5073
"../../../../../../Tidy/TidyPrototype/Content/__ExternalActors__/Levels/Prototype1/9/9X/CUZ0CZ7P7HT4O9N96HZQP7.uasset" 5074
"../../../../../../Tidy/TidyPrototype/Content/Assets/House/Wall.uasset" 5075
"/Game/__ExternalActors__/Levels/Prototype1/9/DE/FMAWUJEUFQ3W7LOX3NXBPU" 5076
"../../../../../../Tidy/TidyPrototype/Content/__ExternalActors__/Levels/Prototype1/9/DE/FMAWUJEUFQ3W7LOX3NXBPU.uasset" 5077
"../../../../../../Tidy/TidyPrototype/Content/Assets/Bathroom/Toilet.uasset" 5078
"/Game/__ExternalActors__/Levels/Prototype1/9/FV/CWZRV2ZQ8TTJCIV2L7WHA2" 5079
"../../../../../../Tidy/TidyPrototype/Content/__ExternalActors__/Levels/Prototype1/9/FV/CWZRV2ZQ8TTJCIV2L7WHA2.uasset" 5080
"../../../../../../Tidy/TidyPrototype/Content/Assets/Living_Room/2/Couch_BackCushion_2.uasset" 5081
"/Game/__ExternalActors__/Levels/Prototype1/9/GO/I8W6FADN6LU1CNQO60V857" 5082
"../../../../../../Tidy/TidyPrototype/Content/__ExternalActors__/Levels/Prototype1/9/GO/I8W6FADN6LU1CNQO60V857.uasset" 5083
"/Game/__ExternalActors__/Levels/Prototype1/9/JE/0NGQ2UJA0CZCBYFTSZB9IY" 5084
"../../../../../../Tidy/TidyPrototype/Content/__ExternalActors__/Levels/Prototype1/9/JE/0NGQ2UJA0CZCBYFTSZB9IY.uasset" 5085
"/Game/__ExternalActors__/Levels/Prototype1/9/KU/IG7A9OX07R03O1GEGLELTS" 5086
"../../../../../../Tidy/TidyPrototype/Content/__ExternalActors__/Levels/Prototype1/9/KU/IG7A9OX07R03O1GEGLELTS.uasset" 5087
"/Game/__ExternalActors__/Levels/Prototype1/9/KY/BQ3XINXW53ARGJS9I0RQUE" 5088
"../../../../../../Tidy/TidyPrototype/Content/__ExternalActors__/Levels/Prototype1/9/KY/BQ3XINXW53ARGJS9I0RQUE.uasset" 5089
"/Game/__ExternalActors__/Levels/Prototype1/9/L3/HJNYY0EHP1GMUIE4G63G3Q" 5090
"../../../../../../Tidy/TidyPrototype/Content/__ExternalActors__/Levels/Prototype1/9/L3/HJNYY0EHP1GMUIE4G63G3Q.uasset" 5091
"/Game/__ExternalActors__/Levels/Prototype1/9/OV/B7REP3YQ25I2HH74N5R0RF" 5092
"../../../../../../Tidy/TidyPrototype/Content/__ExternalActors__/Levels/Prototype1/9/OV/B7REP3YQ25I2HH74N5R0RF.uasset" 5093
"../../../../../../Tidy/TidyPrototype/Content/Assets/Kitchen/BP_Kettel.uasset" 5094
"../../../../../../Tidy/TidyPrototype/Content/Assets/Kitchen/Kitchen_Appliances_Kettle.uasset" 5095
"../../../../../../Tidy/TidyPrototype/Content/Assets/Kitchen/Kitchen_Appliances_Kettle_Base.uasset" 5096
"/Game/__ExternalActors__/Levels/Prototype1/9/PH/Y73CBE2DD623484804G6NH" 5097
"../../../../../../Tidy/TidyPrototype/Content/__ExternalActors__/Levels/Prototype1/9/PH/Y73CBE2DD623484804G6NH.uasset" 5098
"/Game/__ExternalActors__/Levels/Prototype1/9/PX/HHZR7GUSUMQRJEINTJ9B4U" 5099
"../../../../../../Tidy/TidyPrototype/Content/__ExternalActors__/Levels/Prototype1/9/PX/HHZR7GUSUMQRJEINTJ9B4U.uasset" 5100
"/Game/__ExternalActors__/Levels/Prototype1/9/SJ/RFKQJHO4SBP4GZB55EPXOO" 5101
"../../../../../../Tidy/TidyPrototype/Content/__ExternalActors__/Levels/Prototype1/9/SJ/RFKQJHO4SBP4GZB55EPXOO.uasset" 5102
"/Game/__ExternalActors__/Levels/Prototype1/9/T2/Y0S46UAMLB1XXCI6SYEGK1" 5103
"../../../../../../Tidy/TidyPrototype/Content/__ExternalActors__/Levels/Prototype1/9/T2/Y0S46UAMLB1XXCI6SYEGK1.uasset" 5104
"/Game/__ExternalActors__/Levels/Prototype1/9/UF/8P9VNPYDX5EXT9V8KLKFEM" 5105
"../../../../../../Tidy/TidyPrototype/Content/__ExternalActors__/Levels/Prototype1/9/UF/8P9VNPYDX5EXT9V8KLKFEM.uasset" 5106
"/Game/__ExternalActors__/Levels/Prototype1/9/VS/NTDQD89TUHGVFG6ZEW1P2N" 5107
"../../../../../../Tidy/TidyPrototype/Content/__ExternalActors__/Levels/Prototype1/9/VS/NTDQD89TUHGVFG6ZEW1P2N.uasset" 5108
"../../../../../../Tidy/TidyPrototype/Content/Assets/Kitchen/Kitchen_Appliances_CuttingBoard.uasset" 5109
"/Game/__ExternalActors__/Levels/Prototype1/9/WJ/ICS98K86GBVD8O3KZHEKR6" 5110
"../../../../../../Tidy/TidyPrototype/Content/__ExternalActors__/Levels/Prototype1/9/WJ/ICS98K86GBVD8O3KZHEKR6.uasset" 5111
"/Game/__ExternalActors__/Levels/Prototype1/9/X5/J5YFBMGSAJ5MA8WYI1HPIS" 5112
"../../../../../../Tidy/TidyPrototype/Content/__ExternalActors__/Levels/Prototype1/9/X5/J5YFBMGSAJ5MA8WYI1HPIS.uasset" 5113
"/Game/__ExternalActors__/Levels/Prototype1/9/X8/H7BMHKYG1D924VKJAY5VBP" 5114
"../../../../../../Tidy/TidyPrototype/Content/__ExternalActors__/Levels/Prototype1/9/X8/H7BMHKYG1D924VKJAY5VBP.uasset" 5115
"/Game/__ExternalActors__/Levels/Prototype1/9/Z7/UYHK1EN3SWKZPLOGS1AOGQ" 5116
"../../../../../../Tidy/TidyPrototype/Content/__ExternalActors__/Levels/Prototype1/9/Z7/UYHK1EN3SWKZPLOGS1AOGQ.uasset" 5117
"/Game/__ExternalActors__/Levels/Prototype1/A/0L/PKIGDO0ABVUOCB045J1UVF" 5118
"../../../../../../Tidy/TidyPrototype/Content/__ExternalActors__/Levels/Prototype1/A/0L/PKIGDO0ABVUOCB045J1UVF.uasset" 5119
"/Game/__ExternalActors__/Levels/Prototype1/A/0M/B8JR9IPKTCPCKRDCTAEM6Y" 5120
"../../../../../../Tidy/TidyPrototype/Content/__ExternalActors__/Levels/Prototype1/A/0M/B8JR9IPKTCPCKRDCTAEM6Y.uasset" 5121
"/Game/__ExternalActors__/Levels/Prototype1/A/31/FO3PK9G2C2FPSCKJJPD88I" 5122
"../../../../../../Tidy/TidyPrototype/Content/__ExternalActors__/Levels/Prototype1/A/31/FO3PK9G2C2FPSCKJJPD88I.uasset" 5123
"/Game/__ExternalActors__/Levels/Prototype1/A/3W/H53LO12S9TVRTS67UZFW2D" 5124
"../../../../../../Tidy/TidyPrototype/Content/__ExternalActors__/Levels/Prototype1/A/3W/H53LO12S9TVRTS67UZFW2D.uasset" 5125
"../../../../../../Tidy/TidyPrototype/Content/Assets/Painting/JoelPic.uasset" 5126
"/Game/__ExternalActors__/Levels/Prototype1/A/66/FUG88RE2YAGD4ZRWHBHGOJ" 5127
"../../../../../../Tidy/TidyPrototype/Content/__ExternalActors__/Levels/Prototype1/A/66/FUG88RE2YAGD4ZRWHBHGOJ.uasset" 5128
"../../../../../../Tidy/TidyPrototype/Content/Assets/Living_Room/Fireplace.uasset" 5129
"/Game/__ExternalActors__/Levels/Prototype1/A/DE/KXLALHZFOWBYJZT6NYY7GN" 5130
"../../../../../../Tidy/TidyPrototype/Content/__ExternalActors__/Levels/Prototype1/A/DE/KXLALHZFOWBYJZT6NYY7GN.uasset" 5131
"../../../../../../Tidy/TidyPrototype/Content/Assets/MiscHouse/DinningRoom_Table.uasset" 5132
"/Game/__ExternalActors__/Levels/Prototype1/A/EU/PO7F30YUMCVOSR7UB5BSTT" 5133
"../../../../../../Tidy/TidyPrototype/Content/__ExternalActors__/Levels/Prototype1/A/EU/PO7F30YUMCVOSR7UB5BSTT.uasset" 5134
"/Game/__ExternalActors__/Levels/Prototype1/A/EX/QWLWDX1F242UF37IF3WY6T" 5135
"../../../../../../Tidy/TidyPrototype/Content/__ExternalActors__/Levels/Prototype1/A/EX/QWLWDX1F242UF37IF3WY6T.uasset" 5136
"/Game/__ExternalActors__/Levels/Prototype1/A/GB/MAB43WUYYLO5RDRK047VFX" 5137
"../../../../../../Tidy/TidyPrototype/Content/__ExternalActors__/Levels/Prototype1/A/GB/MAB43WUYYLO5RDRK047VFX.uasset" 5138
"/Game/__ExternalActors__/Levels/Prototype1/A/HX/EU4P7PM9OQFQ4PCO8TYOJG" 5139
"../../../../../../Tidy/TidyPrototype/Content/__ExternalActors__/Levels/Prototype1/A/HX/EU4P7PM9OQFQ4PCO8TYOJG.uasset" 5140
"/Game/__ExternalActors__/Levels/Prototype1/A/JB/ZWHOO093UNOVCPYK0DRY0N" 5141
"../../../../../../Tidy/TidyPrototype/Content/__ExternalActors__/Levels/Prototype1/A/JB/ZWHOO093UNOVCPYK0DRY0N.uasset" 5142
"/Game/__ExternalActors__/Levels/Prototype1/A/JG/PAQS7BHO3A3FBOR5X8ET9E" 5143
"../../../../../../Tidy/TidyPrototype/Content/__ExternalActors__/Levels/Prototype1/A/JG/PAQS7BHO3A3FBOR5X8ET9E.uasset" 5144
"/Game/__ExternalActors__/Levels/Prototype1/A/KQ/6UPT5QFTAQ271GMODDQ06Y" 5145
"../../../../../../Tidy/TidyPrototype/Content/__ExternalActors__/Levels/Prototype1/A/KQ/6UPT5QFTAQ271GMODDQ06Y.uasset" 5146
"/Game/__ExternalActors__/Levels/Prototype1/A/LF/2TDKPQAMBNTP1BJ7OIYL1C" 5147
"../../../../../../Tidy/TidyPrototype/Content/__ExternalActors__/Levels/Prototype1/A/LF/2TDKPQAMBNTP1BJ7OIYL1C.uasset" 5148
"/Game/__ExternalActors__/Levels/Prototype1/A/PS/7VNY91KEOI4ALLVYH71SM1" 5149
"../../../../../../Tidy/TidyPrototype/Content/__ExternalActors__/Levels/Prototype1/A/PS/7VNY91KEOI4ALLVYH71SM1.uasset" 5150
"/Game/__ExternalActors__/Levels/Prototype1/A/RR/50RD8PUFNDAE0IPKQSW1CL" 5151
"../../../../../../Tidy/TidyPrototype/Content/__ExternalActors__/Levels/Prototype1/A/RR/50RD8PUFNDAE0IPKQSW1CL.uasset" 5152
"/Game/__ExternalActors__/Levels/Prototype1/A/S8/2Z5722FQRN6YKW4747YC8T" 5153
"../../../../../../Tidy/TidyPrototype/Content/__ExternalActors__/Levels/Prototype1/A/S8/2Z5722FQRN6YKW4747YC8T.uasset" 5154
"/Game/__ExternalActors__/Levels/Prototype1/A/SI/27GJW3H083V55KR2EXMESI" 5155
"../../../../../../Tidy/TidyPrototype/Content/__ExternalActors__/Levels/Prototype1/A/SI/27GJW3H083V55KR2EXMESI.uasset" 5156
"/Game/__ExternalActors__/Levels/Prototype1/A/XX/Y2DUDTFSTUIBZQFW0D7ADM" 5157
"../../../../../../Tidy/TidyPrototype/Content/__ExternalActors__/Levels/Prototype1/A/XX/Y2DUDTFSTUIBZQFW0D7ADM.uasset" 5158
"/Game/__ExternalActors__/Levels/Prototype1/B/1O/83WNNHVY16HC7G7JQI097L" 5159
"../../../../../../Tidy/TidyPrototype/Content/__ExternalActors__/Levels/Prototype1/B/1O/83WNNHVY16HC7G7JQI097L.uasset" 5160
"/Game/__ExternalActors__/Levels/Prototype1/B/4A/AWCIVKR4I2EUU6VSDRIQIJ" 5161
"../../../../../../Tidy/TidyPrototype/Content/__ExternalActors__/Levels/Prototype1/B/4A/AWCIVKR4I2EUU6VSDRIQIJ.uasset" 5162
"/Game/__ExternalActors__/Levels/Prototype1/B/54/6PH69X2T0I3PS7CE1XR4KJ" 5163
"../../../../../../Tidy/TidyPrototype/Content/__ExternalActors__/Levels/Prototype1/B/54/6PH69X2T0I3PS7CE1XR4KJ.uasset" 5164
"/Game/__ExternalActors__/Levels/Prototype1/B/5G/XUV7Z24OU9ZAXJF30PCM0B" 5165
"../../../../../../Tidy/TidyPrototype/Content/__ExternalActors__/Levels/Prototype1/B/5G/XUV7Z24OU9ZAXJF30PCM0B.uasset" 5166
"../../../../../../Tidy/TidyPrototype/Content/__ExternalActors__/Levels/Prototype1/D/BG/7OKF7L2VYJFPWJ3AIPELZ9.uasset" 5167
"../../../../../../Tidy/TidyPrototype/Content/__ExternalActors__/Levels/Prototype1/D/YN/5PR9HJCODFYO47KGMLEW8J.uasset" 5168
"../../../../../../Tidy/TidyPrototype/Content/Assets/Kitchen/Kitchen_Fridge_FridgeDoor.uasset" 5169
"/Game/__ExternalActors__/Levels/Prototype1/B/5S/8Z9Z1GWZ774U6ALG0YTKVV" 5170
"../../../../../../Tidy/TidyPrototype/Content/__ExternalActors__/Levels/Prototype1/B/5S/8Z9Z1GWZ774U6ALG0YTKVV.uasset" 5171
"/Game/__ExternalActors__/Levels/Prototype1/F/35/XIKOE1NKWBQ5OWQKAM9KWE" 5172
"../../../../../../Tidy/TidyPrototype/Content/__ExternalActors__/Levels/Prototype1/F/35/XIKOE1NKWBQ5OWQKAM9KWE.uasset" 5173
"../../../../../../Tidy/TidyPrototype/Content/__ExternalActors__/Levels/Prototype1/E/BM/QRY01XFS7JFPYX8R1I9FI1.uasset" 5174
"../../../../../../Tidy/TidyPrototype/Content/Assets/Kitchen/Kitchen_Fridge_FreezerDoor.uasset" 5175
"/Game/__ExternalActors__/Levels/Prototype1/B/62/BBSZQS5VVMO9AL6SLYM1H6" 5176
"../../../../../../Tidy/TidyPrototype/Content/__ExternalActors__/Levels/Prototype1/B/62/BBSZQS5VVMO9AL6SLYM1H6.uasset" 5177
"../../../../../../Tidy/TidyPrototype/Content/Assets/Living_Room/2/ChestOfDrawers_Body_2.uasset" 5178
"/Game/__ExternalActors__/Levels/Prototype1/B/6V/MXVVO51WAZO15YT6CLIPPV" 5179
"../../../../../../Tidy/TidyPrototype/Content/__ExternalActors__/Levels/Prototype1/B/6V/MXVVO51WAZO15YT6CLIPPV.uasset" 5180
"/Game/__ExternalActors__/Levels/Prototype1/B/74/FU04BKD2L0M07M86MCMVW8" 5181
"../../../../../../Tidy/TidyPrototype/Content/__ExternalActors__/Levels/Prototype1/B/74/FU04BKD2L0M07M86MCMVW8.uasset" 5182
"/Game/__ExternalActors__/Levels/Prototype1/B/87/3NUFPRWDTFF3B5PBYVNBVA" 5183
"../../../../../../Tidy/TidyPrototype/Content/__ExternalActors__/Levels/Prototype1/B/87/3NUFPRWDTFF3B5PBYVNBVA.uasset" 5184
"/Game/__ExternalActors__/Levels/Prototype1/B/8U/J2XP1AF4G0BI15WB7Q5I9I" 5185
"../../../../../../Tidy/TidyPrototype/Content/__ExternalActors__/Levels/Prototype1/B/8U/J2XP1AF4G0BI15WB7Q5I9I.uasset" 5186
"/Game/__ExternalActors__/Levels/Prototype1/B/9I/5C65GJWNBCH1SZFRDC3YCE" 5187
"../../../../../../Tidy/TidyPrototype/Content/__ExternalActors__/Levels/Prototype1/B/9I/5C65GJWNBCH1SZFRDC3YCE.uasset" 5188
"/Game/__ExternalActors__/Levels/Prototype1/B/CW/TTXLXNCV23KZOOZI9PXYHV" 5189
"../../../../../../Tidy/TidyPrototype/Content/__ExternalActors__/Levels/Prototype1/B/CW/TTXLXNCV23KZOOZI9PXYHV.uasset" 5190
"/Game/__ExternalActors__/Levels/Prototype1/B/EB/R37OXE7Q763F360SFU9MXL" 5191
"../../../../../../Tidy/TidyPrototype/Content/__ExternalActors__/Levels/Prototype1/B/EB/R37OXE7Q763F360SFU9MXL.uasset" 5192
"/Game/__ExternalActors__/Levels/Prototype1/B/JB/5N49EYFK8HN5NC8KQIQTTI" 5193
"../../../../../../Tidy/TidyPrototype/Content/__ExternalActors__/Levels/Prototype1/B/JB/5N49EYFK8HN5NC8KQIQTTI.uasset" 5194
"/Game/__ExternalActors__/Levels/Prototype1/B/JK/292DX5IOTDBXPGMQP6H1D1" 5195
"../../../../../../Tidy/TidyPrototype/Content/__ExternalActors__/Levels/Prototype1/B/JK/292DX5IOTDBXPGMQP6H1D1.uasset" 5196
"/Game/__ExternalActors__/Levels/Prototype1/B/KN/3V10OWQVD0CTY7YBYXJUDO" 5197
"../../../../../../Tidy/TidyPrototype/Content/__ExternalActors__/Levels/Prototype1/B/KN/3V10OWQVD0CTY7YBYXJUDO.uasset" 5198
"/Game/__ExternalActors__/Levels/Prototype1/B/MS/FR9IEC73SVR1U3CNV4DS1R" 5199
"../../../../../../Tidy/TidyPrototype/Content/__ExternalActors__/Levels/Prototype1/B/MS/FR9IEC73SVR1U3CNV4DS1R.uasset" 5200
"/Game/__ExternalActors__/Levels/Prototype1/B/N4/WK0P1BM5AL7YLSCKYYPH7L" 5201
"../../../../../../Tidy/TidyPrototype/Content/__ExternalActors__/Levels/Prototype1/B/N4/WK0P1BM5AL7YLSCKYYPH7L.uasset" 5202
"/Game/__ExternalActors__/Levels/Prototype1/B/NV/B8QDMAFYWH8QXKB6W1LLMC" 5203
"../../../../../../Tidy/TidyPrototype/Content/__ExternalActors__/Levels/Prototype1/B/NV/B8QDMAFYWH8QXKB6W1LLMC.uasset" 5204
"../../../../../../Tidy/TidyPrototype/Content/Assets/Living_Room/VideoGames/SpiritZip_CoverArt.uasset" 5205
"/Game/__ExternalActors__/Levels/Prototype1/B/R2/WLLFHE0B3QODQ8OTZFR9GF" 5206
"../../../../../../Tidy/TidyPrototype/Content/__ExternalActors__/Levels/Prototype1/B/R2/WLLFHE0B3QODQ8OTZFR9GF.uasset" 5207
"/Game/__ExternalActors__/Levels/Prototype1/B/SU/AY739DXTP87TWDZ8QJN516" 5208
"../../../../../../Tidy/TidyPrototype/Content/__ExternalActors__/Levels/Prototype1/B/SU/AY739DXTP87TWDZ8QJN516.uasset" 5209
"../../../../../../Tidy/TidyPrototype/Content/KitchenFoodAssets/food_dinner.uasset" 5210
"/Game/__ExternalActors__/Levels/Prototype1/B/UO/HKBHDPME82DGS8LD9EII25" 5211
"../../../../../../Tidy/TidyPrototype/Content/__ExternalActors__/Levels/Prototype1/B/UO/HKBHDPME82DGS8LD9EII25.uasset" 5212
"/Game/__ExternalActors__/Levels/Prototype1/B/UQ/3H86U20EEH1TJLAVZATQWG" 5213
"../../../../../../Tidy/TidyPrototype/Content/__ExternalActors__/Levels/Prototype1/B/UQ/3H86U20EEH1TJLAVZATQWG.uasset" 5214
"/Game/__ExternalActors__/Levels/Prototype1/B/VA/Z2GD5B7PMENCS7H4SNGN4S" 5215
"../../../../../../Tidy/TidyPrototype/Content/__ExternalActors__/Levels/Prototype1/B/VA/Z2GD5B7PMENCS7H4SNGN4S.uasset" 5216
"/Game/__ExternalActors__/Levels/Prototype1/B/WS/NDEYHQMH2ABDKEK6RI750O" 5217
"../../../../../../Tidy/TidyPrototype/Content/__ExternalActors__/Levels/Prototype1/B/WS/NDEYHQMH2ABDKEK6RI750O.uasset" 5218
"/Game/__ExternalActors__/Levels/Prototype1/B/ZM/F87M2KQUPJOVKX08099O6O" 5219
"../../../../../../Tidy/TidyPrototype/Content/__ExternalActors__/Levels/Prototype1/B/ZM/F87M2KQUPJOVKX08099O6O.uasset" 5220
"../../../../../../Tidy/TidyPrototype/Content/__ExternalActors__/Levels/Prototype1/D/QZ/BVYOGR9E1YNXID1XH3L4VH.uasset" 5221
"../../../../../../Tidy/TidyPrototype/Content/__ExternalActors__/Levels/Prototype1/E/NF/O9JE2YEGW1XQYWS59WX1XM.uasset" 5222
"../../../../../../Tidy/TidyPrototype/Content/Assets/Kitchen/Kitchen_Pantry_Microwave_Door.uasset" 5223
"/Game/__ExternalActors__/Levels/Prototype1/C/2X/JCQH1LLV1GCOAXJL1THBUG" 5224
"../../../../../../Tidy/TidyPrototype/Content/__ExternalActors__/Levels/Prototype1/C/2X/JCQH1LLV1GCOAXJL1THBUG.uasset" 5225
"../../../../../../Tidy/TidyPrototype/Content/Assets/Kitchen/Kitchen_Pantry.uasset" 5226
"/Game/__ExternalActors__/Levels/Prototype1/C/3O/FCFQINRWLVU4IINO3KPJKT" 5227
"../../../../../../Tidy/TidyPrototype/Content/__ExternalActors__/Levels/Prototype1/C/3O/FCFQINRWLVU4IINO3KPJKT.uasset" 5228
"../../../../../../Tidy/TidyPrototype/Content/Materials/LivingRoom_TextureSheets/Video_Games/Controller/M_Controller_ShellBox.uasset" 5229
"../../../../../../Tidy/TidyPrototype/Content/Assets/Living_Room/Controllers_ShellBox.uasset" 5230
"../../../../../../Tidy/TidyPrototype/Content/Materials/LivingRoom_TextureSheets/Video_Games/Controller/Controllers_ShellBox_initialShadingGroup_BaseColor.uasset" 5231
"../../../../../../Tidy/TidyPrototype/Content/Materials/LivingRoom_TextureSheets/Video_Games/Controller/Controllers_ShellBox_initialShadingGroup_OcclusionRoughnessMetallic.uasset" 5232
"../../../../../../Tidy/TidyPrototype/Content/Assets/Living_Room/VideoGames/Controllers_ShellBox.uasset" 5233
"/Game/__ExternalActors__/Levels/Prototype1/C/4Z/RNJD6ITTQB3LTNYLT8NTOB" 5234
"../../../../../../Tidy/TidyPrototype/Content/__ExternalActors__/Levels/Prototype1/C/4Z/RNJD6ITTQB3LTNYLT8NTOB.uasset" 5235
"/Game/__ExternalActors__/Levels/Prototype1/C/5A/LMHTTTK89JM3S4DMQLCJYY" 5236
"../../../../../../Tidy/TidyPrototype/Content/__ExternalActors__/Levels/Prototype1/C/5A/LMHTTTK89JM3S4DMQLCJYY.uasset" 5237
"/Game/__ExternalActors__/Levels/Prototype1/C/6X/DNJKARIFPKA5B25HRWMLRP" 5238
"../../../../../../Tidy/TidyPrototype/Content/__ExternalActors__/Levels/Prototype1/C/6X/DNJKARIFPKA5B25HRWMLRP.uasset" 5239
"/Game/__ExternalActors__/Levels/Prototype1/C/7D/VOARSJW1A52BI27Y1KUCSN" 5240
"../../../../../../Tidy/TidyPrototype/Content/__ExternalActors__/Levels/Prototype1/C/7D/VOARSJW1A52BI27Y1KUCSN.uasset" 5241
"../../../../../../Tidy/TidyPrototype/Content/__ExternalActors__/Levels/Prototype1/D/PJ/G0OUY2QKYJZ1XSAOLN8COV.uasset" 5242
"/Game/__ExternalActors__/Levels/Prototype1/C/AN/GDDOLV98IGIIPGG1TZYWJI" 5243
"../../../../../../Tidy/TidyPrototype/Content/__ExternalActors__/Levels/Prototype1/C/AN/GDDOLV98IGIIPGG1TZYWJI.uasset" 5244
"/Game/__ExternalActors__/Levels/Prototype1/C/CG/GQFC2JCCRIHR9R6M2Q9CSW" 5245
"../../../../../../Tidy/TidyPrototype/Content/__ExternalActors__/Levels/Prototype1/C/CG/GQFC2JCCRIHR9R6M2Q9CSW.uasset" 5246
"/Game/__ExternalActors__/Levels/Prototype1/C/ED/MOM4OYSZFQVUIWKR0W1F5A" 5247
"../../../../../../Tidy/TidyPrototype/Content/__ExternalActors__/Levels/Prototype1/C/ED/MOM4OYSZFQVUIWKR0W1F5A.uasset" 5248
"/Game/__ExternalActors__/Levels/Prototype1/C/FS/5VJXKLJX48OVSYN2AXZ6M9" 5249
"../../../../../../Tidy/TidyPrototype/Content/__ExternalActors__/Levels/Prototype1/C/FS/5VJXKLJX48OVSYN2AXZ6M9.uasset" 5250
"/Game/__ExternalActors__/Levels/Prototype1/C/FZ/IWA5IYDV8JV491O6ZHBNYN" 5251
"../../../../../../Tidy/TidyPrototype/Content/__ExternalActors__/Levels/Prototype1/C/FZ/IWA5IYDV8JV491O6ZHBNYN.uasset" 5252
"/Game/__ExternalActors__/Levels/Prototype1/C/QV/2F5B07OJNW8H470OLXEFHJ" 5253
"../../../../../../Tidy/TidyPrototype/Content/__ExternalActors__/Levels/Prototype1/C/QV/2F5B07OJNW8H470OLXEFHJ.uasset" 5254
"/Game/__ExternalActors__/Levels/Prototype1/C/S7/UXUM4SU6RJBHXULGLV4WO2" 5255
"../../../../../../Tidy/TidyPrototype/Content/__ExternalActors__/Levels/Prototype1/C/S7/UXUM4SU6RJBHXULGLV4WO2.uasset" 5256
"/Game/__ExternalActors__/Levels/Prototype1/C/W3/6X8S3NFWYNIYGQZDRCTSNL" 5257
"../../../../../../Tidy/TidyPrototype/Content/__ExternalActors__/Levels/Prototype1/C/W3/6X8S3NFWYNIYGQZDRCTSNL.uasset" 5258
"/Game/__ExternalActors__/Levels/Prototype1/C/Z3/AJGWMIOFU459NLJ0R66GE6" 5259
"../../../../../../Tidy/TidyPrototype/Content/__ExternalActors__/Levels/Prototype1/C/Z3/AJGWMIOFU459NLJ0R66GE6.uasset" 5260
"/Game/__ExternalActors__/Levels/Prototype1/D/0L/LEQ9AYY49NFNPHTRNB4MCF" 5261
"../../../../../../Tidy/TidyPrototype/Content/__ExternalActors__/Levels/Prototype1/D/0L/LEQ9AYY49NFNPHTRNB4MCF.uasset" 5262
"/Game/__ExternalActors__/Levels/Prototype1/D/2B/6Y4U1DRRX5J71MB4WBPYH2" 5263
"../../../../../../Tidy/TidyPrototype/Content/__ExternalActors__/Levels/Prototype1/D/2B/6Y4U1DRRX5J71MB4WBPYH2.uasset" 5264
"/Game/__ExternalActors__/Levels/Prototype1/D/5D/NHLBVB3VVAJEQR9Z6YIG7P" 5265
"../../../../../../Tidy/TidyPrototype/Content/__ExternalActors__/Levels/Prototype1/D/5D/NHLBVB3VVAJEQR9Z6YIG7P.uasset" 5266
"../../../../../../Tidy/TidyPrototype/Content/Assets/Kitchen/BP_Blender.uasset" 5267
"../../../../../../Tidy/TidyPrototype/Content/Assets/Kitchen/Kitchen_Appliances_Blender.uasset" 5268
"/Game/__ExternalActors__/Levels/Prototype1/D/66/VDV07KLMMUI160N9XVZDU9" 5269
"../../../../../../Tidy/TidyPrototype/Content/__ExternalActors__/Levels/Prototype1/D/66/VDV07KLMMUI160N9XVZDU9.uasset" 5270
"/Game/__ExternalActors__/Levels/Prototype1/D/6S/QP29Z8GYO9JUXAGDFREOT1" 5271
"../../../../../../Tidy/TidyPrototype/Content/__ExternalActors__/Levels/Prototype1/D/6S/QP29Z8GYO9JUXAGDFREOT1.uasset" 5272
"/Game/__ExternalActors__/Levels/Prototype1/D/7U/7ECMRHJUPJVOKJC41UQG07" 5273
"../../../../../../Tidy/TidyPrototype/Content/__ExternalActors__/Levels/Prototype1/D/7U/7ECMRHJUPJVOKJC41UQG07.uasset" 5274
"/Game/__ExternalActors__/Levels/Prototype1/D/85/ZYU58A6O3OO4YK5V5SNHF1" 5275
"../../../../../../Tidy/TidyPrototype/Content/__ExternalActors__/Levels/Prototype1/D/85/ZYU58A6O3OO4YK5V5SNHF1.uasset" 5276
"../../../../../../Tidy/TidyPrototype/Content/Assets/Painting/ThomasPic.uasset" 5277
"/Game/__ExternalActors__/Levels/Prototype1/D/A8/6X3RZU3S5F5QXFUYQ9V18I" 5278
"../../../../../../Tidy/TidyPrototype/Content/__ExternalActors__/Levels/Prototype1/D/A8/6X3RZU3S5F5QXFUYQ9V18I.uasset" 5279
"/Game/__ExternalActors__/Levels/Prototype1/D/AU/RGKCCU55S5NWEP53VZ9EFA" 5280
"../../../../../../Tidy/TidyPrototype/Content/__ExternalActors__/Levels/Prototype1/D/AU/RGKCCU55S5NWEP53VZ9EFA.uasset" 5281
"/Game/__ExternalActors__/Levels/Prototype1/D/B4/EOTKWF6CV2JS0C3P1QXE5R" 5282
"../../../../../../Tidy/TidyPrototype/Content/__ExternalActors__/Levels/Prototype1/D/B4/EOTKWF6CV2JS0C3P1QXE5R.uasset" 5283
"../../../../../../Tidy/TidyPrototype/Content/Assets/Kitchen/Kitchen_Fridge.uasset" 5284
"/Game/__ExternalActors__/Levels/Prototype1/D/BL/71Z1XMPYEQXSSKWL6JX1PQ" 5285
"../../../../../../Tidy/TidyPrototype/Content/__ExternalActors__/Levels/Prototype1/D/BL/71Z1XMPYEQXSSKWL6JX1PQ.uasset" 5286
"/Game/__ExternalActors__/Levels/Prototype1/D/CF/HEP7BN33TUB1SRT0XW8TJ9" 5287
"../../../../../../Tidy/TidyPrototype/Content/__ExternalActors__/Levels/Prototype1/D/CF/HEP7BN33TUB1SRT0XW8TJ9.uasset" 5288
"/Game/__ExternalActors__/Levels/Prototype1/D/E2/3P2NZHIF99T0OUTGYJIPZV" 5289
"../../../../../../Tidy/TidyPrototype/Content/__ExternalActors__/Levels/Prototype1/D/E2/3P2NZHIF99T0OUTGYJIPZV.uasset" 5290
"/Game/__ExternalActors__/Levels/Prototype1/D/F7/B3SIPX7LOI1KRLW6LXCDSL" 5291
"../../../../../../Tidy/TidyPrototype/Content/__ExternalActors__/Levels/Prototype1/D/F7/B3SIPX7LOI1KRLW6LXCDSL.uasset" 5292
"/Game/__ExternalActors__/Levels/Prototype1/D/H4/CHY3F6OAN0R3LGONE7PJQ6" 5293
"../../../../../../Tidy/TidyPrototype/Content/__ExternalActors__/Levels/Prototype1/D/H4/CHY3F6OAN0R3LGONE7PJQ6.uasset" 5294
"/Game/__ExternalActors__/Levels/Prototype1/D/HD/WZKBO1P60GG5SLKKNALHF0" 5295
"../../../../../../Tidy/TidyPrototype/Content/__ExternalActors__/Levels/Prototype1/D/HD/WZKBO1P60GG5SLKKNALHF0.uasset" 5296
"/Game/__ExternalActors__/Levels/Prototype1/D/HY/8UBJ8NL66T2SP15K1PJ8U7" 5297
"../../../../../../Tidy/TidyPrototype/Content/__ExternalActors__/Levels/Prototype1/D/HY/8UBJ8NL66T2SP15K1PJ8U7.uasset" 5298
"../../../../../../Tidy/TidyPrototype/Content/Levels/_GENERATED/thoma/KitchenTable_8C836471.uasset" 5299
"/Game/__ExternalActors__/Levels/Prototype1/D/IG/G1ZGIXWVQRQCK1W50EZ2B1" 5300
"../../../../../../Tidy/TidyPrototype/Content/__ExternalActors__/Levels/Prototype1/D/IG/G1ZGIXWVQRQCK1W50EZ2B1.uasset" 5301
"/Game/__ExternalActors__/Levels/Prototype1/D/L7/C8NEFUJ32C60JTNTQ6WQ08" 5302
"../../../../../../Tidy/TidyPrototype/Content/__ExternalActors__/Levels/Prototype1/D/L7/C8NEFUJ32C60JTNTQ6WQ08.uasset" 5303
"/Game/__ExternalActors__/Levels/Prototype1/D/LA/2Z9T3EPNHNLISRKNMZOOFF" 5304
"../../../../../../Tidy/TidyPrototype/Content/__ExternalActors__/Levels/Prototype1/D/LA/2Z9T3EPNHNLISRKNMZOOFF.uasset" 5305
"../../../../../../Tidy/TidyPrototype/Content/Assets/Living_Room/VideoGames/TinyTransit_CoverArt.uasset" 5306
"/Game/__ExternalActors__/Levels/Prototype1/D/MP/78NSMD8F60W8Y7WSRKSYV1" 5307
"../../../../../../Tidy/TidyPrototype/Content/__ExternalActors__/Levels/Prototype1/D/MP/78NSMD8F60W8Y7WSRKSYV1.uasset" 5308
"/Game/__ExternalActors__/Levels/Prototype1/D/NW/28MIM5V96JOUEFYPFDVV9X" 5309
"../../../../../../Tidy/TidyPrototype/Content/__ExternalActors__/Levels/Prototype1/D/NW/28MIM5V96JOUEFYPFDVV9X.uasset" 5310
"/Game/__ExternalActors__/Levels/Prototype1/D/PE/IKHUFEYXVOQKGL9FCK0ZW3" 5311
"../../../../../../Tidy/TidyPrototype/Content/__ExternalActors__/Levels/Prototype1/D/PE/IKHUFEYXVOQKGL9FCK0ZW3.uasset" 5312
"/Game/__ExternalActors__/Levels/Prototype1/D/SM/HIFIALY9J12V2ILP0QB7MM" 5313
"../../../../../../Tidy/TidyPrototype/Content/__ExternalActors__/Levels/Prototype1/D/SM/HIFIALY9J12V2ILP0QB7MM.uasset" 5314
"/Game/__ExternalActors__/Levels/Prototype1/D/T1/YONUTES16J1EEP0BAJIYH0" 5315
"../../../../../../Tidy/TidyPrototype/Content/__ExternalActors__/Levels/Prototype1/D/T1/YONUTES16J1EEP0BAJIYH0.uasset" 5316
"/Game/__ExternalActors__/Levels/Prototype1/D/TX/0EC601LBURQR3KOLXZMSOI" 5317
"../../../../../../Tidy/TidyPrototype/Content/__ExternalActors__/Levels/Prototype1/D/TX/0EC601LBURQR3KOLXZMSOI.uasset" 5318
"/Game/__ExternalActors__/Levels/Prototype1/D/UE/ESRS4QB87IAO193IL6O3PE" 5319
"../../../../../../Tidy/TidyPrototype/Content/__ExternalActors__/Levels/Prototype1/D/UE/ESRS4QB87IAO193IL6O3PE.uasset" 5320
"/Game/__ExternalActors__/Levels/Prototype1/D/WS/Z5S2IQU0YVV2APQSQEC1GG" 5321
"../../../../../../Tidy/TidyPrototype/Content/__ExternalActors__/Levels/Prototype1/D/WS/Z5S2IQU0YVV2APQSQEC1GG.uasset" 5322
"/Game/__ExternalActors__/Levels/Prototype1/D/YT/EPNMSVEMD6ROM1QVFHG6AW" 5323
"../../../../../../Tidy/TidyPrototype/Content/__ExternalActors__/Levels/Prototype1/D/YT/EPNMSVEMD6ROM1QVFHG6AW.uasset" 5324
"/Game/__ExternalActors__/Levels/Prototype1/D/ZQ/WPFH3PV7LZYNQGL15QEI1F" 5325
"../../../../../../Tidy/TidyPrototype/Content/__ExternalActors__/Levels/Prototype1/D/ZQ/WPFH3PV7LZYNQGL15QEI1F.uasset" 5326
"/Game/__ExternalActors__/Levels/Prototype1/E/1U/0392M0J2KOF850JTHKGBQR" 5327
"../../../../../../Tidy/TidyPrototype/Content/__ExternalActors__/Levels/Prototype1/E/1U/0392M0J2KOF850JTHKGBQR.uasset" 5328
"/Game/__ExternalActors__/Levels/Prototype1/E/1Y/OFP3NJRO0Z6DA3VEMN6J5I" 5329
"../../../../../../Tidy/TidyPrototype/Content/__ExternalActors__/Levels/Prototype1/E/1Y/OFP3NJRO0Z6DA3VEMN6J5I.uasset" 5330
"/Game/__ExternalActors__/Levels/Prototype1/E/2I/7X1R3ACYML6AML7TWLUUEZ" 5331
"../../../../../../Tidy/TidyPrototype/Content/__ExternalActors__/Levels/Prototype1/E/2I/7X1R3ACYML6AML7TWLUUEZ.uasset" 5332
"/Game/__ExternalActors__/Levels/Prototype1/E/2X/S65YK4ZCDVFBZ7C7H0ZFB5" 5333
"../../../../../../Tidy/TidyPrototype/Content/__ExternalActors__/Levels/Prototype1/E/2X/S65YK4ZCDVFBZ7C7H0ZFB5.uasset" 5334
"/Game/__ExternalActors__/Levels/Prototype1/E/50/3OB5DCRDVJQTGRM55NEMU0" 5335
"../../../../../../Tidy/TidyPrototype/Content/__ExternalActors__/Levels/Prototype1/E/50/3OB5DCRDVJQTGRM55NEMU0.uasset" 5336
"/Game/__ExternalActors__/Levels/Prototype1/E/5R/GBZX638C483KCJMXBE1XXV" 5337
"../../../../../../Tidy/TidyPrototype/Content/__ExternalActors__/Levels/Prototype1/E/5R/GBZX638C483KCJMXBE1XXV.uasset" 5338
"/Game/__ExternalActors__/Levels/Prototype1/E/5Z/R1EMCA617C3A29ZIDY0880" 5339
"../../../../../../Tidy/TidyPrototype/Content/__ExternalActors__/Levels/Prototype1/E/5Z/R1EMCA617C3A29ZIDY0880.uasset" 5340
"/Game/__ExternalActors__/Levels/Prototype1/E/8Y/95HAYUR8AFA6JMKI6M2HZS" 5341
"../../../../../../Tidy/TidyPrototype/Content/__ExternalActors__/Levels/Prototype1/E/8Y/95HAYUR8AFA6JMKI6M2HZS.uasset" 5342
"/Game/__ExternalActors__/Levels/Prototype1/E/9H/0554Q3BA3GS3A50BIFRKXZ" 5343
"../../../../../../Tidy/TidyPrototype/Content/__ExternalActors__/Levels/Prototype1/E/9H/0554Q3BA3GS3A50BIFRKXZ.uasset" 5344
"/Game/__ExternalActors__/Levels/Prototype1/E/CZ/C8IYV8WWQSIPOLN5NSNR8P" 5345
"../../../../../../Tidy/TidyPrototype/Content/__ExternalActors__/Levels/Prototype1/E/CZ/C8IYV8WWQSIPOLN5NSNR8P.uasset" 5346
"/Game/__ExternalActors__/Levels/Prototype1/E/D0/ULS4OYLEIR7WSL5F3BEJ58" 5347
"../../../../../../Tidy/TidyPrototype/Content/__ExternalActors__/Levels/Prototype1/E/D0/ULS4OYLEIR7WSL5F3BEJ58.uasset" 5348
"/Game/__ExternalActors__/Levels/Prototype1/E/E4/8OX9L5H00W7FMC33TOAVOL" 5349
"../../../../../../Tidy/TidyPrototype/Content/__ExternalActors__/Levels/Prototype1/E/E4/8OX9L5H00W7FMC33TOAVOL.uasset" 5350
"/Game/__ExternalActors__/Levels/Prototype1/E/F4/NMMM9FNJZAXWLKHVHMP6RR" 5351
"../../../../../../Tidy/TidyPrototype/Content/__ExternalActors__/Levels/Prototype1/E/F4/NMMM9FNJZAXWLKHVHMP6RR.uasset" 5352
"/Game/__ExternalActors__/Levels/Prototype1/E/IS/WO6RSX5A51IBSBG8GWBUVM" 5353
"../../../../../../Tidy/TidyPrototype/Content/__ExternalActors__/Levels/Prototype1/E/IS/WO6RSX5A51IBSBG8GWBUVM.uasset" 5354
"/Game/__ExternalActors__/Levels/Prototype1/E/L4/IJQGERWPAZO2W1SR6Y1N4I" 5355
"../../../../../../Tidy/TidyPrototype/Content/__ExternalActors__/Levels/Prototype1/E/L4/IJQGERWPAZO2W1SR6Y1N4I.uasset" 5356
"../../../../../../Tidy/TidyPrototype/Content/ExternalAssets/Goose/Material_001.uasset" 5357
"../../../../../../Tidy/TidyPrototype/Content/ExternalAssets/Goose/goose.uasset" 5358
"../../../../../../Tidy/TidyPrototype/Content/ExternalAssets/Goose/Material_002.uasset" 5359
"../../../../../../Tidy/TidyPrototype/Content/ExternalAssets/Goose/Material_003.uasset" 5360
"/Game/__ExternalActors__/Levels/Prototype1/E/NA/TYD5ANU8ZRGLJ2IIOURPJJ" 5361
"../../../../../../Tidy/TidyPrototype/Content/__ExternalActors__/Levels/Prototype1/E/NA/TYD5ANU8ZRGLJ2IIOURPJJ.uasset" 5362
"/Game/__ExternalActors__/Levels/Prototype1/E/Q3/91E1AT1WLZX0VEJOAONWOL" 5363
"../../../../../../Tidy/TidyPrototype/Content/__ExternalActors__/Levels/Prototype1/E/Q3/91E1AT1WLZX0VEJOAONWOL.uasset" 5364
"/Game/__ExternalActors__/Levels/Prototype1/E/VV/87O3BVQDNKGCE4YCEDR2B4" 5365
"../../../../../../Tidy/TidyPrototype/Content/__ExternalActors__/Levels/Prototype1/E/VV/87O3BVQDNKGCE4YCEDR2B4.uasset" 5366
"/Game/__ExternalActors__/Levels/Prototype1/E/Y4/FULKD9KB1BXCE4QYLOE8S3" 5367
"../../../../../../Tidy/TidyPrototype/Content/__ExternalActors__/Levels/Prototype1/E/Y4/FULKD9KB1BXCE4QYLOE8S3.uasset" 5368
"/Game/__ExternalActors__/Levels/Prototype1/E/ZX/ELQDG0EP9B4LU7DJRRG22T" 5369
"../../../../../../Tidy/TidyPrototype/Content/__ExternalActors__/Levels/Prototype1/E/ZX/ELQDG0EP9B4LU7DJRRG22T.uasset" 5370
"/Game/__ExternalActors__/Levels/Prototype1/F/3C/7505PLB7YM8XH1FYNSMNXP" 5371
"../../../../../../Tidy/TidyPrototype/Content/__ExternalActors__/Levels/Prototype1/F/3C/7505PLB7YM8XH1FYNSMNXP.uasset" 5372
"/Game/__ExternalActors__/Levels/Prototype1/F/3P/10XB0UTVN0XAOPKHV53WTI" 5373
"../../../../../../Tidy/TidyPrototype/Content/__ExternalActors__/Levels/Prototype1/F/3P/10XB0UTVN0XAOPKHV53WTI.uasset" 5374
"/Engine/EditorResources/S_KHinge" 5375
"../../../Engine/Content/EditorResources/S_KHinge.uasset" 5376
"/Engine/EditorResources/S_KPrismatic" 5377
"../../../Engine/Content/EditorResources/S_KPrismatic.uasset" 5378
"/Engine/EditorResources/LightIcons/S_LightError" 5379
"../../../Engine/Content/EditorResources/LightIcons/S_LightError.uasset" 5380
"/InterchangeAssets/gltf/MaterialBodies/MF_Sheen_Body" 5381
"/Engine/ArtTools/RenderToTexture/MaterialFunctions/ImposterUVs" 5382
"/InterchangeAssets/gltf/MaterialInstances/MI_Transmission_DS" 5383
"/InterchangeAssets/gltf/MaterialInstances/MI_Transmission" 5384
"/InterchangeAssets/gltf/MaterialInstances/MI_Sheen_Blend_DS" 5385
"/InterchangeAssets/gltf/MaterialInstances/MI_Sheen_Mask_DS" 5386
"/InterchangeAssets/gltf/MaterialInstances/MI_Sheen_Opaque_DS" 5387
"/InterchangeAssets/gltf/MaterialInstances/MI_Sheen_Blend" 5388
"/InterchangeAssets/gltf/MaterialInstances/MI_Sheen_Mask" 5389
"../../../Engine/Plugins/Interchange/Assets/Content/gltf/MaterialInstances/MI_Unlit_Blend_DS.uasset" 5390
"/InterchangeAssets/gltf/MaterialInstances/MI_Unlit_Opaque" 5391
"/InterchangeAssets/gltf/MaterialInstances/MI_Unlit_Mask_DS" 5392
"/InterchangeAssets/gltf/MaterialInstances/MI_Unlit_Opaque_DS" 5393
"/InterchangeAssets/gltf/MaterialInstances/MI_SpecularGlossiness_Blend_DS" 5394
"/InterchangeAssets/gltf/MaterialInstances/MI_Unlit_Blend" 5395
"/InterchangeAssets/gltf/MaterialInstances/MI_Unlit_Mask" 5396
"/InterchangeAssets/gltf/MaterialInstances/MI_SpecularGlossiness_Mask_DS" 5397
"/InterchangeAssets/gltf/MaterialInstances/MI_SpecularGlossiness_Opaque_DS" 5398
"/InterchangeAssets/gltf/MaterialInstances/MI_SpecularGlossiness_Blend" 5399
"/InterchangeAssets/gltf/MaterialInstances/MI_SpecularGlossiness_Mask" 5400
"/InterchangeAssets/gltf/MaterialInstances/MI_SpecularGlossiness_Opaque" 5401
"/InterchangeAssets/gltf/MaterialInstances/MI_Unlit_Blend_DS" 5402
"../../../Engine/Plugins/Interchange/Assets/Content/Functions/MX_Transmission.uasset" 5403
"../../../Engine/Content/Functions/Engine_MaterialFunctions01/Volumetrics/BeersLaw.uasset" 5404
"../../../Engine/Plugins/Interchange/Assets/Content/Functions/MF_OrenNayerView.uasset" 5405
"../../../Engine/Plugins/Interchange/Assets/Content/Functions/MX_StandardSurface.uasset" 5406
"../../../Engine/Plugins/Interchange/Assets/Content/Functions/MX_OpenPBR_Translucent.uasset" 5407
"../../../Engine/Plugins/Interchange/Assets/Content/Functions/MX_TransmissionSurface.uasset" 5408
"../../../Engine/Content/Functions/Substrate/MF_SchlickInternal.uasset" 5409
"../../../Engine/Plugins/Interchange/Assets/Content/Functions/MX_OpenPBR_Opaque.uasset" 5410
"/InterchangeAssets/Functions/MX_OpenPBR_Translucent" 5411
"../../../Engine/Plugins/Animation/ControlRig/Content/Controls/ControlRig_Arrow4_solid.uasset" 5412
"../../../Engine/Plugins/Animation/ControlRig/Content/Controls/ControlRig_Sphere_solid.uasset" 5413
"../../../Engine/Plugins/Animation/ControlRig/Content/Controls/ControlRig_Arrow4_3mm.uasset" 5414
"../../../Engine/Plugins/Animation/ControlRig/Content/Controls/ControlRig_Arrow_3mm.uasset" 5415
"../../../Engine/Plugins/Animation/ControlRig/Content/Controls/ControlRig_Arrow2_3mm.uasset" 5416
"../../../Engine/Plugins/Animation/ControlRig/Content/Controls/ControlRig_Box_3mm.uasset" 5417
"../../../Engine/Plugins/Animation/ControlRig/Content/Controls/ControlRig_Arrow_1mm.uasset" 5418
"../../../Engine/Plugins/Animation/ControlRig/Content/Controls/ControlRig_Arrow2_1mm.uasset" 5419
"/InterchangeAssets/Functions/MX_OpenPBR_Opaque" 5420
"../../../Engine/Plugins/Animation/ControlRig/Content/Controls/ControlRig_Arrow4_1mm.uasset" 5421
"../../../Engine/Plugins/Animation/ControlRig/Content/Controls/ControlRig_Arrow_solid.uasset" 5422
"../../../Engine/Plugins/Animation/ControlRig/Content/Controls/ControlRig_Arrow2_solid.uasset" 5423
"../../../Engine/Plugins/Animation/ControlRig/Content/Controls/ControlRig_Box_solid.uasset" 5424
"../../../Engine/Plugins/Animation/ControlRig/Content/Controls/ControlRig_Circle_1mm.uasset" 5425
"../../../Engine/Plugins/Animation/ControlRig/Content/Controls/ControlRig_Box_1mm.uasset" 5426
"../../../Engine/Plugins/Animation/ControlRig/Content/Controls/ControlRig_Circle_solid.uasset" 5427
"../../../Engine/Plugins/Animation/ControlRig/Content/Controls/ControlRig_Circle_3mm.uasset" 5428
"../../../Engine/Plugins/Animation/ControlRig/Content/Controls/ControlRig_Diamond_1mm.uasset" 5429
"../../../Engine/Plugins/Animation/ControlRig/Content/Controls/ControlRig_Diamond_3mm.uasset" 5430
"../../../Engine/Plugins/Animation/ControlRig/Content/Controls/ControlRig_Diamond_solid.uasset" 5431
"../../../Engine/Plugins/Animation/ControlRig/Content/Controls/ControlRig_HalfCircle_1mm.uasset" 5432
"../../../Engine/Plugins/Animation/ControlRig/Content/Controls/ControlRig_HalfCircle_3mm.uasset" 5433
"../../../Engine/Plugins/Animation/ControlRig/Content/Controls/ControlRig_HalfCircle_solid.uasset" 5434
"../../../Engine/Plugins/Animation/ControlRig/Content/Controls/ControlRig_Hexagon_1mm.uasset" 5435
"../../../Engine/Plugins/Animation/ControlRig/Content/Controls/ControlRig_Hexagon_3mm.uasset" 5436
"../../../Engine/Plugins/Animation/ControlRig/Content/Controls/ControlRig_Hexagon_solid.uasset" 5437
"../../../Engine/Plugins/Animation/ControlRig/Content/Controls/ControlRig_Octagon_1mm.uasset" 5438
"../../../Engine/Plugins/Animation/ControlRig/Content/Controls/ControlRig_Octagon_3mm.uasset" 5439
"/ControlRig/Controls/ControlRig_Diamond_3mm" 5440
"/ControlRig/Controls/ControlRig_Circle_solid" 5441
"/ControlRig/Controls/ControlRig_Circle_3mm" 5442
"/ControlRig/Controls/ControlRig_Circle_1mm" 5443
"/ControlRig/Controls/ControlRig_Box_solid" 5444
"/ControlRig/Controls/ControlRig_Box_3mm" 5445
"/ControlRig/Controls/ControlRig_Box_1mm" 5446
"/ControlRig/Controls/ControlRig_Arrow_solid" 5447
"/ControlRig/Controls/ControlRig_Arrow_3mm" 5448
"/ControlRig/Controls/ControlRig_Arrow_1mm" 5449
"/ControlRig/Controls/ControlRig_Arrow4_solid" 5450
"/ControlRig/Controls/ControlRig_HalfCircle_3mm" 5451
"/ControlRig/Controls/ControlRig_Arrow4_3mm" 5452
"/ControlRig/Controls/ControlRig_Arrow4_1mm" 5453
"/ControlRig/Controls/ControlRig_Arrow2_solid" 5454
"/ControlRig/Controls/ControlRig_Arrow2_3mm" 5455
"/ControlRig/Controls/ControlRig_Arrow2_1mm" 5456
"/ControlRig/Controls/ControlRig_Sphere_solid" 5457
"/ControlRig/Controls/ControlRig_Diamond_1mm" 5458
"/ControlRig/Controls/ControlRig_Octagon_3mm" 5459
"/ControlRig/Controls/ControlRig_Octagon_1mm" 5460
"/ControlRig/Controls/ControlRig_Hexagon_solid" 5461
"/ControlRig/Controls/ControlRig_Hexagon_3mm" 5462
"/ControlRig/Controls/ControlRig_Hexagon_1mm" 5463
"/ControlRig/Controls/ControlRig_HalfCircle_solid" 5464
"/ControlRig/Controls/ControlRig_HalfCircle_1mm" 5465
"/ControlRig/Controls/ControlRig_Diamond_solid" 5466
"../../../Engine/Plugins/Animation/ControlRig/Content/Controls/ControlRig_Pyramid_1mm.uasset" 5467
"../../../Engine/Plugins/Animation/ControlRig/Content/Controls/ControlRig_QuarterCircle_solid.uasset" 5468
"../../../Engine/Plugins/Animation/ControlRig/Content/Controls/ControlRig_QuarterCircle_3mm.uasset" 5469
"../../../Engine/Plugins/Animation/ControlRig/Content/Controls/ControlRig_QuarterCircle_1mm.uasset" 5470
"../../../Engine/Plugins/Animation/ControlRig/Content/Controls/ControlRig_Pyramid_solid.uasset" 5471
"../../../Engine/Plugins/Animation/ControlRig/Content/Controls/ControlRig_Pyramid_3mm.uasset" 5472
"../../../Engine/Plugins/Animation/ControlRig/Content/Controls/ControlRig_Octagon_solid.uasset" 5473
"../../../Engine/Plugins/Animation/ControlRig/Content/Controls/ControlRig_RoundedSquare_1mm.uasset" 5474
"../../../Engine/Plugins/Animation/ControlRig/Content/Controls/ControlRig_RoundedSquare_3mm.uasset" 5475
"../../../Engine/Plugins/Animation/ControlRig/Content/Controls/ControlRig_RoundedTriangle_1mm.uasset" 5476
"../../../Engine/Plugins/Animation/ControlRig/Content/Controls/ControlRig_RoundedTriangle_3mm.uasset" 5477
"../../../Engine/Plugins/Animation/ControlRig/Content/Controls/ControlRig_RoundedSquare_solid.uasset" 5478
"../../../Engine/Plugins/Animation/ControlRig/Content/Controls/ControlRig_Sphere_1mm.uasset" 5479
"../../../Engine/Plugins/Animation/ControlRig/Content/Controls/ControlRig_RoundedTriangle_solid.uasset" 5480
"../../../Engine/Plugins/Animation/ControlRig/Content/Controls/ControlRig_Sphere_3mm.uasset" 5481
"../../../Engine/Plugins/Animation/ControlRig/Content/Controls/ControlRig_Square_1mm.uasset" 5482
"../../../Engine/Plugins/Animation/ControlRig/Content/Controls/ControlRig_Square_3mm.uasset" 5483
"../../../Engine/Plugins/Animation/ControlRig/Content/Controls/ControlRig_Square_solid.uasset" 5484
"../../../Engine/Plugins/Animation/ControlRig/Content/Controls/ControlRig_Star4_1mm.uasset" 5485
"../../../Engine/Plugins/Animation/ControlRig/Content/Controls/ControlRig_Star4_3mm.uasset" 5486
"../../../Engine/Plugins/Animation/ControlRig/Content/Controls/ControlRig_Star4_solid.uasset" 5487
"../../../Engine/Plugins/Animation/ControlRig/Content/Controls/ControlRig_Triangle_3mm.uasset" 5488
"../../../Engine/Plugins/Animation/ControlRig/Content/Controls/ControlRig_Triangle_1mm.uasset" 5489
"../../../Engine/Plugins/Animation/ControlRig/Content/Controls/ControlRig_Triangle_solid.uasset" 5490
"../../../Engine/Plugins/Animation/ControlRig/Content/Controls/ControlRig_Wedge_3mm.uasset" 5491
"../../../Engine/Plugins/Animation/ControlRig/Content/Controls/ControlRig_Wedge_solid.uasset" 5492
"../../../Engine/Plugins/Animation/ControlRig/Content/Controls/ControlRig_Wedge_1mm.uasset" 5493
"../../../Engine/Content/Maps/Entry_BuiltData.uasset" 5494
"../../../Engine/Content/Maps/Entry.umap" 5495
"/ControlRig/Controls/ControlRig_RoundedSquare_3mm" 5496
"/ControlRig/Controls/ControlRig_Wedge_solid" 5497
"/ControlRig/Controls/ControlRig_Wedge_3mm" 5498
"/ControlRig/Controls/ControlRig_Triangle_solid" 5499
"/ControlRig/Controls/ControlRig_Triangle_3mm" 5500
"/ControlRig/Controls/ControlRig_Triangle_1mm" 5501
"/ControlRig/Controls/ControlRig_RoundedSquare_1mm" 5502
"/ControlRig/Controls/ControlRig_QuarterCircle_solid" 5503
"/ControlRig/Controls/ControlRig_QuarterCircle_3mm" 5504
"/ControlRig/Controls/ControlRig_QuarterCircle_1mm" 5505
"/ControlRig/Controls/ControlRig_Pyramid_solid" 5506
"/ControlRig/Controls/ControlRig_Pyramid_3mm" 5507
"/ControlRig/Controls/ControlRig_Star4_solid" 5508
"/ControlRig/Controls/ControlRig_Star4_3mm" 5509
"/ControlRig/Controls/ControlRig_Star4_1mm" 5510
"/ControlRig/Controls/ControlRig_Square_solid" 5511
"/ControlRig/Controls/ControlRig_Square_3mm" 5512
"/ControlRig/Controls/ControlRig_Square_1mm" 5513
"/ControlRig/Controls/ControlRig_Pyramid_1mm" 5514
"/ControlRig/Controls/ControlRig_Sphere_3mm" 5515
"/ControlRig/Controls/ControlRig_Sphere_1mm" 5516
"/ControlRig/Controls/ControlRig_Octagon_solid" 5517
"/ControlRig/Controls/ControlRig_RoundedTriangle_solid" 5518
"/ControlRig/Controls/ControlRig_RoundedTriangle_3mm" 5519
"/ControlRig/Controls/ControlRig_RoundedTriangle_1mm" 5520
"/ControlRig/Controls/ControlRig_RoundedSquare_solid" 5521
"/Engine/Maps/Entry_BuiltData" 5522
"/ControlRig/Controls/ControlRig_Wedge_1mm" 5523
"/Engine/Maps/Entry" 5524
"../../../Engine/Content/EditorMaterials/PreviewShadowIndicator.uasset" 5525
"../../../Engine/Content/EditorMaterials/PreviewShadowIndicatorMaterial.uasset" 5526
"../../../Engine/Content/EngineMaterials/Substrate/GLints/dict_16_192_64_0p5_0p02_0063_0014.uasset" 5527
"../../../Engine/Content/EngineMaterials/Substrate/GLints/dict_16_192_64_0p5_0p02_0063_0015.uasset" 5528
"../../../Engine/Content/EngineMaterials/Substrate/GLints/dict_16_192_64_0p5_0p02_0063_0013.uasset" 5529
"../../../Engine/Content/EngineMaterials/Substrate/GLints/dict_16_192_64_0p5_0p02_0063_0012.uasset" 5530
"../../../Engine/Content/EngineMaterials/Substrate/GLints/dict_16_192_64_0p5_0p02_0063_0011.uasset" 5531
"../../../Engine/Content/EngineMaterials/Substrate/GLints/dict_16_192_64_0p5_0p02_0063_0010.uasset" 5532
"../../../Engine/Content/EngineMaterials/Substrate/GLints/dict_16_192_64_0p5_0p02_0063_0009.uasset" 5533
"../../../Engine/Content/EngineMaterials/Substrate/GLints/dict_16_192_64_0p5_0p02_0063_0008.uasset" 5534
"../../../Engine/Content/EngineMaterials/Substrate/GLints/dict_16_192_64_0p5_0p02_0063_0007.uasset" 5535
"../../../Engine/Content/EngineMaterials/Substrate/GLints/dict_16_192_64_0p5_0p02_0063_0006.uasset" 5536
"../../../Engine/Content/EngineMaterials/Substrate/GLints/dict_16_192_64_0p5_0p02_0063_0005.uasset" 5537
"../../../Engine/Content/EngineMaterials/Substrate/GLints/dict_16_192_64_0p5_0p02_0063_0004.uasset" 5538
"../../../Engine/Content/EngineMaterials/Substrate/GLints/dict_16_192_64_0p5_0p02_0063_0003.uasset" 5539
"../../../Engine/Content/EngineMaterials/Substrate/GLints/dict_16_192_64_0p5_0p02_0063_0002.uasset" 5540
"../../../Engine/Content/EngineMaterials/Substrate/GLints/dict_16_192_64_0p5_0p02_0063_0001.uasset" 5541
"../../../Engine/Content/EngineMaterials/Substrate/GLints/dict_16_192_64_0p5_0p02_0063_0000.uasset" 5542
"../../../Engine/Content/EngineMaterials/Substrate/GLints/dict_16_192_64_0p5_0p02_0062_0015.uasset" 5543
"../../../Engine/Content/EngineMaterials/Substrate/GLints/dict_16_192_64_0p5_0p02_0062_0014.uasset" 5544
"../../../Engine/Content/EngineMaterials/Substrate/GLints/dict_16_192_64_0p5_0p02_0062_0013.uasset" 5545
"../../../Engine/Content/EngineMaterials/Substrate/GLints/dict_16_192_64_0p5_0p02_0062_0012.uasset" 5546
"../../../Engine/Content/EngineMaterials/Substrate/GLints/dict_16_192_64_0p5_0p02_0062_0011.uasset" 5547
"../../../Engine/Content/EngineMaterials/Substrate/GLints/dict_16_192_64_0p5_0p02_0062_0010.uasset" 5548
"../../../Engine/Content/EngineMaterials/Substrate/GLints/dict_16_192_64_0p5_0p02_0062_0009.uasset" 5549
"../../../Engine/Content/EngineMaterials/Substrate/GLints/dict_16_192_64_0p5_0p02_0062_0008.uasset" 5550
"../../../Engine/Content/EngineMaterials/Substrate/GLints/dict_16_192_64_0p5_0p02_0062_0007.uasset" 5551
"../../../Engine/Content/EngineMaterials/Substrate/GLints/dict_16_192_64_0p5_0p02_0062_0005.uasset" 5552
"../../../Engine/Content/EngineMaterials/Substrate/GLints/dict_16_192_64_0p5_0p02_0062_0003.uasset" 5553
"../../../Engine/Content/EngineMaterials/Substrate/GLints/dict_16_192_64_0p5_0p02_0062_0006.uasset" 5554
"../../../Engine/Content/EngineMaterials/Substrate/GLints/dict_16_192_64_0p5_0p02_0062_0004.uasset" 5555
"../../../Engine/Content/EngineMaterials/Substrate/GLints/dict_16_192_64_0p5_0p02_0062_0002.uasset" 5556
"/Engine/EditorMaterials/PreviewShadowIndicator" 5557
"../../../Engine/Content/EngineMaterials/Substrate/GLints/dict_16_192_64_0p5_0p02_0062_0001.uasset" 5558
"/Engine/EngineMaterials/Substrate/GLints/dict_16_192_64_0p5_0p02_0063_0014" 5559
"/Engine/EngineMaterials/Substrate/GLints/dict_16_192_64_0p5_0p02_0062_0002" 5560
"/Engine/EngineMaterials/Substrate/GLints/dict_16_192_64_0p5_0p02_0062_0003" 5561
"/Engine/EngineMaterials/Substrate/GLints/dict_16_192_64_0p5_0p02_0062_0004" 5562
"/Engine/EngineMaterials/Substrate/GLints/dict_16_192_64_0p5_0p02_0063_0015" 5563
"/Engine/EngineMaterials/Substrate/GLints/dict_16_192_64_0p5_0p02_0062_0005" 5564
"/Engine/EngineMaterials/Substrate/GLints/dict_16_192_64_0p5_0p02_0062_0006" 5565
"/Engine/EngineMaterials/Substrate/GLints/dict_16_192_64_0p5_0p02_0062_0007" 5566
"/Engine/EngineMaterials/Substrate/GLints/dict_16_192_64_0p5_0p02_0062_0008" 5567
"/Engine/EngineMaterials/Substrate/GLints/dict_16_192_64_0p5_0p02_0062_0009" 5568
"/Engine/EditorMaterials/PreviewShadowIndicatorMaterial" 5569
"/Engine/EngineMaterials/Substrate/GLints/dict_16_192_64_0p5_0p02_0062_0010" 5570
"/Engine/EngineMaterials/Substrate/GLints/dict_16_192_64_0p5_0p02_0062_0011" 5571
"/Engine/EngineMaterials/Substrate/GLints/dict_16_192_64_0p5_0p02_0062_0012" 5572
"/Engine/EngineMaterials/Substrate/GLints/dict_16_192_64_0p5_0p02_0062_0013" 5573
"/Engine/EngineMaterials/Substrate/GLints/dict_16_192_64_0p5_0p02_0062_0014" 5574
"/Engine/EngineMaterials/Substrate/GLints/dict_16_192_64_0p5_0p02_0062_0015" 5575
"/Engine/EngineMaterials/Substrate/GLints/dict_16_192_64_0p5_0p02_0063_0000" 5576
"/Engine/EngineMaterials/Substrate/GLints/dict_16_192_64_0p5_0p02_0063_0001" 5577
"/Engine/EngineMaterials/Substrate/GLints/dict_16_192_64_0p5_0p02_0063_0002" 5578
"/Engine/EngineMaterials/Substrate/GLints/dict_16_192_64_0p5_0p02_0063_0003" 5579
"/Engine/EngineMaterials/Substrate/GLints/dict_16_192_64_0p5_0p02_0063_0004" 5580
"/Engine/EngineMaterials/Substrate/GLints/dict_16_192_64_0p5_0p02_0063_0005" 5581
"/Engine/EngineMaterials/Substrate/GLints/dict_16_192_64_0p5_0p02_0063_0006" 5582
"/Engine/EngineMaterials/Substrate/GLints/dict_16_192_64_0p5_0p02_0063_0007" 5583
"/Engine/EngineMaterials/Substrate/GLints/dict_16_192_64_0p5_0p02_0063_0008" 5584
"/Engine/EngineMaterials/Substrate/GLints/dict_16_192_64_0p5_0p02_0063_0009" 5585
"/Engine/EngineMaterials/Substrate/GLints/dict_16_192_64_0p5_0p02_0063_0010" 5586
"/Engine/EngineMaterials/Substrate/GLints/dict_16_192_64_0p5_0p02_0063_0011" 5587
"/Engine/EngineMaterials/Substrate/GLints/dict_16_192_64_0p5_0p02_0063_0012" 5588
"/Engine/EngineMaterials/Substrate/GLints/dict_16_192_64_0p5_0p02_0063_0013" 5589
"../../../Engine/Content/EngineMaterials/Substrate/GLints/dict_16_192_64_0p5_0p02_0062_0000.uasset" 5590
"../../../Engine/Content/EngineMaterials/Substrate/GLints/dict_16_192_64_0p5_0p02_0061_0014.uasset" 5591
"../../../Engine/Content/EngineMaterials/Substrate/GLints/dict_16_192_64_0p5_0p02_0061_0013.uasset" 5592
"../../../Engine/Content/EngineMaterials/Substrate/GLints/dict_16_192_64_0p5_0p02_0061_0011.uasset" 5593
"../../../Engine/Content/EngineMaterials/Substrate/GLints/dict_16_192_64_0p5_0p02_0061_0012.uasset" 5594
"../../../Engine/Content/EngineMaterials/Substrate/GLints/dict_16_192_64_0p5_0p02_0061_0015.uasset" 5595
"../../../Engine/Content/EngineMaterials/Substrate/GLints/dict_16_192_64_0p5_0p02_0061_0006.uasset" 5596
"../../../Engine/Content/EngineMaterials/Substrate/GLints/dict_16_192_64_0p5_0p02_0061_0010.uasset" 5597
"../../../Engine/Content/EngineMaterials/Substrate/GLints/dict_16_192_64_0p5_0p02_0061_0009.uasset" 5598
"../../../Engine/Content/EngineMaterials/Substrate/GLints/dict_16_192_64_0p5_0p02_0061_0005.uasset" 5599
"../../../Engine/Content/EngineMaterials/Substrate/GLints/dict_16_192_64_0p5_0p02_0061_0007.uasset" 5600
"../../../Engine/Content/EngineMaterials/Substrate/GLints/dict_16_192_64_0p5_0p02_0061_0008.uasset" 5601
"../../../Engine/Content/EngineMaterials/Substrate/GLints/dict_16_192_64_0p5_0p02_0061_0003.uasset" 5602
"../../../Engine/Content/EngineMaterials/Substrate/GLints/dict_16_192_64_0p5_0p02_0061_0004.uasset" 5603
"../../../Engine/Content/EngineMaterials/Substrate/GLints/dict_16_192_64_0p5_0p02_0061_0002.uasset" 5604
"../../../Engine/Content/EngineMaterials/Substrate/GLints/dict_16_192_64_0p5_0p02_0061_0001.uasset" 5605
"../../../Engine/Content/EngineMaterials/Substrate/GLints/dict_16_192_64_0p5_0p02_0061_0000.uasset" 5606
"../../../Engine/Content/EngineMaterials/Substrate/GLints/dict_16_192_64_0p5_0p02_0060_0015.uasset" 5607
"../../../Engine/Content/EngineMaterials/Substrate/GLints/dict_16_192_64_0p5_0p02_0060_0013.uasset" 5608
"../../../Engine/Content/EngineMaterials/Substrate/GLints/dict_16_192_64_0p5_0p02_0060_0014.uasset" 5609
"../../../Engine/Content/EngineMaterials/Substrate/GLints/dict_16_192_64_0p5_0p02_0060_0012.uasset" 5610
"../../../Engine/Content/EngineMaterials/Substrate/GLints/dict_16_192_64_0p5_0p02_0060_0011.uasset" 5611
"../../../Engine/Content/EngineMaterials/Substrate/GLints/dict_16_192_64_0p5_0p02_0060_0009.uasset" 5612
"../../../Engine/Content/EngineMaterials/Substrate/GLints/dict_16_192_64_0p5_0p02_0060_0010.uasset" 5613
"../../../Engine/Content/EngineMaterials/Substrate/GLints/dict_16_192_64_0p5_0p02_0060_0008.uasset" 5614
"../../../Engine/Content/EngineMaterials/Substrate/GLints/dict_16_192_64_0p5_0p02_0060_0007.uasset" 5615
"../../../Engine/Content/EngineMaterials/Substrate/GLints/dict_16_192_64_0p5_0p02_0060_0006.uasset" 5616
"../../../Engine/Content/EngineMaterials/Substrate/GLints/dict_16_192_64_0p5_0p02_0060_0004.uasset" 5617
"../../../Engine/Content/EngineMaterials/Substrate/GLints/dict_16_192_64_0p5_0p02_0060_0005.uasset" 5618
"../../../Engine/Content/EngineMaterials/Substrate/GLints/dict_16_192_64_0p5_0p02_0060_0003.uasset" 5619
"../../../Engine/Content/EngineMaterials/Substrate/GLints/dict_16_192_64_0p5_0p02_0060_0002.uasset" 5620
"../../../Engine/Plugins/Animation/DeformerGraph/Shaders/Private/DataInterfaceCustomComputeKernel.ush" 5621
"../../../Engine/Plugins/Animation/DeformerGraph/Shaders/Private/DataInterfaceCloth.ush" 5622
"../../../Engine/Plugins/Animation/DeformerGraph/Shaders/Private/DataInterfaceSkinnedMeshRead.ush" 5623
"../../../Engine/Plugins/Animation/DeformerGraph/Shaders/Private/DataInterfaceSkeleton.ush" 5624
"../../../Engine/Plugins/Animation/DeformerGraph/Shaders/Private/DataInterfaceSkeletonCommon.ush" 5625
"../../../Engine/Plugins/Animation/DeformerGraph/Shaders/Private/DataInterfaceMorphTarget.ush" 5626
"../../../Engine/Plugins/Animation/DeformerGraph/Shaders/Private/DataInterfaceSkinnedMeshWrite.ush" 5627
"../../../Engine/Plugins/Animation/DeformerGraph/Shaders/Private/DataInterfaceRawBuffer.ush" 5628
"../../../Engine/Plugins/Runtime/ComputeFramework/Shaders/Private/BufferAlias.ush" 5629
"../../../Engine/Plugins/Animation/DeformerGraph/Shaders/Private/DataInterfaceSkinnedMesh.ush" 5630
"../../../Engine/Plugins/Animation/DeformerGraph/Shaders/Private/DataInterfaceHalfEdge.ush" 5631
"/Engine/EngineMaterials/Substrate/GLints/dict_16_192_64_0p5_0p02_0062_0001" 5632
"../../../Engine/Content/EngineMaterials/Substrate/GLints/dict_16_192_64_0p5_0p02_0060_0001.uasset" 5633
"/Engine/EngineMaterials/Substrate/GLints/dict_16_192_64_0p5_0p02_0060_0002" 5634
"/Engine/EngineMaterials/Substrate/GLints/dict_16_192_64_0p5_0p02_0060_0003" 5635
"/Engine/EngineMaterials/Substrate/GLints/dict_16_192_64_0p5_0p02_0060_0004" 5636
"/Engine/EngineMaterials/Substrate/GLints/dict_16_192_64_0p5_0p02_0060_0005" 5637
"/Engine/EngineMaterials/Substrate/GLints/dict_16_192_64_0p5_0p02_0060_0006" 5638
"/Engine/EngineMaterials/Substrate/GLints/dict_16_192_64_0p5_0p02_0060_0007" 5639
"/Engine/EngineMaterials/Substrate/GLints/dict_16_192_64_0p5_0p02_0060_0008" 5640
"/Engine/EngineMaterials/Substrate/GLints/dict_16_192_64_0p5_0p02_0060_0009" 5641
"/Engine/EngineMaterials/Substrate/GLints/dict_16_192_64_0p5_0p02_0060_0010" 5642
"/Engine/EngineMaterials/Substrate/GLints/dict_16_192_64_0p5_0p02_0060_0011" 5643
"/Engine/EngineMaterials/Substrate/GLints/dict_16_192_64_0p5_0p02_0060_0012" 5644
"/Engine/EngineMaterials/Substrate/GLints/dict_16_192_64_0p5_0p02_0060_0013" 5645
"/Engine/EngineMaterials/Substrate/GLints/dict_16_192_64_0p5_0p02_0060_0014" 5646
"/Engine/EngineMaterials/Substrate/GLints/dict_16_192_64_0p5_0p02_0060_0015" 5647
"/Engine/EngineMaterials/Substrate/GLints/dict_16_192_64_0p5_0p02_0061_0000" 5648
"/Engine/EngineMaterials/Substrate/GLints/dict_16_192_64_0p5_0p02_0061_0001" 5649
"/Engine/EngineMaterials/Substrate/GLints/dict_16_192_64_0p5_0p02_0061_0002" 5650
"/Engine/EngineMaterials/Substrate/GLints/dict_16_192_64_0p5_0p02_0061_0003" 5651
"/Engine/EngineMaterials/Substrate/GLints/dict_16_192_64_0p5_0p02_0061_0004" 5652
"/Engine/EngineMaterials/Substrate/GLints/dict_16_192_64_0p5_0p02_0061_0005" 5653
"/Engine/EngineMaterials/Substrate/GLints/dict_16_192_64_0p5_0p02_0061_0006" 5654
"/Engine/EngineMaterials/Substrate/GLints/dict_16_192_64_0p5_0p02_0061_0007" 5655
"/Engine/EngineMaterials/Substrate/GLints/dict_16_192_64_0p5_0p02_0061_0008" 5656
"/Engine/EngineMaterials/Substrate/GLints/dict_16_192_64_0p5_0p02_0061_0009" 5657
"/Engine/EngineMaterials/Substrate/GLints/dict_16_192_64_0p5_0p02_0061_0010" 5658
"/Engine/EngineMaterials/Substrate/GLints/dict_16_192_64_0p5_0p02_0061_0011" 5659
"/Engine/EngineMaterials/Substrate/GLints/dict_16_192_64_0p5_0p02_0061_0012" 5660
"/Engine/EngineMaterials/Substrate/GLints/dict_16_192_64_0p5_0p02_0061_0013" 5661
"/Engine/EngineMaterials/Substrate/GLints/dict_16_192_64_0p5_0p02_0061_0014" 5662
"/Engine/EngineMaterials/Substrate/GLints/dict_16_192_64_0p5_0p02_0061_0015" 5663
"/Engine/EngineMaterials/Substrate/GLints/dict_16_192_64_0p5_0p02_0062_0000" 5664
"../../../Engine/Content/EngineMaterials/Substrate/GLints/dict_16_192_64_0p5_0p02_0060_0000.uasset" 5665
"../../../Engine/Content/EngineMaterials/Substrate/GLints/dict_16_192_64_0p5_0p02_0059_0012.uasset" 5666
"../../../Engine/Content/EngineMaterials/Substrate/GLints/dict_16_192_64_0p5_0p02_0059_0009.uasset" 5667
"../../../Engine/Content/EngineMaterials/Substrate/GLints/dict_16_192_64_0p5_0p02_0059_0014.uasset" 5668
"../../../Engine/Content/EngineMaterials/Substrate/GLints/dict_16_192_64_0p5_0p02_0059_0010.uasset" 5669
"../../../Engine/Content/EngineMaterials/Substrate/GLints/dict_16_192_64_0p5_0p02_0059_0015.uasset" 5670
"../../../Engine/Content/EngineMaterials/Substrate/GLints/dict_16_192_64_0p5_0p02_0059_0011.uasset" 5671
"../../../Engine/Content/EngineMaterials/Substrate/GLints/dict_16_192_64_0p5_0p02_0059_0013.uasset" 5672
"../../../Engine/Content/EngineMaterials/Substrate/GLints/dict_16_192_64_0p5_0p02_0059_0008.uasset" 5673
"../../../Engine/Content/EngineMaterials/Substrate/GLints/dict_16_192_64_0p5_0p02_0059_0007.uasset" 5674
"../../../Engine/Content/EngineMaterials/Substrate/GLints/dict_16_192_64_0p5_0p02_0059_0006.uasset" 5675
"../../../Engine/Content/EngineMaterials/Substrate/GLints/dict_16_192_64_0p5_0p02_0059_0004.uasset" 5676
"../../../Engine/Content/EngineMaterials/Substrate/GLints/dict_16_192_64_0p5_0p02_0059_0005.uasset" 5677
"../../../Engine/Content/EngineMaterials/Substrate/GLints/dict_16_192_64_0p5_0p02_0059_0002.uasset" 5678
"../../../Engine/Content/EngineMaterials/Substrate/GLints/dict_16_192_64_0p5_0p02_0059_0003.uasset" 5679
"../../../Engine/Content/EngineMaterials/Substrate/GLints/dict_16_192_64_0p5_0p02_0059_0001.uasset" 5680
"../../../Engine/Content/EngineMaterials/Substrate/GLints/dict_16_192_64_0p5_0p02_0059_0000.uasset" 5681
"../../../Engine/Content/EngineMaterials/Substrate/GLints/dict_16_192_64_0p5_0p02_0058_0014.uasset" 5682
"../../../Engine/Content/EngineMaterials/Substrate/GLints/dict_16_192_64_0p5_0p02_0058_0015.uasset" 5683
"../../../Engine/Content/EngineMaterials/Substrate/GLints/dict_16_192_64_0p5_0p02_0058_0013.uasset" 5684
"../../../Engine/Content/EngineMaterials/Substrate/GLints/dict_16_192_64_0p5_0p02_0058_0012.uasset" 5685
"../../../Engine/Content/EngineMaterials/Substrate/GLints/dict_16_192_64_0p5_0p02_0058_0002.uasset" 5686
"../../../Engine/Content/EngineMaterials/Substrate/GLints/dict_16_192_64_0p5_0p02_0058_0011.uasset" 5687
"../../../Engine/Content/EngineMaterials/Substrate/GLints/dict_16_192_64_0p5_0p02_0058_0010.uasset" 5688
"../../../Engine/Content/EngineMaterials/Substrate/GLints/dict_16_192_64_0p5_0p02_0058_0008.uasset" 5689
"../../../Engine/Content/EngineMaterials/Substrate/GLints/dict_16_192_64_0p5_0p02_0058_0009.uasset" 5690
"../../../Engine/Content/EngineMaterials/Substrate/GLints/dict_16_192_64_0p5_0p02_0058_0006.uasset" 5691
"../../../Engine/Content/EngineMaterials/Substrate/GLints/dict_16_192_64_0p5_0p02_0058_0007.uasset" 5692
"../../../Engine/Content/EngineMaterials/Substrate/GLints/dict_16_192_64_0p5_0p02_0058_0005.uasset" 5693
"../../../Engine/Content/EngineMaterials/Substrate/GLints/dict_16_192_64_0p5_0p02_0058_0004.uasset" 5694
"../../../Engine/Content/EngineMaterials/Substrate/GLints/dict_16_192_64_0p5_0p02_0058_0003.uasset" 5695
"/Engine/EngineMaterials/Substrate/GLints/dict_16_192_64_0p5_0p02_0060_0001" 5696
"../../../Engine/Content/EngineMaterials/Substrate/GLints/dict_16_192_64_0p5_0p02_0058_0001.uasset" 5697
"/Engine/EngineMaterials/Substrate/GLints/dict_16_192_64_0p5_0p02_0058_0002" 5698
"/Engine/EngineMaterials/Substrate/GLints/dict_16_192_64_0p5_0p02_0058_0003" 5699
"/Engine/EngineMaterials/Substrate/GLints/dict_16_192_64_0p5_0p02_0058_0004" 5700
"/Engine/EngineMaterials/Substrate/GLints/dict_16_192_64_0p5_0p02_0058_0005" 5701
"/Engine/EngineMaterials/Substrate/GLints/dict_16_192_64_0p5_0p02_0058_0006" 5702
"/Engine/EngineMaterials/Substrate/GLints/dict_16_192_64_0p5_0p02_0058_0007" 5703
"/Engine/EngineMaterials/Substrate/GLints/dict_16_192_64_0p5_0p02_0058_0008" 5704
"/Engine/EngineMaterials/Substrate/GLints/dict_16_192_64_0p5_0p02_0058_0009" 5705
"/Engine/EngineMaterials/Substrate/GLints/dict_16_192_64_0p5_0p02_0058_0010" 5706
"/Engine/EngineMaterials/Substrate/GLints/dict_16_192_64_0p5_0p02_0058_0011" 5707
"/Engine/EngineMaterials/Substrate/GLints/dict_16_192_64_0p5_0p02_0058_0012" 5708
"/Engine/EngineMaterials/Substrate/GLints/dict_16_192_64_0p5_0p02_0058_0013" 5709
"/Engine/EngineMaterials/Substrate/GLints/dict_16_192_64_0p5_0p02_0058_0014" 5710
"/Engine/EngineMaterials/Substrate/GLints/dict_16_192_64_0p5_0p02_0058_0015" 5711
"/Engine/EngineMaterials/Substrate/GLints/dict_16_192_64_0p5_0p02_0059_0000" 5712
"/Engine/EngineMaterials/Substrate/GLints/dict_16_192_64_0p5_0p02_0059_0001" 5713
"/Engine/EngineMaterials/Substrate/GLints/dict_16_192_64_0p5_0p02_0059_0002" 5714
"/Engine/EngineMaterials/Substrate/GLints/dict_16_192_64_0p5_0p02_0059_0003" 5715
"/Engine/EngineMaterials/Substrate/GLints/dict_16_192_64_0p5_0p02_0059_0004" 5716
"/Engine/EngineMaterials/Substrate/GLints/dict_16_192_64_0p5_0p02_0059_0005" 5717
"/Engine/EngineMaterials/Substrate/GLints/dict_16_192_64_0p5_0p02_0059_0006" 5718
"/Engine/EngineMaterials/Substrate/GLints/dict_16_192_64_0p5_0p02_0059_0007" 5719
"/Engine/EngineMaterials/Substrate/GLints/dict_16_192_64_0p5_0p02_0059_0008" 5720
"/Engine/EngineMaterials/Substrate/GLints/dict_16_192_64_0p5_0p02_0059_0009" 5721
"/Engine/EngineMaterials/Substrate/GLints/dict_16_192_64_0p5_0p02_0059_0010" 5722
"/Engine/EngineMaterials/Substrate/GLints/dict_16_192_64_0p5_0p02_0059_0011" 5723
"/Engine/EngineMaterials/Substrate/GLints/dict_16_192_64_0p5_0p02_0059_0012" 5724
"/Engine/EngineMaterials/Substrate/GLints/dict_16_192_64_0p5_0p02_0059_0013" 5725
"/Engine/EngineMaterials/Substrate/GLints/dict_16_192_64_0p5_0p02_0059_0014" 5726
"/Engine/EngineMaterials/Substrate/GLints/dict_16_192_64_0p5_0p02_0059_0015" 5727
"/Engine/EngineMaterials/Substrate/GLints/dict_16_192_64_0p5_0p02_0060_0000" 5728
"/Engine/EngineMaterials/Substrate/GLints/dict_16_192_64_0p5_0p02_0058_0001" 5729
"../../../Engine/Content/EngineMaterials/Substrate/GLints/dict_16_192_64_0p5_0p02_0058_0000.uasset" 5730
"../../../Engine/Content/EngineMaterials/Substrate/GLints/dict_16_192_64_0p5_0p02_0057_0015.uasset" 5731
"../../../Engine/Content/EngineMaterials/Substrate/GLints/dict_16_192_64_0p5_0p02_0057_0014.uasset" 5732
"../../../Engine/Content/EngineMaterials/Substrate/GLints/dict_16_192_64_0p5_0p02_0057_0013.uasset" 5733
"../../../Engine/Content/EngineMaterials/Substrate/GLints/dict_16_192_64_0p5_0p02_0057_0012.uasset" 5734
"../../../Engine/Content/EngineMaterials/Substrate/GLints/dict_16_192_64_0p5_0p02_0057_0009.uasset" 5735
"../../../Engine/Content/EngineMaterials/Substrate/GLints/dict_16_192_64_0p5_0p02_0057_0011.uasset" 5736
"../../../Engine/Content/EngineMaterials/Substrate/GLints/dict_16_192_64_0p5_0p02_0057_0010.uasset" 5737
"../../../Engine/Content/EngineMaterials/Substrate/GLints/dict_16_192_64_0p5_0p02_0057_0008.uasset" 5738
"../../../Engine/Content/EngineMaterials/Substrate/GLints/dict_16_192_64_0p5_0p02_0057_0007.uasset" 5739
"../../../Engine/Content/EngineMaterials/Substrate/GLints/dict_16_192_64_0p5_0p02_0057_0006.uasset" 5740
"../../../Engine/Content/EngineMaterials/Substrate/GLints/dict_16_192_64_0p5_0p02_0057_0005.uasset" 5741
"../../../Engine/Content/EngineMaterials/Substrate/GLints/dict_16_192_64_0p5_0p02_0057_0002.uasset" 5742
"../../../Engine/Content/EngineMaterials/Substrate/GLints/dict_16_192_64_0p5_0p02_0057_0004.uasset" 5743
"../../../Engine/Content/EngineMaterials/Substrate/GLints/dict_16_192_64_0p5_0p02_0057_0001.uasset" 5744
"../../../Engine/Content/EngineMaterials/Substrate/GLints/dict_16_192_64_0p5_0p02_0057_0000.uasset" 5745
"../../../Engine/Content/EngineMaterials/Substrate/GLints/dict_16_192_64_0p5_0p02_0056_0015.uasset" 5746
"../../../Engine/Content/EngineMaterials/Substrate/GLints/dict_16_192_64_0p5_0p02_0057_0003.uasset" 5747
"../../../Engine/Content/EngineMaterials/Substrate/GLints/dict_16_192_64_0p5_0p02_0056_0014.uasset" 5748
"../../../Engine/Content/EngineMaterials/Substrate/GLints/dict_16_192_64_0p5_0p02_0056_0013.uasset" 5749
"../../../Engine/Content/EngineMaterials/Substrate/GLints/dict_16_192_64_0p5_0p02_0056_0012.uasset" 5750
"../../../Engine/Content/EngineMaterials/Substrate/GLints/dict_16_192_64_0p5_0p02_0056_0011.uasset" 5751
"../../../Engine/Content/EngineMaterials/Substrate/GLints/dict_16_192_64_0p5_0p02_0056_0010.uasset" 5752
"../../../Engine/Content/EngineMaterials/Substrate/GLints/dict_16_192_64_0p5_0p02_0056_0009.uasset" 5753
"../../../Engine/Content/EngineMaterials/Substrate/GLints/dict_16_192_64_0p5_0p02_0056_0008.uasset" 5754
"../../../Engine/Content/EngineMaterials/Substrate/GLints/dict_16_192_64_0p5_0p02_0056_0007.uasset" 5755
"../../../Engine/Content/EngineMaterials/Substrate/GLints/dict_16_192_64_0p5_0p02_0056_0003.uasset" 5756
"../../../Engine/Content/EngineMaterials/Substrate/GLints/dict_16_192_64_0p5_0p02_0056_0006.uasset" 5757
"../../../Engine/Content/EngineMaterials/Substrate/GLints/dict_16_192_64_0p5_0p02_0056_0005.uasset" 5758
"../../../Engine/Content/EngineMaterials/Substrate/GLints/dict_16_192_64_0p5_0p02_0056_0004.uasset" 5759
"../../../Engine/Content/EngineMaterials/Substrate/GLints/dict_16_192_64_0p5_0p02_0056_0001.uasset" 5760
"../../../Engine/Content/EngineMaterials/Substrate/GLints/dict_16_192_64_0p5_0p02_0056_0002.uasset" 5761
"/Engine/EngineMaterials/Substrate/GLints/dict_16_192_64_0p5_0p02_0056_0002" 5762
"/Engine/EngineMaterials/Substrate/GLints/dict_16_192_64_0p5_0p02_0056_0003" 5763
"/Engine/EngineMaterials/Substrate/GLints/dict_16_192_64_0p5_0p02_0056_0004" 5764
"/Engine/EngineMaterials/Substrate/GLints/dict_16_192_64_0p5_0p02_0056_0005" 5765
"/Engine/EngineMaterials/Substrate/GLints/dict_16_192_64_0p5_0p02_0056_0006" 5766
"/Engine/EngineMaterials/Substrate/GLints/dict_16_192_64_0p5_0p02_0056_0007" 5767
"/Engine/EngineMaterials/Substrate/GLints/dict_16_192_64_0p5_0p02_0056_0008" 5768
"/Engine/EngineMaterials/Substrate/GLints/dict_16_192_64_0p5_0p02_0056_0009" 5769
"/Engine/EngineMaterials/Substrate/GLints/dict_16_192_64_0p5_0p02_0056_0010" 5770
"/Engine/EngineMaterials/Substrate/GLints/dict_16_192_64_0p5_0p02_0056_0011" 5771
"/Engine/EngineMaterials/Substrate/GLints/dict_16_192_64_0p5_0p02_0056_0012" 5772
"/Engine/EngineMaterials/Substrate/GLints/dict_16_192_64_0p5_0p02_0056_0013" 5773
"/Engine/EngineMaterials/Substrate/GLints/dict_16_192_64_0p5_0p02_0056_0014" 5774
"/Engine/EngineMaterials/Substrate/GLints/dict_16_192_64_0p5_0p02_0056_0015" 5775
"/Engine/EngineMaterials/Substrate/GLints/dict_16_192_64_0p5_0p02_0057_0000" 5776
"/Engine/EngineMaterials/Substrate/GLints/dict_16_192_64_0p5_0p02_0057_0001" 5777
"/Engine/EngineMaterials/Substrate/GLints/dict_16_192_64_0p5_0p02_0057_0002" 5778
"/Engine/EngineMaterials/Substrate/GLints/dict_16_192_64_0p5_0p02_0057_0003" 5779
"/Engine/EngineMaterials/Substrate/GLints/dict_16_192_64_0p5_0p02_0057_0004" 5780
"/Engine/EngineMaterials/Substrate/GLints/dict_16_192_64_0p5_0p02_0057_0005" 5781
"/Engine/EngineMaterials/Substrate/GLints/dict_16_192_64_0p5_0p02_0057_0006" 5782
"/Engine/EngineMaterials/Substrate/GLints/dict_16_192_64_0p5_0p02_0057_0007" 5783
"/Engine/EngineMaterials/Substrate/GLints/dict_16_192_64_0p5_0p02_0057_0008" 5784
"/Engine/EngineMaterials/Substrate/GLints/dict_16_192_64_0p5_0p02_0057_0009" 5785
"/Engine/EngineMaterials/Substrate/GLints/dict_16_192_64_0p5_0p02_0057_0010" 5786
"/Engine/EngineMaterials/Substrate/GLints/dict_16_192_64_0p5_0p02_0057_0011" 5787
"/Engine/EngineMaterials/Substrate/GLints/dict_16_192_64_0p5_0p02_0057_0012" 5788
"/Engine/EngineMaterials/Substrate/GLints/dict_16_192_64_0p5_0p02_0057_0013" 5789
"/Engine/EngineMaterials/Substrate/GLints/dict_16_192_64_0p5_0p02_0057_0014" 5790
"/Engine/EngineMaterials/Substrate/GLints/dict_16_192_64_0p5_0p02_0057_0015" 5791
"/Engine/EngineMaterials/Substrate/GLints/dict_16_192_64_0p5_0p02_0058_0000" 5792
"/Engine/EngineMaterials/Substrate/GLints/dict_16_192_64_0p5_0p02_0056_0001" 5793
"../../../Engine/Content/EngineMaterials/Substrate/GLints/dict_16_192_64_0p5_0p02_0056_0000.uasset" 5794
"../../../Engine/Content/EngineMaterials/Substrate/GLints/dict_16_192_64_0p5_0p02_0055_0015.uasset" 5795
"../../../Engine/Content/EngineMaterials/Substrate/GLints/dict_16_192_64_0p5_0p02_0055_0013.uasset" 5796
"../../../Engine/Content/EngineMaterials/Substrate/GLints/dict_16_192_64_0p5_0p02_0055_0014.uasset" 5797
"../../../Engine/Content/EngineMaterials/Substrate/GLints/dict_16_192_64_0p5_0p02_0055_0012.uasset" 5798
"../../../Engine/Content/EngineMaterials/Substrate/GLints/dict_16_192_64_0p5_0p02_0055_0011.uasset" 5799
"../../../Engine/Content/EngineMaterials/Substrate/GLints/dict_16_192_64_0p5_0p02_0055_0010.uasset" 5800
"../../../Engine/Content/EngineMaterials/Substrate/GLints/dict_16_192_64_0p5_0p02_0055_0009.uasset" 5801
"../../../Engine/Content/EngineMaterials/Substrate/GLints/dict_16_192_64_0p5_0p02_0055_0008.uasset" 5802
"../../../Engine/Content/EngineMaterials/Substrate/GLints/dict_16_192_64_0p5_0p02_0055_0007.uasset" 5803
"../../../Engine/Content/EngineMaterials/Substrate/GLints/dict_16_192_64_0p5_0p02_0055_0005.uasset" 5804
"../../../Engine/Content/EngineMaterials/Substrate/GLints/dict_16_192_64_0p5_0p02_0055_0006.uasset" 5805
"../../../Engine/Content/EngineMaterials/Substrate/GLints/dict_16_192_64_0p5_0p02_0055_0004.uasset" 5806
"../../../Engine/Content/EngineMaterials/Substrate/GLints/dict_16_192_64_0p5_0p02_0055_0002.uasset" 5807
"../../../Engine/Content/EngineMaterials/Substrate/GLints/dict_16_192_64_0p5_0p02_0055_0001.uasset" 5808
"../../../Engine/Content/EngineMaterials/Substrate/GLints/dict_16_192_64_0p5_0p02_0054_0015.uasset" 5809
"../../../Engine/Content/EngineMaterials/Substrate/GLints/dict_16_192_64_0p5_0p02_0055_0003.uasset" 5810
"../../../Engine/Content/EngineMaterials/Substrate/GLints/dict_16_192_64_0p5_0p02_0054_0012.uasset" 5811
"../../../Engine/Content/EngineMaterials/Substrate/GLints/dict_16_192_64_0p5_0p02_0054_0011.uasset" 5812
"../../../Engine/Content/EngineMaterials/Substrate/GLints/dict_16_192_64_0p5_0p02_0054_0014.uasset" 5813
"../../../Engine/Content/EngineMaterials/Substrate/GLints/dict_16_192_64_0p5_0p02_0054_0013.uasset" 5814
"../../../Engine/Content/EngineMaterials/Substrate/GLints/dict_16_192_64_0p5_0p02_0054_0010.uasset" 5815
"../../../Engine/Content/EngineMaterials/Substrate/GLints/dict_16_192_64_0p5_0p02_0055_0000.uasset" 5816
"../../../Engine/Content/EngineMaterials/Substrate/GLints/dict_16_192_64_0p5_0p02_0054_0008.uasset" 5817
"../../../Engine/Content/EngineMaterials/Substrate/GLints/dict_16_192_64_0p5_0p02_0054_0009.uasset" 5818
"../../../Engine/Content/EngineMaterials/Substrate/GLints/dict_16_192_64_0p5_0p02_0054_0006.uasset" 5819
"../../../Engine/Content/EngineMaterials/Substrate/GLints/dict_16_192_64_0p5_0p02_0054_0005.uasset" 5820
"../../../Engine/Content/EngineMaterials/Substrate/GLints/dict_16_192_64_0p5_0p02_0054_0007.uasset" 5821
"../../../Engine/Content/EngineMaterials/Substrate/GLints/dict_16_192_64_0p5_0p02_0054_0003.uasset" 5822
"../../../Engine/Content/EngineMaterials/Substrate/GLints/dict_16_192_64_0p5_0p02_0054_0004.uasset" 5823
"../../../Engine/Content/EngineMaterials/Substrate/GLints/dict_16_192_64_0p5_0p02_0054_0002.uasset" 5824
"../../../Engine/Content/EngineMaterials/Substrate/GLints/dict_16_192_64_0p5_0p02_0054_0001.uasset" 5825
"/Engine/EngineMaterials/Substrate/GLints/dict_16_192_64_0p5_0p02_0054_0001" 5826
"/Engine/EngineMaterials/Substrate/GLints/dict_16_192_64_0p5_0p02_0054_0002" 5827
"/Engine/EngineMaterials/Substrate/GLints/dict_16_192_64_0p5_0p02_0054_0003" 5828
"/Engine/EngineMaterials/Substrate/GLints/dict_16_192_64_0p5_0p02_0054_0004" 5829
"/Engine/EngineMaterials/Substrate/GLints/dict_16_192_64_0p5_0p02_0054_0005" 5830
"/Engine/EngineMaterials/Substrate/GLints/dict_16_192_64_0p5_0p02_0054_0006" 5831
"/Engine/EngineMaterials/Substrate/GLints/dict_16_192_64_0p5_0p02_0054_0007" 5832
"/Engine/EngineMaterials/Substrate/GLints/dict_16_192_64_0p5_0p02_0054_0008" 5833
"/Engine/EngineMaterials/Substrate/GLints/dict_16_192_64_0p5_0p02_0054_0009" 5834
"/Engine/EngineMaterials/Substrate/GLints/dict_16_192_64_0p5_0p02_0054_0010" 5835
"/Engine/EngineMaterials/Substrate/GLints/dict_16_192_64_0p5_0p02_0054_0011" 5836
"/Engine/EngineMaterials/Substrate/GLints/dict_16_192_64_0p5_0p02_0054_0012" 5837
"/Engine/EngineMaterials/Substrate/GLints/dict_16_192_64_0p5_0p02_0054_0013" 5838
"/Engine/EngineMaterials/Substrate/GLints/dict_16_192_64_0p5_0p02_0054_0014" 5839
"/Engine/EngineMaterials/Substrate/GLints/dict_16_192_64_0p5_0p02_0054_0015" 5840
"/Engine/EngineMaterials/Substrate/GLints/dict_16_192_64_0p5_0p02_0055_0000" 5841
"/Engine/EngineMaterials/Substrate/GLints/dict_16_192_64_0p5_0p02_0055_0001" 5842
"/Engine/EngineMaterials/Substrate/GLints/dict_16_192_64_0p5_0p02_0055_0002" 5843
"/Engine/EngineMaterials/Substrate/GLints/dict_16_192_64_0p5_0p02_0055_0003" 5844
"/Engine/EngineMaterials/Substrate/GLints/dict_16_192_64_0p5_0p02_0055_0004" 5845
"/Engine/EngineMaterials/Substrate/GLints/dict_16_192_64_0p5_0p02_0055_0005" 5846
"/Engine/EngineMaterials/Substrate/GLints/dict_16_192_64_0p5_0p02_0055_0006" 5847
"/Engine/EngineMaterials/Substrate/GLints/dict_16_192_64_0p5_0p02_0055_0007" 5848
"/Engine/EngineMaterials/Substrate/GLints/dict_16_192_64_0p5_0p02_0055_0008" 5849
"/Engine/EngineMaterials/Substrate/GLints/dict_16_192_64_0p5_0p02_0055_0009" 5850
"/Engine/EngineMaterials/Substrate/GLints/dict_16_192_64_0p5_0p02_0055_0010" 5851
"/Engine/EngineMaterials/Substrate/GLints/dict_16_192_64_0p5_0p02_0055_0011" 5852
"/Engine/EngineMaterials/Substrate/GLints/dict_16_192_64_0p5_0p02_0055_0012" 5853
"/Engine/EngineMaterials/Substrate/GLints/dict_16_192_64_0p5_0p02_0055_0013" 5854
"/Engine/EngineMaterials/Substrate/GLints/dict_16_192_64_0p5_0p02_0055_0014" 5855
"/Engine/EngineMaterials/Substrate/GLints/dict_16_192_64_0p5_0p02_0055_0015" 5856
"/Engine/EngineMaterials/Substrate/GLints/dict_16_192_64_0p5_0p02_0056_0000" 5857
"../../../Engine/Content/EngineMaterials/Substrate/GLints/dict_16_192_64_0p5_0p02_0053_0015.uasset" 5858
"../../../Engine/Content/EngineMaterials/Substrate/GLints/dict_16_192_64_0p5_0p02_0053_0013.uasset" 5859
"../../../Engine/Content/EngineMaterials/Substrate/GLints/dict_16_192_64_0p5_0p02_0053_0014.uasset" 5860
"../../../Engine/Content/EngineMaterials/Substrate/GLints/dict_16_192_64_0p5_0p02_0054_0000.uasset" 5861
"../../../Engine/Content/EngineMaterials/Substrate/GLints/dict_16_192_64_0p5_0p02_0053_0012.uasset" 5862
"../../../Engine/Content/EngineMaterials/Substrate/GLints/dict_16_192_64_0p5_0p02_0053_0011.uasset" 5863
"../../../Engine/Content/EngineMaterials/Substrate/GLints/dict_16_192_64_0p5_0p02_0053_0010.uasset" 5864
"../../../Engine/Content/EngineMaterials/Substrate/GLints/dict_16_192_64_0p5_0p02_0053_0009.uasset" 5865
"../../../Engine/Content/EngineMaterials/Substrate/GLints/dict_16_192_64_0p5_0p02_0053_0008.uasset" 5866
"../../../Engine/Content/EngineMaterials/Substrate/GLints/dict_16_192_64_0p5_0p02_0053_0006.uasset" 5867
"../../../Engine/Content/EngineMaterials/Substrate/GLints/dict_16_192_64_0p5_0p02_0053_0005.uasset" 5868
"../../../Engine/Content/EngineMaterials/Substrate/GLints/dict_16_192_64_0p5_0p02_0053_0007.uasset" 5869
"../../../Engine/Content/EngineMaterials/Substrate/GLints/dict_16_192_64_0p5_0p02_0053_0004.uasset" 5870
"../../../Engine/Content/EngineMaterials/Substrate/GLints/dict_16_192_64_0p5_0p02_0053_0003.uasset" 5871
"../../../Engine/Content/EngineMaterials/Substrate/GLints/dict_16_192_64_0p5_0p02_0053_0002.uasset" 5872
"../../../Engine/Content/EngineMaterials/Substrate/GLints/dict_16_192_64_0p5_0p02_0053_0001.uasset" 5873
"../../../Engine/Content/EngineMaterials/Substrate/GLints/dict_16_192_64_0p5_0p02_0053_0000.uasset" 5874
"../../../Engine/Content/EngineMaterials/Substrate/GLints/dict_16_192_64_0p5_0p02_0052_0015.uasset" 5875
"/Engine/EngineMaterials/Substrate/GLints/dict_16_192_64_0p5_0p02_0053_0006" 5876
"../../../Engine/Content/EngineMaterials/Substrate/GLints/dict_16_192_64_0p5_0p02_0052_0013.uasset" 5877
"../../../Engine/Content/EngineMaterials/Substrate/GLints/dict_16_192_64_0p5_0p02_0052_0014.uasset" 5878
"/Engine/EngineMaterials/Substrate/GLints/dict_16_192_64_0p5_0p02_0053_0008" 5879
"/Engine/EngineMaterials/Substrate/GLints/dict_16_192_64_0p5_0p02_0053_0010" 5880
"/Engine/EngineMaterials/Substrate/GLints/dict_16_192_64_0p5_0p02_0053_0011" 5881
"/Engine/EngineMaterials/Substrate/GLints/dict_16_192_64_0p5_0p02_0053_0012" 5882
"/Engine/EngineMaterials/Substrate/GLints/dict_16_192_64_0p5_0p02_0053_0013" 5883
"/Engine/EngineMaterials/Substrate/GLints/dict_16_192_64_0p5_0p02_0053_0014" 5884
"/Engine/EngineMaterials/Substrate/GLints/dict_16_192_64_0p5_0p02_0053_0015" 5885
"/Engine/EngineMaterials/Substrate/GLints/dict_16_192_64_0p5_0p02_0054_0000" 5886
"/Engine/EngineMaterials/Substrate/GLints/dict_16_192_64_0p5_0p02_0053_0002" 5887
"/Engine/EngineMaterials/Substrate/GLints/dict_16_192_64_0p5_0p02_0053_0004" 5888
"/Engine/EngineMaterials/Substrate/GLints/dict_16_192_64_0p5_0p02_0053_0005" 5889
"/Engine/EngineMaterials/Substrate/GLints/dict_16_192_64_0p5_0p02_0053_0007" 5890
"/Engine/EngineMaterials/Substrate/GLints/dict_16_192_64_0p5_0p02_0053_0009" 5891
"/Engine/EngineMaterials/Substrate/GLints/dict_16_192_64_0p5_0p02_0053_0000" 5892
"/Engine/EngineMaterials/Substrate/GLints/dict_16_192_64_0p5_0p02_0053_0001" 5893
"/Engine/EngineMaterials/Substrate/GLints/dict_16_192_64_0p5_0p02_0053_0003" 5894
"../../../Engine/Content/EngineMaterials/Substrate/GLints/dict_16_192_64_0p5_0p02_0052_0012.uasset" 5895
"../../../Engine/Content/EngineMaterials/Substrate/GLints/dict_16_192_64_0p5_0p02_0052_0011.uasset" 5896
"../../../Engine/Content/EngineMaterials/Substrate/GLints/dict_16_192_64_0p5_0p02_0052_0010.uasset" 5897
"../../../Engine/Content/EngineMaterials/Substrate/GLints/dict_16_192_64_0p5_0p02_0052_0009.uasset" 5898
"../../../Engine/Content/EngineMaterials/Substrate/GLints/dict_16_192_64_0p5_0p02_0052_0008.uasset" 5899
"../../../Engine/Content/EngineMaterials/Substrate/GLints/dict_16_192_64_0p5_0p02_0052_0007.uasset" 5900
"../../../Engine/Content/EngineMaterials/Substrate/GLints/dict_16_192_64_0p5_0p02_0052_0006.uasset" 5901
"../../../Engine/Content/EngineMaterials/Substrate/GLints/dict_16_192_64_0p5_0p02_0052_0005.uasset" 5902
"../../../Engine/Content/EngineMaterials/Substrate/GLints/dict_16_192_64_0p5_0p02_0052_0004.uasset" 5903
"../../../Engine/Content/EngineMaterials/Substrate/GLints/dict_16_192_64_0p5_0p02_0052_0003.uasset" 5904
"../../../Engine/Content/EngineMaterials/Substrate/GLints/dict_16_192_64_0p5_0p02_0052_0002.uasset" 5905
"../../../Engine/Content/EngineMaterials/Substrate/GLints/dict_16_192_64_0p5_0p02_0052_0001.uasset" 5906
"../../../Engine/Content/EngineMaterials/Substrate/GLints/dict_16_192_64_0p5_0p02_0052_0000.uasset" 5907
"../../../Engine/Content/EngineMaterials/Substrate/GLints/dict_16_192_64_0p5_0p02_0051_0013.uasset" 5908
"../../../Engine/Content/EngineMaterials/Substrate/GLints/dict_16_192_64_0p5_0p02_0051_0012.uasset" 5909
"../../../Engine/Content/EngineMaterials/Substrate/GLints/dict_16_192_64_0p5_0p02_0051_0011.uasset" 5910
"../../../Engine/Content/EngineMaterials/Substrate/GLints/dict_16_192_64_0p5_0p02_0051_0010.uasset" 5911
"../../../Engine/Content/EngineMaterials/Substrate/GLints/dict_16_192_64_0p5_0p02_0051_0009.uasset" 5912
"../../../Engine/Content/EngineMaterials/Substrate/GLints/dict_16_192_64_0p5_0p02_0051_0008.uasset" 5913
"../../../Engine/Content/EngineMaterials/Substrate/GLints/dict_16_192_64_0p5_0p02_0051_0015.uasset" 5914
"../../../Engine/Content/EngineMaterials/Substrate/GLints/dict_16_192_64_0p5_0p02_0051_0007.uasset" 5915
"../../../Engine/Content/EngineMaterials/Substrate/GLints/dict_16_192_64_0p5_0p02_0051_0006.uasset" 5916
"../../../Engine/Content/EngineMaterials/Substrate/GLints/dict_16_192_64_0p5_0p02_0051_0005.uasset" 5917
"../../../Engine/Content/EngineMaterials/Substrate/GLints/dict_16_192_64_0p5_0p02_0051_0014.uasset" 5918
"../../../Engine/Content/EngineMaterials/Substrate/GLints/dict_16_192_64_0p5_0p02_0051_0003.uasset" 5919
"../../../Engine/Content/EngineMaterials/Substrate/GLints/dict_16_192_64_0p5_0p02_0051_0004.uasset" 5920
"../../../Engine/Content/EngineMaterials/Substrate/GLints/dict_16_192_64_0p5_0p02_0051_0002.uasset" 5921
"../../../Engine/Content/EngineMaterials/Substrate/GLints/dict_16_192_64_0p5_0p02_0051_0001.uasset" 5922
"../../../Engine/Content/EngineMaterials/Substrate/GLints/dict_16_192_64_0p5_0p02_0051_0000.uasset" 5923
"/Engine/EngineMaterials/Substrate/GLints/dict_16_192_64_0p5_0p02_0052_0001" 5924
"/Engine/EngineMaterials/Substrate/GLints/dict_16_192_64_0p5_0p02_0052_0002" 5925
"/Engine/EngineMaterials/Substrate/GLints/dict_16_192_64_0p5_0p02_0052_0003" 5926
"/Engine/EngineMaterials/Substrate/GLints/dict_16_192_64_0p5_0p02_0052_0004" 5927
"/Engine/EngineMaterials/Substrate/GLints/dict_16_192_64_0p5_0p02_0052_0005" 5928
"/Engine/EngineMaterials/Substrate/GLints/dict_16_192_64_0p5_0p02_0052_0006" 5929
"/Engine/EngineMaterials/Substrate/GLints/dict_16_192_64_0p5_0p02_0052_0007" 5930
"/Engine/EngineMaterials/Substrate/GLints/dict_16_192_64_0p5_0p02_0052_0008" 5931
"/Engine/EngineMaterials/Substrate/GLints/dict_16_192_64_0p5_0p02_0052_0009" 5932
"/Engine/EngineMaterials/Substrate/GLints/dict_16_192_64_0p5_0p02_0052_0010" 5933
"/Engine/EngineMaterials/Substrate/GLints/dict_16_192_64_0p5_0p02_0052_0011" 5934
"/Engine/EngineMaterials/Substrate/GLints/dict_16_192_64_0p5_0p02_0052_0012" 5935
"/Engine/EngineMaterials/Substrate/GLints/dict_16_192_64_0p5_0p02_0052_0013" 5936
"/Engine/EngineMaterials/Substrate/GLints/dict_16_192_64_0p5_0p02_0052_0014" 5937
"/Engine/EngineMaterials/Substrate/GLints/dict_16_192_64_0p5_0p02_0052_0015" 5938
"/Engine/EngineMaterials/Substrate/GLints/dict_16_192_64_0p5_0p02_0051_0000" 5939
"/Engine/EngineMaterials/Substrate/GLints/dict_16_192_64_0p5_0p02_0051_0001" 5940
"/Engine/EngineMaterials/Substrate/GLints/dict_16_192_64_0p5_0p02_0051_0003" 5941
"/Engine/EngineMaterials/Substrate/GLints/dict_16_192_64_0p5_0p02_0051_0002" 5942
"/Engine/EngineMaterials/Substrate/GLints/dict_16_192_64_0p5_0p02_0051_0004" 5943
"/Engine/EngineMaterials/Substrate/GLints/dict_16_192_64_0p5_0p02_0051_0005" 5944
"/Engine/EngineMaterials/Substrate/GLints/dict_16_192_64_0p5_0p02_0051_0008" 5945
"/Engine/EngineMaterials/Substrate/GLints/dict_16_192_64_0p5_0p02_0051_0006" 5946
"/Engine/EngineMaterials/Substrate/GLints/dict_16_192_64_0p5_0p02_0051_0009" 5947
"/Engine/EngineMaterials/Substrate/GLints/dict_16_192_64_0p5_0p02_0051_0007" 5948
"/Engine/EngineMaterials/Substrate/GLints/dict_16_192_64_0p5_0p02_0051_0010" 5949
"/Engine/EngineMaterials/Substrate/GLints/dict_16_192_64_0p5_0p02_0051_0011" 5950
"/Engine/EngineMaterials/Substrate/GLints/dict_16_192_64_0p5_0p02_0051_0012" 5951
"/Engine/EngineMaterials/Substrate/GLints/dict_16_192_64_0p5_0p02_0051_0013" 5952
"/Engine/EngineMaterials/Substrate/GLints/dict_16_192_64_0p5_0p02_0051_0014" 5953
"/Engine/EngineMaterials/Substrate/GLints/dict_16_192_64_0p5_0p02_0051_0015" 5954
"/Engine/EngineMaterials/Substrate/GLints/dict_16_192_64_0p5_0p02_0052_0000" 5955
"../../../Engine/Content/EngineMaterials/Substrate/GLints/dict_16_192_64_0p5_0p02_0050_0009.uasset" 5956
"../../../Engine/Content/EngineMaterials/Substrate/GLints/dict_16_192_64_0p5_0p02_0050_0011.uasset" 5957
"../../../Engine/Content/EngineMaterials/Substrate/GLints/dict_16_192_64_0p5_0p02_0050_0014.uasset" 5958
"../../../Engine/Content/EngineMaterials/Substrate/GLints/dict_16_192_64_0p5_0p02_0050_0013.uasset" 5959
"../../../Engine/Content/EngineMaterials/Substrate/GLints/dict_16_192_64_0p5_0p02_0050_0012.uasset" 5960
"../../../Engine/Content/EngineMaterials/Substrate/GLints/dict_16_192_64_0p5_0p02_0050_0015.uasset" 5961
"../../../Engine/Content/EngineMaterials/Substrate/GLints/dict_16_192_64_0p5_0p02_0050_0010.uasset" 5962
"../../../Engine/Content/EngineMaterials/Substrate/GLints/dict_16_192_64_0p5_0p02_0050_0008.uasset" 5963
"../../../Engine/Content/EngineMaterials/Substrate/GLints/dict_16_192_64_0p5_0p02_0050_0006.uasset" 5964
"../../../Engine/Content/EngineMaterials/Substrate/GLints/dict_16_192_64_0p5_0p02_0050_0007.uasset" 5965
"../../../Engine/Content/EngineMaterials/Substrate/GLints/dict_16_192_64_0p5_0p02_0050_0001.uasset" 5966
"../../../Engine/Content/EngineMaterials/Substrate/GLints/dict_16_192_64_0p5_0p02_0050_0004.uasset" 5967
"../../../Engine/Content/EngineMaterials/Substrate/GLints/dict_16_192_64_0p5_0p02_0050_0005.uasset" 5968
"../../../Engine/Content/EngineMaterials/Substrate/GLints/dict_16_192_64_0p5_0p02_0049_0015.uasset" 5969
"../../../Engine/Content/EngineMaterials/Substrate/GLints/dict_16_192_64_0p5_0p02_0049_0014.uasset" 5970
"../../../Engine/Content/EngineMaterials/Substrate/GLints/dict_16_192_64_0p5_0p02_0050_0002.uasset" 5971
"../../../Engine/Content/EngineMaterials/Substrate/GLints/dict_16_192_64_0p5_0p02_0050_0003.uasset" 5972
"../../../Engine/Content/EngineMaterials/Substrate/GLints/dict_16_192_64_0p5_0p02_0050_0000.uasset" 5973
"/Engine/EngineMaterials/Substrate/GLints/dict_16_192_64_0p5_0p02_0050_0006" 5974
"../../../Engine/Content/EngineMaterials/Substrate/GLints/dict_16_192_64_0p5_0p02_0049_0013.uasset" 5975
"../../../Engine/Content/EngineMaterials/Substrate/GLints/dict_16_192_64_0p5_0p02_0049_0006.uasset" 5976
"../../../Engine/Content/EngineMaterials/Substrate/GLints/dict_16_192_64_0p5_0p02_0049_0000.uasset" 5977
"../../../Engine/Content/EngineMaterials/Substrate/GLints/dict_16_192_64_0p5_0p02_0049_0011.uasset" 5978
"../../../Engine/Content/EngineMaterials/Substrate/GLints/dict_16_192_64_0p5_0p02_0049_0008.uasset" 5979
"../../../Engine/Content/EngineMaterials/Substrate/GLints/dict_16_192_64_0p5_0p02_0049_0009.uasset" 5980
"/Engine/EngineMaterials/Substrate/GLints/dict_16_192_64_0p5_0p02_0050_0007" 5981
"../../../Engine/Content/EngineMaterials/Substrate/GLints/dict_16_192_64_0p5_0p02_0049_0007.uasset" 5982
"../../../Engine/Content/EngineMaterials/Substrate/GLints/dict_16_192_64_0p5_0p02_0049_0005.uasset" 5983
"../../../Engine/Content/EngineMaterials/Substrate/GLints/dict_16_192_64_0p5_0p02_0049_0001.uasset" 5984
"../../../Engine/Content/EngineMaterials/Substrate/GLints/dict_16_192_64_0p5_0p02_0049_0003.uasset" 5985
"../../../Engine/Content/EngineMaterials/Substrate/GLints/dict_16_192_64_0p5_0p02_0049_0004.uasset" 5986
"../../../Engine/Content/EngineMaterials/Substrate/GLints/dict_16_192_64_0p5_0p02_0049_0012.uasset" 5987
"../../../Engine/Content/EngineMaterials/Substrate/GLints/dict_16_192_64_0p5_0p02_0049_0010.uasset" 5988
"/Engine/EngineMaterials/Substrate/GLints/dict_16_192_64_0p5_0p02_0050_0008" 5989
"../../../Engine/Content/EngineMaterials/Substrate/GLints/dict_16_192_64_0p5_0p02_0049_0002.uasset" 5990
"/Engine/EngineMaterials/Substrate/GLints/dict_16_192_64_0p5_0p02_0050_0009" 5991
"/Engine/EngineMaterials/Substrate/GLints/dict_16_192_64_0p5_0p02_0050_0010" 5992
"/Engine/EngineMaterials/Substrate/GLints/dict_16_192_64_0p5_0p02_0050_0011" 5993
"/Engine/EngineMaterials/Substrate/GLints/dict_16_192_64_0p5_0p02_0050_0012" 5994
"/Engine/EngineMaterials/Substrate/GLints/dict_16_192_64_0p5_0p02_0050_0013" 5995
"/Engine/EngineMaterials/Substrate/GLints/dict_16_192_64_0p5_0p02_0050_0014" 5996
"/Engine/EngineMaterials/Substrate/GLints/dict_16_192_64_0p5_0p02_0050_0015" 5997
"../../../Engine/Content/EngineMaterials/Substrate/GLints/dict_16_192_64_0p5_0p02_0048_0015.uasset" 5998
"/Engine/EngineMaterials/Substrate/GLints/dict_16_192_64_0p5_0p02_0049_0000" 5999
"../../../Engine/Content/EngineMaterials/Substrate/GLints/dict_16_192_64_0p5_0p02_0048_0009.uasset" 6000
"../../../Engine/Content/EngineMaterials/Substrate/GLints/dict_16_192_64_0p5_0p02_0048_0011.uasset" 6001
"../../../Engine/Content/EngineMaterials/Substrate/GLints/dict_16_192_64_0p5_0p02_0048_0014.uasset" 6002
"../../../Engine/Content/EngineMaterials/Substrate/GLints/dict_16_192_64_0p5_0p02_0048_0013.uasset" 6003
"../../../Engine/Content/EngineMaterials/Substrate/GLints/dict_16_192_64_0p5_0p02_0048_0006.uasset" 6004
"../../../Engine/Content/EngineMaterials/Substrate/GLints/dict_16_192_64_0p5_0p02_0048_0012.uasset" 6005
"../../../Engine/Content/EngineMaterials/Substrate/GLints/dict_16_192_64_0p5_0p02_0048_0007.uasset" 6006
"../../../Engine/Content/EngineMaterials/Substrate/GLints/dict_16_192_64_0p5_0p02_0048_0008.uasset" 6007
"../../../Engine/Content/EngineMaterials/Substrate/GLints/dict_16_192_64_0p5_0p02_0048_0010.uasset" 6008
"/Engine/EngineMaterials/Substrate/GLints/dict_16_192_64_0p5_0p02_0049_0001" 6009
"/Engine/EngineMaterials/Substrate/GLints/dict_16_192_64_0p5_0p02_0049_0002" 6010
"/Engine/EngineMaterials/Substrate/GLints/dict_16_192_64_0p5_0p02_0049_0003" 6011
"/Engine/EngineMaterials/Substrate/GLints/dict_16_192_64_0p5_0p02_0049_0004" 6012
"/Engine/EngineMaterials/Substrate/GLints/dict_16_192_64_0p5_0p02_0049_0005" 6013
"/Engine/EngineMaterials/Substrate/GLints/dict_16_192_64_0p5_0p02_0049_0006" 6014
"/Engine/EngineMaterials/Substrate/GLints/dict_16_192_64_0p5_0p02_0049_0007" 6015
"/Engine/EngineMaterials/Substrate/GLints/dict_16_192_64_0p5_0p02_0049_0008" 6016
"/Engine/EngineMaterials/Substrate/GLints/dict_16_192_64_0p5_0p02_0049_0009" 6017
"/Engine/EngineMaterials/Substrate/GLints/dict_16_192_64_0p5_0p02_0049_0010" 6018
"/Engine/EngineMaterials/Substrate/GLints/dict_16_192_64_0p5_0p02_0049_0011" 6019
"/Engine/EngineMaterials/Substrate/GLints/dict_16_192_64_0p5_0p02_0049_0012" 6020
"/Engine/EngineMaterials/Substrate/GLints/dict_16_192_64_0p5_0p02_0049_0013" 6021
"/Engine/EngineMaterials/Substrate/GLints/dict_16_192_64_0p5_0p02_0049_0014" 6022
"/Engine/EngineMaterials/Substrate/GLints/dict_16_192_64_0p5_0p02_0049_0015" 6023
"/Engine/EngineMaterials/Substrate/GLints/dict_16_192_64_0p5_0p02_0050_0000" 6024
"/Engine/EngineMaterials/Substrate/GLints/dict_16_192_64_0p5_0p02_0050_0001" 6025
"/Engine/EngineMaterials/Substrate/GLints/dict_16_192_64_0p5_0p02_0050_0002" 6026
"/Engine/EngineMaterials/Substrate/GLints/dict_16_192_64_0p5_0p02_0050_0003" 6027
"/Engine/EngineMaterials/Substrate/GLints/dict_16_192_64_0p5_0p02_0050_0004" 6028
"/Engine/EngineMaterials/Substrate/GLints/dict_16_192_64_0p5_0p02_0050_0005" 6029
"/Engine/EngineMaterials/Substrate/GLints/dict_16_192_64_0p5_0p02_0048_0006" 6030
"../../../Engine/Content/EngineMaterials/Substrate/GLints/dict_16_192_64_0p5_0p02_0048_0005.uasset" 6031
"../../../Engine/Content/EngineMaterials/Substrate/GLints/dict_16_192_64_0p5_0p02_0048_0004.uasset" 6032
"../../../Engine/Content/EngineMaterials/Substrate/GLints/dict_16_192_64_0p5_0p02_0048_0002.uasset" 6033
"../../../Engine/Content/EngineMaterials/Substrate/GLints/dict_16_192_64_0p5_0p02_0047_0012.uasset" 6034
"../../../Engine/Content/EngineMaterials/Substrate/GLints/dict_16_192_64_0p5_0p02_0047_0015.uasset" 6035
"../../../Engine/Content/EngineMaterials/Substrate/GLints/dict_16_192_64_0p5_0p02_0048_0003.uasset" 6036
"../../../Engine/Content/EngineMaterials/Substrate/GLints/dict_16_192_64_0p5_0p02_0048_0000.uasset" 6037
"/Engine/EngineMaterials/Substrate/GLints/dict_16_192_64_0p5_0p02_0048_0007" 6038
"../../../Engine/Content/EngineMaterials/Substrate/GLints/dict_16_192_64_0p5_0p02_0048_0001.uasset" 6039
"../../../Engine/Content/EngineMaterials/Substrate/GLints/dict_16_192_64_0p5_0p02_0047_0013.uasset" 6040
"../../../Engine/Content/EngineMaterials/Substrate/GLints/dict_16_192_64_0p5_0p02_0047_0014.uasset" 6041
"../../../Engine/Content/EngineMaterials/Substrate/GLints/dict_16_192_64_0p5_0p02_0047_0011.uasset" 6042
"../../../Engine/Content/EngineMaterials/Substrate/GLints/dict_16_192_64_0p5_0p02_0047_0009.uasset" 6043
"../../../Engine/Content/EngineMaterials/Substrate/GLints/dict_16_192_64_0p5_0p02_0047_0010.uasset" 6044
"/Engine/EngineMaterials/Substrate/GLints/dict_16_192_64_0p5_0p02_0048_0008" 6045
"/Engine/EngineMaterials/Substrate/GLints/dict_16_192_64_0p5_0p02_0048_0009" 6046
"../../../Engine/Content/EngineMaterials/Substrate/GLints/dict_16_192_64_0p5_0p02_0047_0008.uasset" 6047
"../../../Engine/Content/EngineMaterials/Substrate/GLints/dict_16_192_64_0p5_0p02_0047_0006.uasset" 6048
"../../../Engine/Content/EngineMaterials/Substrate/GLints/dict_16_192_64_0p5_0p02_0047_0001.uasset" 6049
"../../../Engine/Content/EngineMaterials/Substrate/GLints/dict_16_192_64_0p5_0p02_0047_0000.uasset" 6050
"../../../Engine/Content/EngineMaterials/Substrate/GLints/dict_16_192_64_0p5_0p02_0047_0005.uasset" 6051
"../../../Engine/Content/EngineMaterials/Substrate/GLints/dict_16_192_64_0p5_0p02_0047_0004.uasset" 6052
"../../../Engine/Content/EngineMaterials/Substrate/GLints/dict_16_192_64_0p5_0p02_0047_0003.uasset" 6053
"../../../Engine/Content/EngineMaterials/Substrate/GLints/dict_16_192_64_0p5_0p02_0047_0007.uasset" 6054
"../../../Engine/Content/EngineMaterials/Substrate/GLints/dict_16_192_64_0p5_0p02_0047_0002.uasset" 6055
"/Engine/EngineMaterials/Substrate/GLints/dict_16_192_64_0p5_0p02_0048_0010" 6056
"/Engine/EngineMaterials/Substrate/GLints/dict_16_192_64_0p5_0p02_0048_0011" 6057
"/Engine/EngineMaterials/Substrate/GLints/dict_16_192_64_0p5_0p02_0048_0012" 6058
"/Engine/EngineMaterials/Substrate/GLints/dict_16_192_64_0p5_0p02_0048_0013" 6059
"/Engine/EngineMaterials/Substrate/GLints/dict_16_192_64_0p5_0p02_0048_0014" 6060
"/Engine/EngineMaterials/Substrate/GLints/dict_16_192_64_0p5_0p02_0048_0015" 6061
"../../../Engine/Content/EngineMaterials/Substrate/GLints/dict_16_192_64_0p5_0p02_0046_0015.uasset" 6062
"../../../Engine/Content/EngineMaterials/Substrate/GLints/dict_16_192_64_0p5_0p02_0046_0013.uasset" 6063
"../../../Engine/Content/EngineMaterials/Substrate/GLints/dict_16_192_64_0p5_0p02_0046_0014.uasset" 6064
"/Engine/EngineMaterials/Substrate/GLints/dict_16_192_64_0p5_0p02_0047_0000" 6065
"../../../Engine/Content/EngineMaterials/Substrate/GLints/dict_16_192_64_0p5_0p02_0046_0012.uasset" 6066
"../../../Engine/Content/EngineMaterials/Substrate/GLints/dict_16_192_64_0p5_0p02_0046_0011.uasset" 6067
"../../../Engine/Content/EngineMaterials/Substrate/GLints/dict_16_192_64_0p5_0p02_0046_0007.uasset" 6068
"../../../Engine/Content/EngineMaterials/Substrate/GLints/dict_16_192_64_0p5_0p02_0046_0009.uasset" 6069
"../../../Engine/Content/EngineMaterials/Substrate/GLints/dict_16_192_64_0p5_0p02_0046_0006.uasset" 6070
"../../../Engine/Content/EngineMaterials/Substrate/GLints/dict_16_192_64_0p5_0p02_0046_0010.uasset" 6071
"/Engine/EngineMaterials/Substrate/GLints/dict_16_192_64_0p5_0p02_0047_0001" 6072
"../../../Engine/Content/EngineMaterials/Substrate/GLints/dict_16_192_64_0p5_0p02_0046_0008.uasset" 6073
"/Engine/EngineMaterials/Substrate/GLints/dict_16_192_64_0p5_0p02_0047_0002" 6074
"/Engine/EngineMaterials/Substrate/GLints/dict_16_192_64_0p5_0p02_0047_0003" 6075
"/Engine/EngineMaterials/Substrate/GLints/dict_16_192_64_0p5_0p02_0047_0004" 6076
"/Engine/EngineMaterials/Substrate/GLints/dict_16_192_64_0p5_0p02_0047_0005" 6077
"/Engine/EngineMaterials/Substrate/GLints/dict_16_192_64_0p5_0p02_0047_0006" 6078
"/Engine/EngineMaterials/Substrate/GLints/dict_16_192_64_0p5_0p02_0047_0007" 6079
"/Engine/EngineMaterials/Substrate/GLints/dict_16_192_64_0p5_0p02_0047_0008" 6080
"/Engine/EngineMaterials/Substrate/GLints/dict_16_192_64_0p5_0p02_0047_0009" 6081
"/Engine/EngineMaterials/Substrate/GLints/dict_16_192_64_0p5_0p02_0047_0010" 6082
"/Engine/EngineMaterials/Substrate/GLints/dict_16_192_64_0p5_0p02_0047_0011" 6083
"/Engine/EngineMaterials/Substrate/GLints/dict_16_192_64_0p5_0p02_0047_0012" 6084
"/Engine/EngineMaterials/Substrate/GLints/dict_16_192_64_0p5_0p02_0047_0013" 6085
"/Engine/EngineMaterials/Substrate/GLints/dict_16_192_64_0p5_0p02_0047_0014" 6086
"/Engine/EngineMaterials/Substrate/GLints/dict_16_192_64_0p5_0p02_0047_0015" 6087
"/Engine/EngineMaterials/Substrate/GLints/dict_16_192_64_0p5_0p02_0048_0000" 6088
"/Engine/EngineMaterials/Substrate/GLints/dict_16_192_64_0p5_0p02_0048_0001" 6089
"/Engine/EngineMaterials/Substrate/GLints/dict_16_192_64_0p5_0p02_0048_0002" 6090
"/Engine/EngineMaterials/Substrate/GLints/dict_16_192_64_0p5_0p02_0048_0003" 6091
"/Engine/EngineMaterials/Substrate/GLints/dict_16_192_64_0p5_0p02_0048_0004" 6092
"/Engine/EngineMaterials/Substrate/GLints/dict_16_192_64_0p5_0p02_0048_0005" 6093
"../../../Engine/Content/EngineMaterials/Substrate/GLints/dict_16_192_64_0p5_0p02_0046_0004.uasset" 6094
"../../../Engine/Content/EngineMaterials/Substrate/GLints/dict_16_192_64_0p5_0p02_0046_0002.uasset" 6095
"../../../Engine/Content/EngineMaterials/Substrate/GLints/dict_16_192_64_0p5_0p02_0046_0003.uasset" 6096
"../../../Engine/Content/EngineMaterials/Substrate/GLints/dict_16_192_64_0p5_0p02_0046_0001.uasset" 6097
"../../../Engine/Content/EngineMaterials/Substrate/GLints/dict_16_192_64_0p5_0p02_0046_0005.uasset" 6098
"../../../Engine/Content/EngineMaterials/Substrate/GLints/dict_16_192_64_0p5_0p02_0046_0000.uasset" 6099
"../../../Engine/Content/EngineMaterials/Substrate/GLints/dict_16_192_64_0p5_0p02_0045_0014.uasset" 6100
"../../../Engine/Content/EngineMaterials/Substrate/GLints/dict_16_192_64_0p5_0p02_0045_0009.uasset" 6101
"../../../Engine/Content/EngineMaterials/Substrate/GLints/dict_16_192_64_0p5_0p02_0045_0012.uasset" 6102
"../../../Engine/Content/EngineMaterials/Substrate/GLints/dict_16_192_64_0p5_0p02_0045_0013.uasset" 6103
"../../../Engine/Content/EngineMaterials/Substrate/GLints/dict_16_192_64_0p5_0p02_0045_0015.uasset" 6104
"/Engine/EngineMaterials/Substrate/GLints/dict_16_192_64_0p5_0p02_0046_0006" 6105
"../../../Engine/Content/EngineMaterials/Substrate/GLints/dict_16_192_64_0p5_0p02_0045_0011.uasset" 6106
"../../../Engine/Content/EngineMaterials/Substrate/GLints/dict_16_192_64_0p5_0p02_0045_0010.uasset" 6107
"/Engine/EngineMaterials/Substrate/GLints/dict_16_192_64_0p5_0p02_0046_0007" 6108
"../../../Engine/Content/EngineMaterials/Substrate/GLints/dict_16_192_64_0p5_0p02_0045_0008.uasset" 6109
"../../../Engine/Content/EngineMaterials/Substrate/GLints/dict_16_192_64_0p5_0p02_0045_0007.uasset" 6110
"/Engine/EngineMaterials/Substrate/GLints/dict_16_192_64_0p5_0p02_0046_0008" 6111
"../../../Engine/Content/EngineMaterials/Substrate/GLints/dict_16_192_64_0p5_0p02_0045_0005.uasset" 6112
"../../../Engine/Content/EngineMaterials/Substrate/GLints/dict_16_192_64_0p5_0p02_0045_0006.uasset" 6113
"../../../Engine/Content/EngineMaterials/Substrate/GLints/dict_16_192_64_0p5_0p02_0045_0003.uasset" 6114
"/Engine/EngineMaterials/Substrate/GLints/dict_16_192_64_0p5_0p02_0046_0009" 6115
"../../../Engine/Content/EngineMaterials/Substrate/GLints/dict_16_192_64_0p5_0p02_0045_0001.uasset" 6116
"../../../Engine/Content/EngineMaterials/Substrate/GLints/dict_16_192_64_0p5_0p02_0045_0002.uasset" 6117
"../../../Engine/Content/EngineMaterials/Substrate/GLints/dict_16_192_64_0p5_0p02_0045_0004.uasset" 6118
"../../../Engine/Content/EngineMaterials/Substrate/GLints/dict_16_192_64_0p5_0p02_0045_0000.uasset" 6119
"/Engine/EngineMaterials/Substrate/GLints/dict_16_192_64_0p5_0p02_0046_0010" 6120
"/Engine/EngineMaterials/Substrate/GLints/dict_16_192_64_0p5_0p02_0046_0011" 6121
"/Engine/EngineMaterials/Substrate/GLints/dict_16_192_64_0p5_0p02_0046_0012" 6122
"/Engine/EngineMaterials/Substrate/GLints/dict_16_192_64_0p5_0p02_0046_0013" 6123
"/Engine/EngineMaterials/Substrate/GLints/dict_16_192_64_0p5_0p02_0046_0014" 6124
"/Engine/EngineMaterials/Substrate/GLints/dict_16_192_64_0p5_0p02_0046_0015" 6125
"../../../Engine/Content/EngineMaterials/Substrate/GLints/dict_16_192_64_0p5_0p02_0044_0015.uasset" 6126
"../../../Engine/Content/EngineMaterials/Substrate/GLints/dict_16_192_64_0p5_0p02_0044_0013.uasset" 6127
"../../../Engine/Content/EngineMaterials/Substrate/GLints/dict_16_192_64_0p5_0p02_0044_0010.uasset" 6128
"/Engine/EngineMaterials/Substrate/GLints/dict_16_192_64_0p5_0p02_0045_0000" 6129
"../../../Engine/Content/EngineMaterials/Substrate/GLints/dict_16_192_64_0p5_0p02_0044_0014.uasset" 6130
"../../../Engine/Content/EngineMaterials/Substrate/GLints/dict_16_192_64_0p5_0p02_0044_0012.uasset" 6131
"../../../Engine/Content/EngineMaterials/Substrate/GLints/dict_16_192_64_0p5_0p02_0044_0009.uasset" 6132
"../../../Engine/Content/EngineMaterials/Substrate/GLints/dict_16_192_64_0p5_0p02_0044_0011.uasset" 6133
"../../../Engine/Content/EngineMaterials/Substrate/GLints/dict_16_192_64_0p5_0p02_0044_0006.uasset" 6134
"../../../Engine/Content/EngineMaterials/Substrate/GLints/dict_16_192_64_0p5_0p02_0044_0008.uasset" 6135
"../../../Engine/Content/EngineMaterials/Substrate/GLints/dict_16_192_64_0p5_0p02_0044_0007.uasset" 6136
"/Engine/EngineMaterials/Substrate/GLints/dict_16_192_64_0p5_0p02_0045_0001" 6137
"/Engine/EngineMaterials/Substrate/GLints/dict_16_192_64_0p5_0p02_0045_0002" 6138
"/Engine/EngineMaterials/Substrate/GLints/dict_16_192_64_0p5_0p02_0045_0003" 6139
"/Engine/EngineMaterials/Substrate/GLints/dict_16_192_64_0p5_0p02_0045_0004" 6140
"/Engine/EngineMaterials/Substrate/GLints/dict_16_192_64_0p5_0p02_0045_0005" 6141
"/Engine/EngineMaterials/Substrate/GLints/dict_16_192_64_0p5_0p02_0045_0006" 6142
"/Engine/EngineMaterials/Substrate/GLints/dict_16_192_64_0p5_0p02_0045_0007" 6143
"/Engine/EngineMaterials/Substrate/GLints/dict_16_192_64_0p5_0p02_0045_0008" 6144
"/Engine/EngineMaterials/Substrate/GLints/dict_16_192_64_0p5_0p02_0045_0009" 6145
"/Engine/EngineMaterials/Substrate/GLints/dict_16_192_64_0p5_0p02_0045_0010" 6146
"/Engine/EngineMaterials/Substrate/GLints/dict_16_192_64_0p5_0p02_0045_0011" 6147
"/Engine/EngineMaterials/Substrate/GLints/dict_16_192_64_0p5_0p02_0045_0012" 6148
"/Engine/EngineMaterials/Substrate/GLints/dict_16_192_64_0p5_0p02_0045_0013" 6149
"/Engine/EngineMaterials/Substrate/GLints/dict_16_192_64_0p5_0p02_0045_0014" 6150
"/Engine/EngineMaterials/Substrate/GLints/dict_16_192_64_0p5_0p02_0045_0015" 6151
"/Engine/EngineMaterials/Substrate/GLints/dict_16_192_64_0p5_0p02_0046_0000" 6152
"/Engine/EngineMaterials/Substrate/GLints/dict_16_192_64_0p5_0p02_0046_0001" 6153
"/Engine/EngineMaterials/Substrate/GLints/dict_16_192_64_0p5_0p02_0046_0002" 6154
"/Engine/EngineMaterials/Substrate/GLints/dict_16_192_64_0p5_0p02_0046_0003" 6155
"/Engine/EngineMaterials/Substrate/GLints/dict_16_192_64_0p5_0p02_0046_0004" 6156
"/Engine/EngineMaterials/Substrate/GLints/dict_16_192_64_0p5_0p02_0046_0005" 6157
"../../../Engine/Content/EngineMaterials/Substrate/GLints/dict_16_192_64_0p5_0p02_0044_0004.uasset" 6158
"../../../Engine/Content/EngineMaterials/Substrate/GLints/dict_16_192_64_0p5_0p02_0044_0003.uasset" 6159
"../../../Engine/Content/EngineMaterials/Substrate/GLints/dict_16_192_64_0p5_0p02_0043_0014.uasset" 6160
"/Engine/EngineMaterials/Substrate/GLints/dict_16_192_64_0p5_0p02_0044_0006" 6161
"../../../Engine/Content/EngineMaterials/Substrate/GLints/dict_16_192_64_0p5_0p02_0044_0001.uasset" 6162
"../../../Engine/Content/EngineMaterials/Substrate/GLints/dict_16_192_64_0p5_0p02_0044_0000.uasset" 6163
"../../../Engine/Content/EngineMaterials/Substrate/GLints/dict_16_192_64_0p5_0p02_0043_0013.uasset" 6164
"../../../Engine/Content/EngineMaterials/Substrate/GLints/dict_16_192_64_0p5_0p02_0044_0005.uasset" 6165
"../../../Engine/Content/EngineMaterials/Substrate/GLints/dict_16_192_64_0p5_0p02_0043_0015.uasset" 6166
"../../../Engine/Content/EngineMaterials/Substrate/GLints/dict_16_192_64_0p5_0p02_0043_0012.uasset" 6167
"../../../Engine/Content/EngineMaterials/Substrate/GLints/dict_16_192_64_0p5_0p02_0044_0002.uasset" 6168
"../../../Engine/Content/EngineMaterials/Substrate/GLints/dict_16_192_64_0p5_0p02_0043_0011.uasset" 6169
"../../../Engine/Content/EngineMaterials/Substrate/GLints/dict_16_192_64_0p5_0p02_0043_0010.uasset" 6170
"../../../Engine/Content/EngineMaterials/Substrate/GLints/dict_16_192_64_0p5_0p02_0043_0009.uasset" 6171
"../../../Engine/Content/EngineMaterials/Substrate/GLints/dict_16_192_64_0p5_0p02_0043_0007.uasset" 6172
"/Engine/EngineMaterials/Substrate/GLints/dict_16_192_64_0p5_0p02_0044_0007" 6173
"../../../Engine/Content/EngineMaterials/Substrate/GLints/dict_16_192_64_0p5_0p02_0043_0006.uasset" 6174
"../../../Engine/Content/EngineMaterials/Substrate/GLints/dict_16_192_64_0p5_0p02_0043_0008.uasset" 6175
"../../../Engine/Content/EngineMaterials/Substrate/GLints/dict_16_192_64_0p5_0p02_0043_0005.uasset" 6176
"../../../Engine/Content/EngineMaterials/Substrate/GLints/dict_16_192_64_0p5_0p02_0043_0001.uasset" 6177
"../../../Engine/Content/EngineMaterials/Substrate/GLints/dict_16_192_64_0p5_0p02_0043_0004.uasset" 6178
"../../../Engine/Content/EngineMaterials/Substrate/GLints/dict_16_192_64_0p5_0p02_0043_0002.uasset" 6179
"../../../Engine/Content/EngineMaterials/Substrate/GLints/dict_16_192_64_0p5_0p02_0043_0000.uasset" 6180
"../../../Engine/Content/EngineMaterials/Substrate/GLints/dict_16_192_64_0p5_0p02_0043_0003.uasset" 6181
"/Engine/EngineMaterials/Substrate/GLints/dict_16_192_64_0p5_0p02_0044_0008" 6182
"/Engine/EngineMaterials/Substrate/GLints/dict_16_192_64_0p5_0p02_0044_0009" 6183
"/Engine/EngineMaterials/Substrate/GLints/dict_16_192_64_0p5_0p02_0044_0010" 6184
"/Engine/EngineMaterials/Substrate/GLints/dict_16_192_64_0p5_0p02_0044_0011" 6185
"/Engine/EngineMaterials/Substrate/GLints/dict_16_192_64_0p5_0p02_0044_0012" 6186
"/Engine/EngineMaterials/Substrate/GLints/dict_16_192_64_0p5_0p02_0044_0013" 6187
"/Engine/EngineMaterials/Substrate/GLints/dict_16_192_64_0p5_0p02_0044_0014" 6188
"/Engine/EngineMaterials/Substrate/GLints/dict_16_192_64_0p5_0p02_0044_0015" 6189
"../../../Engine/Content/EngineMaterials/Substrate/GLints/dict_16_192_64_0p5_0p02_0042_0013.uasset" 6190
"/Engine/EngineMaterials/Substrate/GLints/dict_16_192_64_0p5_0p02_0043_0000" 6191
"../../../Engine/Content/EngineMaterials/Substrate/GLints/dict_16_192_64_0p5_0p02_0042_0008.uasset" 6192
"../../../Engine/Content/EngineMaterials/Substrate/GLints/dict_16_192_64_0p5_0p02_0042_0011.uasset" 6193
"../../../Engine/Content/EngineMaterials/Substrate/GLints/dict_16_192_64_0p5_0p02_0042_0006.uasset" 6194
"../../../Engine/Content/EngineMaterials/Substrate/GLints/dict_16_192_64_0p5_0p02_0042_0007.uasset" 6195
"../../../Engine/Content/EngineMaterials/Substrate/GLints/dict_16_192_64_0p5_0p02_0042_0009.uasset" 6196
"../../../Engine/Content/EngineMaterials/Substrate/GLints/dict_16_192_64_0p5_0p02_0042_0014.uasset" 6197
"../../../Engine/Content/EngineMaterials/Substrate/GLints/dict_16_192_64_0p5_0p02_0042_0010.uasset" 6198
"../../../Engine/Content/EngineMaterials/Substrate/GLints/dict_16_192_64_0p5_0p02_0042_0012.uasset" 6199
"../../../Engine/Content/EngineMaterials/Substrate/GLints/dict_16_192_64_0p5_0p02_0042_0015.uasset" 6200
"/Engine/EngineMaterials/Substrate/GLints/dict_16_192_64_0p5_0p02_0043_0001" 6201
"/Engine/EngineMaterials/Substrate/GLints/dict_16_192_64_0p5_0p02_0043_0002" 6202
"/Engine/EngineMaterials/Substrate/GLints/dict_16_192_64_0p5_0p02_0043_0003" 6203
"/Engine/EngineMaterials/Substrate/GLints/dict_16_192_64_0p5_0p02_0043_0004" 6204
"/Engine/EngineMaterials/Substrate/GLints/dict_16_192_64_0p5_0p02_0043_0005" 6205
"/Engine/EngineMaterials/Substrate/GLints/dict_16_192_64_0p5_0p02_0043_0006" 6206
"/Engine/EngineMaterials/Substrate/GLints/dict_16_192_64_0p5_0p02_0043_0007" 6207
"/Engine/EngineMaterials/Substrate/GLints/dict_16_192_64_0p5_0p02_0043_0008" 6208
"/Engine/EngineMaterials/Substrate/GLints/dict_16_192_64_0p5_0p02_0043_0009" 6209
"/Engine/EngineMaterials/Substrate/GLints/dict_16_192_64_0p5_0p02_0043_0010" 6210
"/Engine/EngineMaterials/Substrate/GLints/dict_16_192_64_0p5_0p02_0043_0011" 6211
"/Engine/EngineMaterials/Substrate/GLints/dict_16_192_64_0p5_0p02_0043_0012" 6212
"/Engine/EngineMaterials/Substrate/GLints/dict_16_192_64_0p5_0p02_0043_0013" 6213
"/Engine/EngineMaterials/Substrate/GLints/dict_16_192_64_0p5_0p02_0043_0014" 6214
"/Engine/EngineMaterials/Substrate/GLints/dict_16_192_64_0p5_0p02_0043_0015" 6215
"/Engine/EngineMaterials/Substrate/GLints/dict_16_192_64_0p5_0p02_0044_0000" 6216
"/Engine/EngineMaterials/Substrate/GLints/dict_16_192_64_0p5_0p02_0044_0001" 6217
"/Engine/EngineMaterials/Substrate/GLints/dict_16_192_64_0p5_0p02_0044_0002" 6218
"/Engine/EngineMaterials/Substrate/GLints/dict_16_192_64_0p5_0p02_0044_0003" 6219
"/Engine/EngineMaterials/Substrate/GLints/dict_16_192_64_0p5_0p02_0044_0004" 6220
"/Engine/EngineMaterials/Substrate/GLints/dict_16_192_64_0p5_0p02_0044_0005" 6221
"../../../Engine/Content/EngineMaterials/Substrate/GLints/dict_16_192_64_0p5_0p02_0042_0005.uasset" 6222
"/Engine/EngineMaterials/Substrate/GLints/dict_16_192_64_0p5_0p02_0042_0006" 6223
"../../../Engine/Content/EngineMaterials/Substrate/GLints/dict_16_192_64_0p5_0p02_0042_0004.uasset" 6224
"../../../Engine/Content/EngineMaterials/Substrate/GLints/dict_16_192_64_0p5_0p02_0042_0001.uasset" 6225
"../../../Engine/Content/EngineMaterials/Substrate/GLints/dict_16_192_64_0p5_0p02_0042_0002.uasset" 6226
"../../../Engine/Content/EngineMaterials/Substrate/GLints/dict_16_192_64_0p5_0p02_0041_0015.uasset" 6227
"../../../Engine/Content/EngineMaterials/Substrate/GLints/dict_16_192_64_0p5_0p02_0042_0003.uasset" 6228
"../../../Engine/Content/EngineMaterials/Substrate/GLints/dict_16_192_64_0p5_0p02_0041_0014.uasset" 6229
"../../../Engine/Content/EngineMaterials/Substrate/GLints/dict_16_192_64_0p5_0p02_0041_0012.uasset" 6230
"/Engine/EngineMaterials/Substrate/GLints/dict_16_192_64_0p5_0p02_0042_0007" 6231
"../../../Engine/Content/EngineMaterials/Substrate/GLints/dict_16_192_64_0p5_0p02_0041_0010.uasset" 6232
"../../../Engine/Content/EngineMaterials/Substrate/GLints/dict_16_192_64_0p5_0p02_0042_0000.uasset" 6233
"../../../Engine/Content/EngineMaterials/Substrate/GLints/dict_16_192_64_0p5_0p02_0041_0013.uasset" 6234
"../../../Engine/Content/EngineMaterials/Substrate/GLints/dict_16_192_64_0p5_0p02_0041_0011.uasset" 6235
"../../../Engine/Content/EngineMaterials/Substrate/GLints/dict_16_192_64_0p5_0p02_0041_0009.uasset" 6236
"/Engine/EngineMaterials/Substrate/GLints/dict_16_192_64_0p5_0p02_0042_0008" 6237
"../../../Engine/Content/EngineMaterials/Substrate/GLints/dict_16_192_64_0p5_0p02_0041_0008.uasset" 6238
"/Engine/EngineMaterials/Substrate/GLints/dict_16_192_64_0p5_0p02_0042_0009" 6239
"../../../Engine/Content/EngineMaterials/Substrate/GLints/dict_16_192_64_0p5_0p02_0041_0005.uasset" 6240
"../../../Engine/Content/EngineMaterials/Substrate/GLints/dict_16_192_64_0p5_0p02_0041_0007.uasset" 6241
"../../../Engine/Content/EngineMaterials/Substrate/GLints/dict_16_192_64_0p5_0p02_0041_0002.uasset" 6242
"../../../Engine/Content/EngineMaterials/Substrate/GLints/dict_16_192_64_0p5_0p02_0041_0006.uasset" 6243
"../../../Engine/Content/EngineMaterials/Substrate/GLints/dict_16_192_64_0p5_0p02_0041_0001.uasset" 6244
"/Engine/EngineMaterials/Substrate/GLints/dict_16_192_64_0p5_0p02_0042_0010" 6245
"../../../Engine/Content/EngineMaterials/Substrate/GLints/dict_16_192_64_0p5_0p02_0041_0004.uasset" 6246
"../../../Engine/Content/EngineMaterials/Substrate/GLints/dict_16_192_64_0p5_0p02_0041_0000.uasset" 6247
"../../../Engine/Content/EngineMaterials/Substrate/GLints/dict_16_192_64_0p5_0p02_0041_0003.uasset" 6248
"/Engine/EngineMaterials/Substrate/GLints/dict_16_192_64_0p5_0p02_0042_0011" 6249
"/Engine/EngineMaterials/Substrate/GLints/dict_16_192_64_0p5_0p02_0042_0012" 6250
"/Engine/EngineMaterials/Substrate/GLints/dict_16_192_64_0p5_0p02_0042_0013" 6251
"/Engine/EngineMaterials/Substrate/GLints/dict_16_192_64_0p5_0p02_0042_0014" 6252
"/Engine/EngineMaterials/Substrate/GLints/dict_16_192_64_0p5_0p02_0042_0015" 6253
"../../../Engine/Content/EngineMaterials/Substrate/GLints/dict_16_192_64_0p5_0p02_0040_0013.uasset" 6254
"/Engine/EngineMaterials/Substrate/GLints/dict_16_192_64_0p5_0p02_0041_0000" 6255
"../../../Engine/Content/EngineMaterials/Substrate/GLints/dict_16_192_64_0p5_0p02_0040_0014.uasset" 6256
"../../../Engine/Content/EngineMaterials/Substrate/GLints/dict_16_192_64_0p5_0p02_0040_0015.uasset" 6257
"../../../Engine/Content/EngineMaterials/Substrate/GLints/dict_16_192_64_0p5_0p02_0040_0012.uasset" 6258
"../../../Engine/Content/EngineMaterials/Substrate/GLints/dict_16_192_64_0p5_0p02_0040_0007.uasset" 6259
"../../../Engine/Content/EngineMaterials/Substrate/GLints/dict_16_192_64_0p5_0p02_0040_0009.uasset" 6260
"../../../Engine/Content/EngineMaterials/Substrate/GLints/dict_16_192_64_0p5_0p02_0040_0010.uasset" 6261
"../../../Engine/Content/EngineMaterials/Substrate/GLints/dict_16_192_64_0p5_0p02_0040_0011.uasset" 6262
"/Engine/EngineMaterials/Substrate/GLints/dict_16_192_64_0p5_0p02_0041_0001" 6263
"../../../Engine/Content/EngineMaterials/Substrate/GLints/dict_16_192_64_0p5_0p02_0040_0008.uasset" 6264
"../../../Engine/Content/EngineMaterials/Substrate/GLints/dict_16_192_64_0p5_0p02_0040_0006.uasset" 6265
"/Engine/EngineMaterials/Substrate/GLints/dict_16_192_64_0p5_0p02_0041_0002" 6266
"/Engine/EngineMaterials/Substrate/GLints/dict_16_192_64_0p5_0p02_0041_0003" 6267
"/Engine/EngineMaterials/Substrate/GLints/dict_16_192_64_0p5_0p02_0041_0004" 6268
"/Engine/EngineMaterials/Substrate/GLints/dict_16_192_64_0p5_0p02_0041_0005" 6269
"/Engine/EngineMaterials/Substrate/GLints/dict_16_192_64_0p5_0p02_0041_0006" 6270
"/Engine/EngineMaterials/Substrate/GLints/dict_16_192_64_0p5_0p02_0041_0007" 6271
"/Engine/EngineMaterials/Substrate/GLints/dict_16_192_64_0p5_0p02_0041_0008" 6272
"/Engine/EngineMaterials/Substrate/GLints/dict_16_192_64_0p5_0p02_0041_0009" 6273
"/Engine/EngineMaterials/Substrate/GLints/dict_16_192_64_0p5_0p02_0041_0010" 6274
"/Engine/EngineMaterials/Substrate/GLints/dict_16_192_64_0p5_0p02_0041_0011" 6275
"/Engine/EngineMaterials/Substrate/GLints/dict_16_192_64_0p5_0p02_0041_0012" 6276
"/Engine/EngineMaterials/Substrate/GLints/dict_16_192_64_0p5_0p02_0041_0013" 6277
"/Engine/EngineMaterials/Substrate/GLints/dict_16_192_64_0p5_0p02_0041_0014" 6278
"/Engine/EngineMaterials/Substrate/GLints/dict_16_192_64_0p5_0p02_0041_0015" 6279
"/Engine/EngineMaterials/Substrate/GLints/dict_16_192_64_0p5_0p02_0042_0000" 6280
"/Engine/EngineMaterials/Substrate/GLints/dict_16_192_64_0p5_0p02_0042_0001" 6281
"/Engine/EngineMaterials/Substrate/GLints/dict_16_192_64_0p5_0p02_0042_0002" 6282
"/Engine/EngineMaterials/Substrate/GLints/dict_16_192_64_0p5_0p02_0042_0003" 6283
"/Engine/EngineMaterials/Substrate/GLints/dict_16_192_64_0p5_0p02_0042_0004" 6284
"/Engine/EngineMaterials/Substrate/GLints/dict_16_192_64_0p5_0p02_0042_0005" 6285
"/Engine/EngineMaterials/Substrate/GLints/dict_16_192_64_0p5_0p02_0040_0006" 6286
"../../../Engine/Content/EngineMaterials/Substrate/GLints/dict_16_192_64_0p5_0p02_0040_0000.uasset" 6287
"../../../Engine/Content/EngineMaterials/Substrate/GLints/dict_16_192_64_0p5_0p02_0040_0005.uasset" 6288
"../../../Engine/Content/EngineMaterials/Substrate/GLints/dict_16_192_64_0p5_0p02_0039_0012.uasset" 6289
"../../../Engine/Content/EngineMaterials/Substrate/GLints/dict_16_192_64_0p5_0p02_0039_0015.uasset" 6290
"/Engine/EngineMaterials/Substrate/GLints/dict_16_192_64_0p5_0p02_0040_0007" 6291
"../../../Engine/Content/EngineMaterials/Substrate/GLints/dict_16_192_64_0p5_0p02_0039_0013.uasset" 6292
"../../../Engine/Content/EngineMaterials/Substrate/GLints/dict_16_192_64_0p5_0p02_0039_0014.uasset" 6293
"../../../Engine/Content/EngineMaterials/Substrate/GLints/dict_16_192_64_0p5_0p02_0040_0004.uasset" 6294
"../../../Engine/Content/EngineMaterials/Substrate/GLints/dict_16_192_64_0p5_0p02_0039_0011.uasset" 6295
"../../../Engine/Content/EngineMaterials/Substrate/GLints/dict_16_192_64_0p5_0p02_0040_0002.uasset" 6296
"../../../Engine/Content/EngineMaterials/Substrate/GLints/dict_16_192_64_0p5_0p02_0040_0003.uasset" 6297
"../../../Engine/Content/EngineMaterials/Substrate/GLints/dict_16_192_64_0p5_0p02_0039_0010.uasset" 6298
"../../../Engine/Content/EngineMaterials/Substrate/GLints/dict_16_192_64_0p5_0p02_0040_0001.uasset" 6299
"../../../Engine/Content/EngineMaterials/Substrate/GLints/dict_16_192_64_0p5_0p02_0039_0009.uasset" 6300
"../../../Engine/Content/EngineMaterials/Substrate/GLints/dict_16_192_64_0p5_0p02_0039_0007.uasset" 6301
"../../../Engine/Content/EngineMaterials/Substrate/GLints/dict_16_192_64_0p5_0p02_0039_0008.uasset" 6302
"../../../Engine/Content/EngineMaterials/Substrate/GLints/dict_16_192_64_0p5_0p02_0039_0006.uasset" 6303
"../../../Engine/Content/EngineMaterials/Substrate/GLints/dict_16_192_64_0p5_0p02_0039_0005.uasset" 6304
"/Engine/EngineMaterials/Substrate/GLints/dict_16_192_64_0p5_0p02_0040_0008" 6305
"../../../Engine/Content/EngineMaterials/Substrate/GLints/dict_16_192_64_0p5_0p02_0039_0003.uasset" 6306
"../../../Engine/Content/EngineMaterials/Substrate/GLints/dict_16_192_64_0p5_0p02_0039_0004.uasset" 6307
"../../../Engine/Content/EngineMaterials/Substrate/GLints/dict_16_192_64_0p5_0p02_0039_0002.uasset" 6308
"../../../Engine/Content/EngineMaterials/Substrate/GLints/dict_16_192_64_0p5_0p02_0039_0001.uasset" 6309
"../../../Engine/Content/EngineMaterials/Substrate/GLints/dict_16_192_64_0p5_0p02_0039_0000.uasset" 6310
"/Engine/EngineMaterials/Substrate/GLints/dict_16_192_64_0p5_0p02_0040_0009" 6311
"/Engine/EngineMaterials/Substrate/GLints/dict_16_192_64_0p5_0p02_0040_0010" 6312
"/Engine/EngineMaterials/Substrate/GLints/dict_16_192_64_0p5_0p02_0040_0011" 6313
"/Engine/EngineMaterials/Substrate/GLints/dict_16_192_64_0p5_0p02_0040_0012" 6314
"/Engine/EngineMaterials/Substrate/GLints/dict_16_192_64_0p5_0p02_0040_0013" 6315
"/Engine/EngineMaterials/Substrate/GLints/dict_16_192_64_0p5_0p02_0040_0014" 6316
"/Engine/EngineMaterials/Substrate/GLints/dict_16_192_64_0p5_0p02_0040_0015" 6317
"../../../Engine/Content/EngineMaterials/Substrate/GLints/dict_16_192_64_0p5_0p02_0038_0010.uasset" 6318
"../../../Engine/Content/EngineMaterials/Substrate/GLints/dict_16_192_64_0p5_0p02_0038_0013.uasset" 6319
"../../../Engine/Content/EngineMaterials/Substrate/GLints/dict_16_192_64_0p5_0p02_0038_0009.uasset" 6320
"../../../Engine/Content/EngineMaterials/Substrate/GLints/dict_16_192_64_0p5_0p02_0038_0012.uasset" 6321
"/Engine/EngineMaterials/Substrate/GLints/dict_16_192_64_0p5_0p02_0039_0000" 6322
"../../../Engine/Content/EngineMaterials/Substrate/GLints/dict_16_192_64_0p5_0p02_0038_0015.uasset" 6323
"../../../Engine/Content/EngineMaterials/Substrate/GLints/dict_16_192_64_0p5_0p02_0038_0008.uasset" 6324
"../../../Engine/Content/EngineMaterials/Substrate/GLints/dict_16_192_64_0p5_0p02_0038_0014.uasset" 6325
"../../../Engine/Content/EngineMaterials/Substrate/GLints/dict_16_192_64_0p5_0p02_0038_0011.uasset" 6326
"../../../Engine/Content/EngineMaterials/Substrate/GLints/dict_16_192_64_0p5_0p02_0038_0006.uasset" 6327
"../../../Engine/Content/EngineMaterials/Substrate/GLints/dict_16_192_64_0p5_0p02_0038_0007.uasset" 6328
"/Engine/EngineMaterials/Substrate/GLints/dict_16_192_64_0p5_0p02_0039_0001" 6329
"/Engine/EngineMaterials/Substrate/GLints/dict_16_192_64_0p5_0p02_0039_0002" 6330
"/Engine/EngineMaterials/Substrate/GLints/dict_16_192_64_0p5_0p02_0039_0003" 6331
"/Engine/EngineMaterials/Substrate/GLints/dict_16_192_64_0p5_0p02_0039_0004" 6332
"/Engine/EngineMaterials/Substrate/GLints/dict_16_192_64_0p5_0p02_0039_0005" 6333
"/Engine/EngineMaterials/Substrate/GLints/dict_16_192_64_0p5_0p02_0039_0006" 6334
"/Engine/EngineMaterials/Substrate/GLints/dict_16_192_64_0p5_0p02_0039_0007" 6335
"/Engine/EngineMaterials/Substrate/GLints/dict_16_192_64_0p5_0p02_0039_0008" 6336
"/Engine/EngineMaterials/Substrate/GLints/dict_16_192_64_0p5_0p02_0039_0009" 6337
"/Engine/EngineMaterials/Substrate/GLints/dict_16_192_64_0p5_0p02_0039_0010" 6338
"/Engine/EngineMaterials/Substrate/GLints/dict_16_192_64_0p5_0p02_0039_0011" 6339
"/Engine/EngineMaterials/Substrate/GLints/dict_16_192_64_0p5_0p02_0039_0012" 6340
"/Engine/EngineMaterials/Substrate/GLints/dict_16_192_64_0p5_0p02_0039_0013" 6341
"/Engine/EngineMaterials/Substrate/GLints/dict_16_192_64_0p5_0p02_0039_0014" 6342
"/Engine/EngineMaterials/Substrate/GLints/dict_16_192_64_0p5_0p02_0039_0015" 6343
"/Engine/EngineMaterials/Substrate/GLints/dict_16_192_64_0p5_0p02_0040_0000" 6344
"/Engine/EngineMaterials/Substrate/GLints/dict_16_192_64_0p5_0p02_0040_0001" 6345
"/Engine/EngineMaterials/Substrate/GLints/dict_16_192_64_0p5_0p02_0040_0002" 6346
"/Engine/EngineMaterials/Substrate/GLints/dict_16_192_64_0p5_0p02_0040_0003" 6347
"/Engine/EngineMaterials/Substrate/GLints/dict_16_192_64_0p5_0p02_0040_0004" 6348
"/Engine/EngineMaterials/Substrate/GLints/dict_16_192_64_0p5_0p02_0040_0005" 6349
"../../../Engine/Content/EngineMaterials/Substrate/GLints/dict_16_192_64_0p5_0p02_0038_0003.uasset" 6350
"../../../Engine/Content/EngineMaterials/Substrate/GLints/dict_16_192_64_0p5_0p02_0038_0004.uasset" 6351
"/Engine/EngineMaterials/Substrate/GLints/dict_16_192_64_0p5_0p02_0038_0006" 6352
"../../../Engine/Content/EngineMaterials/Substrate/GLints/dict_16_192_64_0p5_0p02_0037_0015.uasset" 6353
"../../../Engine/Content/EngineMaterials/Substrate/GLints/dict_16_192_64_0p5_0p02_0038_0000.uasset" 6354
"../../../Engine/Content/EngineMaterials/Substrate/GLints/dict_16_192_64_0p5_0p02_0038_0001.uasset" 6355
"../../../Engine/Content/EngineMaterials/Substrate/GLints/dict_16_192_64_0p5_0p02_0037_0013.uasset" 6356
"../../../Engine/Content/EngineMaterials/Substrate/GLints/dict_16_192_64_0p5_0p02_0038_0002.uasset" 6357
"../../../Engine/Content/EngineMaterials/Substrate/GLints/dict_16_192_64_0p5_0p02_0037_0014.uasset" 6358
"../../../Engine/Content/EngineMaterials/Substrate/GLints/dict_16_192_64_0p5_0p02_0038_0005.uasset" 6359
"/Engine/EngineMaterials/Substrate/GLints/dict_16_192_64_0p5_0p02_0038_0007" 6360
"../../../Engine/Content/EngineMaterials/Substrate/GLints/dict_16_192_64_0p5_0p02_0037_0012.uasset" 6361
"../../../Engine/Content/EngineMaterials/Substrate/GLints/dict_16_192_64_0p5_0p02_0037_0008.uasset" 6362
"../../../Engine/Content/EngineMaterials/Substrate/GLints/dict_16_192_64_0p5_0p02_0037_0010.uasset" 6363
"../../../Engine/Content/EngineMaterials/Substrate/GLints/dict_16_192_64_0p5_0p02_0037_0006.uasset" 6364
"../../../Engine/Content/EngineMaterials/Substrate/GLints/dict_16_192_64_0p5_0p02_0037_0009.uasset" 6365
"/Engine/EngineMaterials/Substrate/GLints/dict_16_192_64_0p5_0p02_0038_0008" 6366
"../../../Engine/Content/EngineMaterials/Substrate/GLints/dict_16_192_64_0p5_0p02_0037_0011.uasset" 6367
"../../../Engine/Content/EngineMaterials/Substrate/GLints/dict_16_192_64_0p5_0p02_0037_0007.uasset" 6368
"../../../Engine/Content/EngineMaterials/Substrate/GLints/dict_16_192_64_0p5_0p02_0037_0005.uasset" 6369
"../../../Engine/Content/EngineMaterials/Substrate/GLints/dict_16_192_64_0p5_0p02_0037_0004.uasset" 6370
"../../../Engine/Content/EngineMaterials/Substrate/GLints/dict_16_192_64_0p5_0p02_0037_0002.uasset" 6371
"../../../Engine/Content/EngineMaterials/Substrate/GLints/dict_16_192_64_0p5_0p02_0037_0003.uasset" 6372
"../../../Engine/Content/EngineMaterials/Substrate/GLints/dict_16_192_64_0p5_0p02_0037_0001.uasset" 6373
"/Engine/EngineMaterials/Substrate/GLints/dict_16_192_64_0p5_0p02_0038_0009" 6374
"/Engine/EngineMaterials/Substrate/GLints/dict_16_192_64_0p5_0p02_0038_0010" 6375
"../../../Engine/Content/EngineMaterials/Substrate/GLints/dict_16_192_64_0p5_0p02_0037_0000.uasset" 6376
"/Engine/EngineMaterials/Substrate/GLints/dict_16_192_64_0p5_0p02_0038_0011" 6377
"/Engine/EngineMaterials/Substrate/GLints/dict_16_192_64_0p5_0p02_0038_0012" 6378
"/Engine/EngineMaterials/Substrate/GLints/dict_16_192_64_0p5_0p02_0038_0013" 6379
"/Engine/EngineMaterials/Substrate/GLints/dict_16_192_64_0p5_0p02_0038_0014" 6380
"/Engine/EngineMaterials/Substrate/GLints/dict_16_192_64_0p5_0p02_0038_0015" 6381
"../../../Engine/Content/EngineMaterials/Substrate/GLints/dict_16_192_64_0p5_0p02_0036_0015.uasset" 6382
"../../../Engine/Content/EngineMaterials/Substrate/GLints/dict_16_192_64_0p5_0p02_0036_0013.uasset" 6383
"/Engine/EngineMaterials/Substrate/GLints/dict_16_192_64_0p5_0p02_0037_0000" 6384
"../../../Engine/Content/EngineMaterials/Substrate/GLints/dict_16_192_64_0p5_0p02_0036_0010.uasset" 6385
"../../../Engine/Content/EngineMaterials/Substrate/GLints/dict_16_192_64_0p5_0p02_0036_0006.uasset" 6386
"../../../Engine/Content/EngineMaterials/Substrate/GLints/dict_16_192_64_0p5_0p02_0036_0009.uasset" 6387
"../../../Engine/Content/EngineMaterials/Substrate/GLints/dict_16_192_64_0p5_0p02_0036_0007.uasset" 6388
"../../../Engine/Content/EngineMaterials/Substrate/GLints/dict_16_192_64_0p5_0p02_0036_0014.uasset" 6389
"../../../Engine/Content/EngineMaterials/Substrate/GLints/dict_16_192_64_0p5_0p02_0036_0011.uasset" 6390
"../../../Engine/Content/EngineMaterials/Substrate/GLints/dict_16_192_64_0p5_0p02_0036_0008.uasset" 6391
"../../../Engine/Content/EngineMaterials/Substrate/GLints/dict_16_192_64_0p5_0p02_0036_0012.uasset" 6392
"/Engine/EngineMaterials/Substrate/GLints/dict_16_192_64_0p5_0p02_0037_0001" 6393
"/Engine/EngineMaterials/Substrate/GLints/dict_16_192_64_0p5_0p02_0037_0002" 6394
"/Engine/EngineMaterials/Substrate/GLints/dict_16_192_64_0p5_0p02_0037_0003" 6395
"/Engine/EngineMaterials/Substrate/GLints/dict_16_192_64_0p5_0p02_0037_0004" 6396
"/Engine/EngineMaterials/Substrate/GLints/dict_16_192_64_0p5_0p02_0037_0005" 6397
"/Engine/EngineMaterials/Substrate/GLints/dict_16_192_64_0p5_0p02_0037_0006" 6398
"/Engine/EngineMaterials/Substrate/GLints/dict_16_192_64_0p5_0p02_0037_0007" 6399
"/Engine/EngineMaterials/Substrate/GLints/dict_16_192_64_0p5_0p02_0037_0008" 6400
"/Engine/EngineMaterials/Substrate/GLints/dict_16_192_64_0p5_0p02_0037_0009" 6401
"/Engine/EngineMaterials/Substrate/GLints/dict_16_192_64_0p5_0p02_0037_0010" 6402
"/Engine/EngineMaterials/Substrate/GLints/dict_16_192_64_0p5_0p02_0037_0011" 6403
"/Engine/EngineMaterials/Substrate/GLints/dict_16_192_64_0p5_0p02_0037_0012" 6404
"/Engine/EngineMaterials/Substrate/GLints/dict_16_192_64_0p5_0p02_0037_0013" 6405
"/Engine/EngineMaterials/Substrate/GLints/dict_16_192_64_0p5_0p02_0037_0014" 6406
"/Engine/EngineMaterials/Substrate/GLints/dict_16_192_64_0p5_0p02_0037_0015" 6407
"/Engine/EngineMaterials/Substrate/GLints/dict_16_192_64_0p5_0p02_0038_0000" 6408
"/Engine/EngineMaterials/Substrate/GLints/dict_16_192_64_0p5_0p02_0038_0001" 6409
"/Engine/EngineMaterials/Substrate/GLints/dict_16_192_64_0p5_0p02_0038_0002" 6410
"/Engine/EngineMaterials/Substrate/GLints/dict_16_192_64_0p5_0p02_0038_0003" 6411
"/Engine/EngineMaterials/Substrate/GLints/dict_16_192_64_0p5_0p02_0038_0004" 6412
"/Engine/EngineMaterials/Substrate/GLints/dict_16_192_64_0p5_0p02_0038_0005" 6413
"../../../Engine/Content/EngineMaterials/Substrate/GLints/dict_16_192_64_0p5_0p02_0036_0005.uasset" 6414
"/Engine/EngineMaterials/Substrate/GLints/dict_16_192_64_0p5_0p02_0036_0006" 6415
"/Engine/EngineMaterials/Substrate/GLints/dict_16_192_64_0p5_0p02_0036_0007" 6416
"../../../Engine/Content/EngineMaterials/Substrate/GLints/dict_16_192_64_0p5_0p02_0035_0013.uasset" 6417
"/Engine/EngineMaterials/Substrate/GLints/dict_16_192_64_0p5_0p02_0036_0008" 6418
"../../../Engine/Content/EngineMaterials/Substrate/GLints/dict_16_192_64_0p5_0p02_0036_0004.uasset" 6419
"../../../Engine/Content/EngineMaterials/Substrate/GLints/dict_16_192_64_0p5_0p02_0035_0010.uasset" 6420
"/Engine/EngineMaterials/Substrate/GLints/dict_16_192_64_0p5_0p02_0036_0009" 6421
"../../../Engine/Content/EngineMaterials/Substrate/GLints/dict_16_192_64_0p5_0p02_0035_0012.uasset" 6422
"../../../Engine/Content/EngineMaterials/Substrate/GLints/dict_16_192_64_0p5_0p02_0036_0002.uasset" 6423
"../../../Engine/Content/EngineMaterials/Substrate/GLints/dict_16_192_64_0p5_0p02_0036_0001.uasset" 6424
"../../../Engine/Content/EngineMaterials/Substrate/GLints/dict_16_192_64_0p5_0p02_0036_0003.uasset" 6425
"/Engine/EngineMaterials/Substrate/GLints/dict_16_192_64_0p5_0p02_0036_0010" 6426
"../../../Engine/Content/EngineMaterials/Substrate/GLints/dict_16_192_64_0p5_0p02_0035_0015.uasset" 6427
"/Engine/EngineMaterials/Substrate/GLints/dict_16_192_64_0p5_0p02_0036_0011" 6428
"../../../Engine/Content/EngineMaterials/Substrate/GLints/dict_16_192_64_0p5_0p02_0035_0014.uasset" 6429
"../../../Engine/Content/EngineMaterials/Substrate/GLints/dict_16_192_64_0p5_0p02_0035_0011.uasset" 6430
"/Engine/EngineMaterials/Substrate/GLints/dict_16_192_64_0p5_0p02_0036_0012" 6431
"/Engine/EngineMaterials/Substrate/GLints/dict_16_192_64_0p5_0p02_0036_0013" 6432
"../../../Engine/Content/EngineMaterials/Substrate/GLints/dict_16_192_64_0p5_0p02_0036_0000.uasset" 6433
"../../../Engine/Content/EngineMaterials/Substrate/GLints/dict_16_192_64_0p5_0p02_0035_0009.uasset" 6434
"/Engine/EngineMaterials/Substrate/GLints/dict_16_192_64_0p5_0p02_0036_0014" 6435
"/Engine/EngineMaterials/Substrate/GLints/dict_16_192_64_0p5_0p02_0036_0015" 6436
"../../../Engine/Content/EngineMaterials/Substrate/GLints/dict_16_192_64_0p5_0p02_0035_0008.uasset" 6437
"../../../Engine/Content/EngineMaterials/Substrate/GLints/dict_16_192_64_0p5_0p02_0034_0015.uasset" 6438
"../../../Engine/Content/EngineMaterials/Substrate/GLints/dict_16_192_64_0p5_0p02_0034_0014.uasset" 6439
"/Engine/EngineMaterials/Substrate/GLints/dict_16_192_64_0p5_0p02_0035_0010" 6440
"../../../Engine/Content/EngineMaterials/Substrate/GLints/dict_16_192_64_0p5_0p02_0035_0007.uasset" 6441
"../../../Engine/Content/EngineMaterials/Substrate/GLints/dict_16_192_64_0p5_0p02_0034_0013.uasset" 6442
"/Engine/EngineMaterials/Substrate/GLints/dict_16_192_64_0p5_0p02_0035_0011" 6443
"../../../Engine/Content/EngineMaterials/Substrate/GLints/dict_16_192_64_0p5_0p02_0034_0012.uasset" 6444
"../../../Engine/Content/EngineMaterials/Substrate/GLints/dict_16_192_64_0p5_0p02_0034_0011.uasset" 6445
"../../../Engine/Content/EngineMaterials/Substrate/GLints/dict_16_192_64_0p5_0p02_0034_0010.uasset" 6446
"../../../Engine/Content/EngineMaterials/Substrate/GLints/dict_16_192_64_0p5_0p02_0035_0006.uasset" 6447
"/Engine/EngineMaterials/Substrate/GLints/dict_16_192_64_0p5_0p02_0035_0012" 6448
"../../../Engine/Content/EngineMaterials/Substrate/GLints/dict_16_192_64_0p5_0p02_0034_0009.uasset" 6449
"../../../Engine/Content/EngineMaterials/Substrate/GLints/dict_16_192_64_0p5_0p02_0034_0008.uasset" 6450
"../../../Engine/Content/EngineMaterials/Substrate/GLints/dict_16_192_64_0p5_0p02_0035_0005.uasset" 6451
"/Engine/EngineMaterials/Substrate/GLints/dict_16_192_64_0p5_0p02_0035_0013" 6452
"../../../Engine/Content/EngineMaterials/Substrate/GLints/dict_16_192_64_0p5_0p02_0035_0004.uasset" 6453
"../../../Engine/Content/EngineMaterials/Substrate/GLints/dict_16_192_64_0p5_0p02_0035_0003.uasset" 6454
"/Engine/EngineMaterials/Substrate/GLints/dict_16_192_64_0p5_0p02_0035_0014" 6455
"../../../Engine/Content/EngineMaterials/Substrate/GLints/dict_16_192_64_0p5_0p02_0034_0007.uasset" 6456
"../../../Engine/Content/EngineMaterials/Substrate/GLints/dict_16_192_64_0p5_0p02_0034_0006.uasset" 6457
"../../../Engine/Content/EngineMaterials/Substrate/GLints/dict_16_192_64_0p5_0p02_0035_0002.uasset" 6458
"../../../Engine/Content/EngineMaterials/Substrate/GLints/dict_16_192_64_0p5_0p02_0035_0001.uasset" 6459
"/Engine/EngineMaterials/Substrate/GLints/dict_16_192_64_0p5_0p02_0035_0015" 6460
"/Engine/EngineMaterials/Substrate/GLints/dict_16_192_64_0p5_0p02_0036_0001" 6461
"/Engine/EngineMaterials/Substrate/GLints/dict_16_192_64_0p5_0p02_0036_0002" 6462
"/Engine/EngineMaterials/Substrate/GLints/dict_16_192_64_0p5_0p02_0036_0003" 6463
"../../../Engine/Content/EngineMaterials/Substrate/GLints/dict_16_192_64_0p5_0p02_0035_0000.uasset" 6464
"/Engine/EngineMaterials/Substrate/GLints/dict_16_192_64_0p5_0p02_0036_0004" 6465
"/Engine/EngineMaterials/Substrate/GLints/dict_16_192_64_0p5_0p02_0036_0005" 6466
"../../../Engine/Content/EngineMaterials/Substrate/GLints/dict_16_192_64_0p5_0p02_0034_0005.uasset" 6467
"../../../Engine/Content/EngineMaterials/Substrate/GLints/dict_16_192_64_0p5_0p02_0034_0004.uasset" 6468
"../../../Engine/Content/EngineMaterials/Substrate/GLints/dict_16_192_64_0p5_0p02_0034_0002.uasset" 6469
"../../../Engine/Content/EngineMaterials/Substrate/GLints/dict_16_192_64_0p5_0p02_0034_0001.uasset" 6470
"../../../Engine/Content/EngineMaterials/Substrate/GLints/dict_16_192_64_0p5_0p02_0034_0003.uasset" 6471
"/Engine/EngineMaterials/Substrate/GLints/dict_16_192_64_0p5_0p02_0035_0000" 6472
"/Engine/EngineMaterials/Substrate/GLints/dict_16_192_64_0p5_0p02_0035_0001" 6473
"../../../Engine/Content/EngineMaterials/Substrate/GLints/dict_16_192_64_0p5_0p02_0034_0000.uasset" 6474
"/Engine/EngineMaterials/Substrate/GLints/dict_16_192_64_0p5_0p02_0035_0002" 6475
"../../../Engine/Content/EngineMaterials/Substrate/GLints/dict_16_192_64_0p5_0p02_0033_0015.uasset" 6476
"../../../Engine/Content/EngineMaterials/Substrate/GLints/dict_16_192_64_0p5_0p02_0033_0014.uasset" 6477
"../../../Engine/Content/EngineMaterials/Substrate/GLints/dict_16_192_64_0p5_0p02_0033_0013.uasset" 6478
"/Engine/EngineMaterials/Substrate/GLints/dict_16_192_64_0p5_0p02_0035_0003" 6479
"../../../Engine/Content/EngineMaterials/Substrate/GLints/dict_16_192_64_0p5_0p02_0033_0012.uasset" 6480
"../../../Engine/Content/EngineMaterials/Substrate/GLints/dict_16_192_64_0p5_0p02_0033_0011.uasset" 6481
"/Engine/EngineMaterials/Substrate/GLints/dict_16_192_64_0p5_0p02_0035_0005" 6482
"/Engine/EngineMaterials/Substrate/GLints/dict_16_192_64_0p5_0p02_0035_0006" 6483
"/Engine/EngineMaterials/Substrate/GLints/dict_16_192_64_0p5_0p02_0035_0007" 6484
"/Engine/EngineMaterials/Substrate/GLints/dict_16_192_64_0p5_0p02_0035_0008" 6485
"/Engine/EngineMaterials/Substrate/GLints/dict_16_192_64_0p5_0p02_0035_0009" 6486
"/Engine/EngineMaterials/Substrate/GLints/dict_16_192_64_0p5_0p02_0036_0000" 6487
"/Engine/EngineMaterials/Substrate/GLints/dict_16_192_64_0p5_0p02_0034_0006" 6488
"/Engine/EngineMaterials/Substrate/GLints/dict_16_192_64_0p5_0p02_0034_0007" 6489
"/Engine/EngineMaterials/Substrate/GLints/dict_16_192_64_0p5_0p02_0034_0008" 6490
"/Engine/EngineMaterials/Substrate/GLints/dict_16_192_64_0p5_0p02_0034_0009" 6491
"/Engine/EngineMaterials/Substrate/GLints/dict_16_192_64_0p5_0p02_0034_0010" 6492
"/Engine/EngineMaterials/Substrate/GLints/dict_16_192_64_0p5_0p02_0034_0011" 6493
"/Engine/EngineMaterials/Substrate/GLints/dict_16_192_64_0p5_0p02_0034_0012" 6494
"/Engine/EngineMaterials/Substrate/GLints/dict_16_192_64_0p5_0p02_0034_0013" 6495
"/Engine/EngineMaterials/Substrate/GLints/dict_16_192_64_0p5_0p02_0034_0014" 6496
"/Engine/EngineMaterials/Substrate/GLints/dict_16_192_64_0p5_0p02_0034_0015" 6497
"../../../Engine/Content/EngineMaterials/Substrate/GLints/dict_16_192_64_0p5_0p02_0033_0005.uasset" 6498
"../../../Engine/Content/EngineMaterials/Substrate/GLints/dict_16_192_64_0p5_0p02_0033_0009.uasset" 6499
"/Engine/EngineMaterials/Substrate/GLints/dict_16_192_64_0p5_0p02_0035_0004" 6500
"../../../Engine/Content/EngineMaterials/Substrate/GLints/dict_16_192_64_0p5_0p02_0033_0006.uasset" 6501
"../../../Engine/Content/EngineMaterials/Substrate/GLints/dict_16_192_64_0p5_0p02_0033_0007.uasset" 6502
"../../../Engine/Content/EngineMaterials/Substrate/GLints/dict_16_192_64_0p5_0p02_0033_0008.uasset" 6503
"../../../Engine/Content/EngineMaterials/Substrate/GLints/dict_16_192_64_0p5_0p02_0033_0010.uasset" 6504
"/Engine/EngineMaterials/Substrate/GLints/dict_16_192_64_0p5_0p02_0033_0011" 6505
"../../../Engine/Content/EngineMaterials/Substrate/GLints/dict_16_192_64_0p5_0p02_0033_0004.uasset" 6506
"../../../Engine/Content/EngineMaterials/Substrate/GLints/dict_16_192_64_0p5_0p02_0033_0003.uasset" 6507
"../../../Engine/Content/EngineMaterials/Substrate/GLints/dict_16_192_64_0p5_0p02_0033_0002.uasset" 6508
"../../../Engine/Content/EngineMaterials/Substrate/GLints/dict_16_192_64_0p5_0p02_0033_0001.uasset" 6509
"../../../Engine/Content/EngineMaterials/Substrate/GLints/dict_16_192_64_0p5_0p02_0032_0015.uasset" 6510
"../../../Engine/Content/EngineMaterials/Substrate/GLints/dict_16_192_64_0p5_0p02_0033_0000.uasset" 6511
"../../../Engine/Content/EngineMaterials/Substrate/GLints/dict_16_192_64_0p5_0p02_0032_0013.uasset" 6512
"/Engine/EngineMaterials/Substrate/GLints/dict_16_192_64_0p5_0p02_0033_0012" 6513
"../../../Engine/Content/EngineMaterials/Substrate/GLints/dict_16_192_64_0p5_0p02_0032_0014.uasset" 6514
"../../../Engine/Content/EngineMaterials/Substrate/GLints/dict_16_192_64_0p5_0p02_0032_0012.uasset" 6515
"/Engine/EngineMaterials/Substrate/GLints/dict_16_192_64_0p5_0p02_0033_0013" 6516
"../../../Engine/Content/EngineMaterials/Substrate/GLints/dict_16_192_64_0p5_0p02_0032_0011.uasset" 6517
"../../../Engine/Content/EngineMaterials/Substrate/GLints/dict_16_192_64_0p5_0p02_0032_0010.uasset" 6518
"../../../Engine/Content/EngineMaterials/Substrate/GLints/dict_16_192_64_0p5_0p02_0032_0009.uasset" 6519
"/Engine/EngineMaterials/Substrate/GLints/dict_16_192_64_0p5_0p02_0033_0014" 6520
"/Engine/EngineMaterials/Substrate/GLints/dict_16_192_64_0p5_0p02_0033_0015" 6521
"../../../Engine/Content/EngineMaterials/Substrate/GLints/dict_16_192_64_0p5_0p02_0032_0007.uasset" 6522
"../../../Engine/Content/EngineMaterials/Substrate/GLints/dict_16_192_64_0p5_0p02_0032_0008.uasset" 6523
"/Engine/EngineMaterials/Substrate/GLints/dict_16_192_64_0p5_0p02_0034_0000" 6524
"/Engine/EngineMaterials/Substrate/GLints/dict_16_192_64_0p5_0p02_0034_0001" 6525
"/Engine/EngineMaterials/Substrate/GLints/dict_16_192_64_0p5_0p02_0034_0002" 6526
"/Engine/EngineMaterials/Substrate/GLints/dict_16_192_64_0p5_0p02_0034_0003" 6527
"/Engine/EngineMaterials/Substrate/GLints/dict_16_192_64_0p5_0p02_0034_0004" 6528
"/Engine/EngineMaterials/Substrate/GLints/dict_16_192_64_0p5_0p02_0034_0005" 6529
"../../../Engine/Content/EngineMaterials/Substrate/GLints/dict_16_192_64_0p5_0p02_0032_0006.uasset" 6530
"../../../Engine/Content/EngineMaterials/Substrate/GLints/dict_16_192_64_0p5_0p02_0032_0001.uasset" 6531
"../../../Engine/Content/EngineMaterials/Substrate/GLints/dict_16_192_64_0p5_0p02_0032_0005.uasset" 6532
"/Engine/EngineMaterials/Substrate/GLints/dict_16_192_64_0p5_0p02_0032_0007" 6533
"../../../Engine/Content/EngineMaterials/Substrate/GLints/dict_16_192_64_0p5_0p02_0031_0014.uasset" 6534
"../../../Engine/Content/EngineMaterials/Substrate/GLints/dict_16_192_64_0p5_0p02_0031_0013.uasset" 6535
"../../../Engine/Content/EngineMaterials/Substrate/GLints/dict_16_192_64_0p5_0p02_0032_0004.uasset" 6536
"../../../Engine/Content/EngineMaterials/Substrate/GLints/dict_16_192_64_0p5_0p02_0031_0015.uasset" 6537
"../../../Engine/Content/EngineMaterials/Substrate/GLints/dict_16_192_64_0p5_0p02_0032_0003.uasset" 6538
"../../../Engine/Content/EngineMaterials/Substrate/GLints/dict_16_192_64_0p5_0p02_0032_0000.uasset" 6539
"../../../Engine/Content/EngineMaterials/Substrate/GLints/dict_16_192_64_0p5_0p02_0032_0002.uasset" 6540
"/Engine/EngineMaterials/Substrate/GLints/dict_16_192_64_0p5_0p02_0032_0008" 6541
"/Engine/EngineMaterials/Substrate/GLints/dict_16_192_64_0p5_0p02_0032_0009" 6542
"../../../Engine/Content/EngineMaterials/Substrate/GLints/dict_16_192_64_0p5_0p02_0031_0012.uasset" 6543
"../../../Engine/Content/EngineMaterials/Substrate/GLints/dict_16_192_64_0p5_0p02_0031_0011.uasset" 6544
"/Engine/EngineMaterials/Substrate/GLints/dict_16_192_64_0p5_0p02_0032_0010" 6545
"/Engine/EngineMaterials/Substrate/GLints/dict_16_192_64_0p5_0p02_0032_0011" 6546
"/Engine/EngineMaterials/Substrate/GLints/dict_16_192_64_0p5_0p02_0032_0012" 6547
"/Engine/EngineMaterials/Substrate/GLints/dict_16_192_64_0p5_0p02_0032_0013" 6548
"/Engine/EngineMaterials/Substrate/GLints/dict_16_192_64_0p5_0p02_0032_0014" 6549
"/Engine/EngineMaterials/Substrate/GLints/dict_16_192_64_0p5_0p02_0032_0015" 6550
"/Engine/EngineMaterials/Substrate/GLints/dict_16_192_64_0p5_0p02_0033_0000" 6551
"/Engine/EngineMaterials/Substrate/GLints/dict_16_192_64_0p5_0p02_0033_0001" 6552
"/Engine/EngineMaterials/Substrate/GLints/dict_16_192_64_0p5_0p02_0033_0002" 6553
"/Engine/EngineMaterials/Substrate/GLints/dict_16_192_64_0p5_0p02_0033_0003" 6554
"/Engine/EngineMaterials/Substrate/GLints/dict_16_192_64_0p5_0p02_0033_0004" 6555
"/Engine/EngineMaterials/Substrate/GLints/dict_16_192_64_0p5_0p02_0033_0005" 6556
"/Engine/EngineMaterials/Substrate/GLints/dict_16_192_64_0p5_0p02_0033_0006" 6557
"/Engine/EngineMaterials/Substrate/GLints/dict_16_192_64_0p5_0p02_0033_0007" 6558
"/Engine/EngineMaterials/Substrate/GLints/dict_16_192_64_0p5_0p02_0033_0008" 6559
"/Engine/EngineMaterials/Substrate/GLints/dict_16_192_64_0p5_0p02_0033_0009" 6560
"/Engine/EngineMaterials/Substrate/GLints/dict_16_192_64_0p5_0p02_0033_0010" 6561
"../../../Engine/Content/EngineMaterials/Substrate/GLints/dict_16_192_64_0p5_0p02_0031_0009.uasset" 6562
"../../../Engine/Content/EngineMaterials/Substrate/GLints/dict_16_192_64_0p5_0p02_0031_0005.uasset" 6563
"/Engine/EngineMaterials/Substrate/GLints/dict_16_192_64_0p5_0p02_0031_0011" 6564
"../../../Engine/Content/EngineMaterials/Substrate/GLints/dict_16_192_64_0p5_0p02_0031_0006.uasset" 6565
"../../../Engine/Content/EngineMaterials/Substrate/GLints/dict_16_192_64_0p5_0p02_0031_0007.uasset" 6566
"../../../Engine/Content/EngineMaterials/Substrate/GLints/dict_16_192_64_0p5_0p02_0031_0004.uasset" 6567
"../../../Engine/Content/EngineMaterials/Substrate/GLints/dict_16_192_64_0p5_0p02_0031_0002.uasset" 6568
"../../../Engine/Content/EngineMaterials/Substrate/GLints/dict_16_192_64_0p5_0p02_0031_0008.uasset" 6569
"../../../Engine/Content/EngineMaterials/Substrate/GLints/dict_16_192_64_0p5_0p02_0031_0003.uasset" 6570
"../../../Engine/Content/EngineMaterials/Substrate/GLints/dict_16_192_64_0p5_0p02_0031_0010.uasset" 6571
"../../../Engine/Content/EngineMaterials/Substrate/GLints/dict_16_192_64_0p5_0p02_0031_0001.uasset" 6572
"../../../Engine/Content/EngineMaterials/Substrate/GLints/dict_16_192_64_0p5_0p02_0030_0015.uasset" 6573
"/Engine/EngineMaterials/Substrate/GLints/dict_16_192_64_0p5_0p02_0031_0012" 6574
"../../../Engine/Content/EngineMaterials/Substrate/GLints/dict_16_192_64_0p5_0p02_0030_0014.uasset" 6575
"../../../Engine/Content/EngineMaterials/Substrate/GLints/dict_16_192_64_0p5_0p02_0031_0000.uasset" 6576
"../../../Engine/Content/EngineMaterials/Substrate/GLints/dict_16_192_64_0p5_0p02_0030_0012.uasset" 6577
"../../../Engine/Content/EngineMaterials/Substrate/GLints/dict_16_192_64_0p5_0p02_0030_0013.uasset" 6578
"/Engine/EngineMaterials/Substrate/GLints/dict_16_192_64_0p5_0p02_0031_0013" 6579
"../../../Engine/Content/EngineMaterials/Substrate/GLints/dict_16_192_64_0p5_0p02_0030_0011.uasset" 6580
"/Engine/EngineMaterials/Substrate/GLints/dict_16_192_64_0p5_0p02_0031_0014" 6581
"../../../Engine/Content/EngineMaterials/Substrate/GLints/dict_16_192_64_0p5_0p02_0030_0010.uasset" 6582
"../../../Engine/Content/EngineMaterials/Substrate/GLints/dict_16_192_64_0p5_0p02_0030_0009.uasset" 6583
"../../../Engine/Content/EngineMaterials/Substrate/GLints/dict_16_192_64_0p5_0p02_0030_0008.uasset" 6584
"../../../Engine/Content/EngineMaterials/Substrate/GLints/dict_16_192_64_0p5_0p02_0030_0007.uasset" 6585
"/Engine/EngineMaterials/Substrate/GLints/dict_16_192_64_0p5_0p02_0031_0015" 6586
"/Engine/EngineMaterials/Substrate/GLints/dict_16_192_64_0p5_0p02_0032_0000" 6587
"/Engine/EngineMaterials/Substrate/GLints/dict_16_192_64_0p5_0p02_0032_0001" 6588
"/Engine/EngineMaterials/Substrate/GLints/dict_16_192_64_0p5_0p02_0032_0002" 6589
"/Engine/EngineMaterials/Substrate/GLints/dict_16_192_64_0p5_0p02_0032_0003" 6590
"/Engine/EngineMaterials/Substrate/GLints/dict_16_192_64_0p5_0p02_0032_0004" 6591
"/Engine/EngineMaterials/Substrate/GLints/dict_16_192_64_0p5_0p02_0032_0005" 6592
"/Engine/EngineMaterials/Substrate/GLints/dict_16_192_64_0p5_0p02_0032_0006" 6593
"/Engine/EngineMaterials/Substrate/GLints/dict_16_192_64_0p5_0p02_0030_0007" 6594
"../../../Engine/Content/EngineMaterials/Substrate/GLints/dict_16_192_64_0p5_0p02_0030_0006.uasset" 6595
"../../../Engine/Content/EngineMaterials/Substrate/GLints/dict_16_192_64_0p5_0p02_0030_0005.uasset" 6596
"/Engine/EngineMaterials/Substrate/GLints/dict_16_192_64_0p5_0p02_0030_0008" 6597
"/Engine/EngineMaterials/Substrate/GLints/dict_16_192_64_0p5_0p02_0030_0009" 6598
"/Engine/EngineMaterials/Substrate/GLints/dict_16_192_64_0p5_0p02_0030_0010" 6599
"/Engine/EngineMaterials/Substrate/GLints/dict_16_192_64_0p5_0p02_0030_0011" 6600
"/Engine/EngineMaterials/Substrate/GLints/dict_16_192_64_0p5_0p02_0030_0012" 6601
"../../../Engine/Content/EngineMaterials/Substrate/GLints/dict_16_192_64_0p5_0p02_0030_0001.uasset" 6602
"/Engine/EngineMaterials/Substrate/GLints/dict_16_192_64_0p5_0p02_0030_0013" 6603
"/Engine/EngineMaterials/Substrate/GLints/dict_16_192_64_0p5_0p02_0030_0014" 6604
"../../../Engine/Content/EngineMaterials/Substrate/GLints/dict_16_192_64_0p5_0p02_0029_0013.uasset" 6605
"../../../Engine/Content/EngineMaterials/Substrate/GLints/dict_16_192_64_0p5_0p02_0029_0015.uasset" 6606
"/Engine/EngineMaterials/Substrate/GLints/dict_16_192_64_0p5_0p02_0030_0015" 6607
"../../../Engine/Content/EngineMaterials/Substrate/GLints/dict_16_192_64_0p5_0p02_0030_0004.uasset" 6608
"/Engine/EngineMaterials/Substrate/GLints/dict_16_192_64_0p5_0p02_0031_0000" 6609
"../../../Engine/Content/EngineMaterials/Substrate/GLints/dict_16_192_64_0p5_0p02_0030_0002.uasset" 6610
"/Engine/EngineMaterials/Substrate/GLints/dict_16_192_64_0p5_0p02_0031_0001" 6611
"../../../Engine/Content/EngineMaterials/Substrate/GLints/dict_16_192_64_0p5_0p02_0030_0000.uasset" 6612
"/Engine/EngineMaterials/Substrate/GLints/dict_16_192_64_0p5_0p02_0031_0002" 6613
"../../../Engine/Content/EngineMaterials/Substrate/GLints/dict_16_192_64_0p5_0p02_0030_0003.uasset" 6614
"/Engine/EngineMaterials/Substrate/GLints/dict_16_192_64_0p5_0p02_0031_0003" 6615
"/Engine/EngineMaterials/Substrate/GLints/dict_16_192_64_0p5_0p02_0031_0004" 6616
"../../../Engine/Content/EngineMaterials/Substrate/GLints/dict_16_192_64_0p5_0p02_0029_0014.uasset" 6617
"/Engine/EngineMaterials/Substrate/GLints/dict_16_192_64_0p5_0p02_0031_0005" 6618
"/Engine/EngineMaterials/Substrate/GLints/dict_16_192_64_0p5_0p02_0031_0006" 6619
"../../../Engine/Content/EngineMaterials/Substrate/GLints/dict_16_192_64_0p5_0p02_0029_0012.uasset" 6620
"../../../Engine/Content/EngineMaterials/Substrate/GLints/dict_16_192_64_0p5_0p02_0029_0011.uasset" 6621
"/Engine/EngineMaterials/Substrate/GLints/dict_16_192_64_0p5_0p02_0031_0007" 6622
"/Engine/EngineMaterials/Substrate/GLints/dict_16_192_64_0p5_0p02_0031_0008" 6623
"/Engine/EngineMaterials/Substrate/GLints/dict_16_192_64_0p5_0p02_0031_0009" 6624
"/Engine/EngineMaterials/Substrate/GLints/dict_16_192_64_0p5_0p02_0031_0010" 6625
"../../../Engine/Content/EngineMaterials/Substrate/GLints/dict_16_192_64_0p5_0p02_0029_0009.uasset" 6626
"../../../Engine/Content/EngineMaterials/Substrate/GLints/dict_16_192_64_0p5_0p02_0029_0010.uasset" 6627
"/Engine/EngineMaterials/Substrate/GLints/dict_16_192_64_0p5_0p02_0029_0012" 6628
"/Engine/EngineMaterials/Substrate/GLints/dict_16_192_64_0p5_0p02_0029_0013" 6629
"../../../Engine/Content/EngineMaterials/Substrate/GLints/dict_16_192_64_0p5_0p02_0029_0007.uasset" 6630
"../../../Engine/Content/EngineMaterials/Substrate/GLints/dict_16_192_64_0p5_0p02_0029_0006.uasset" 6631
"/Engine/EngineMaterials/Substrate/GLints/dict_16_192_64_0p5_0p02_0029_0014" 6632
"../../../Engine/Content/EngineMaterials/Substrate/GLints/dict_16_192_64_0p5_0p02_0029_0008.uasset" 6633
"../../../Engine/Content/EngineMaterials/Substrate/GLints/dict_16_192_64_0p5_0p02_0028_0013.uasset" 6634
"../../../Engine/Content/EngineMaterials/Substrate/GLints/dict_16_192_64_0p5_0p02_0028_0014.uasset" 6635
"/Engine/EngineMaterials/Substrate/GLints/dict_16_192_64_0p5_0p02_0029_0015" 6636
"../../../Engine/Content/EngineMaterials/Substrate/GLints/dict_16_192_64_0p5_0p02_0029_0005.uasset" 6637
"../../../Engine/Content/EngineMaterials/Substrate/GLints/dict_16_192_64_0p5_0p02_0029_0003.uasset" 6638
"/Engine/EngineMaterials/Substrate/GLints/dict_16_192_64_0p5_0p02_0030_0000" 6639
"../../../Engine/Content/EngineMaterials/Substrate/GLints/dict_16_192_64_0p5_0p02_0029_0004.uasset" 6640
"/Engine/EngineMaterials/Substrate/GLints/dict_16_192_64_0p5_0p02_0030_0001" 6641
"../../../Engine/Content/EngineMaterials/Substrate/GLints/dict_16_192_64_0p5_0p02_0029_0002.uasset" 6642
"../../../Engine/Content/EngineMaterials/Substrate/GLints/dict_16_192_64_0p5_0p02_0029_0001.uasset" 6643
"../../../Engine/Content/EngineMaterials/Substrate/GLints/dict_16_192_64_0p5_0p02_0029_0000.uasset" 6644
"/Engine/EngineMaterials/Substrate/GLints/dict_16_192_64_0p5_0p02_0030_0002" 6645
"/Engine/EngineMaterials/Substrate/GLints/dict_16_192_64_0p5_0p02_0030_0003" 6646
"../../../Engine/Content/EngineMaterials/Substrate/GLints/dict_16_192_64_0p5_0p02_0028_0015.uasset" 6647
"/Engine/EngineMaterials/Substrate/GLints/dict_16_192_64_0p5_0p02_0030_0004" 6648
"../../../Engine/Content/EngineMaterials/Substrate/GLints/dict_16_192_64_0p5_0p02_0028_0012.uasset" 6649
"../../../Engine/Content/EngineMaterials/Substrate/GLints/dict_16_192_64_0p5_0p02_0028_0011.uasset" 6650
"/Engine/EngineMaterials/Substrate/GLints/dict_16_192_64_0p5_0p02_0030_0005" 6651
"/Engine/EngineMaterials/Substrate/GLints/dict_16_192_64_0p5_0p02_0030_0006" 6652
"../../../Engine/Content/EngineMaterials/Substrate/GLints/dict_16_192_64_0p5_0p02_0028_0010.uasset" 6653
"../../../Engine/Content/EngineMaterials/Substrate/GLints/dict_16_192_64_0p5_0p02_0028_0006.uasset" 6654
"../../../Engine/Content/EngineMaterials/Substrate/GLints/dict_16_192_64_0p5_0p02_0028_0004.uasset" 6655
"../../../Engine/Content/EngineMaterials/Substrate/GLints/dict_16_192_64_0p5_0p02_0028_0003.uasset" 6656
"../../../Engine/Content/EngineMaterials/Substrate/GLints/dict_16_192_64_0p5_0p02_0028_0002.uasset" 6657
"../../../Engine/Content/EngineMaterials/Substrate/GLints/dict_16_192_64_0p5_0p02_0028_0001.uasset" 6658
"../../../Engine/Content/EngineMaterials/Substrate/GLints/dict_16_192_64_0p5_0p02_0028_0005.uasset" 6659
"/Engine/EngineMaterials/Substrate/GLints/dict_16_192_64_0p5_0p02_0029_0011" 6660
"/Engine/EngineMaterials/Substrate/GLints/dict_16_192_64_0p5_0p02_0028_0012" 6661
"../../../Engine/Content/EngineMaterials/Substrate/GLints/dict_16_192_64_0p5_0p02_0028_0009.uasset" 6662
"../../../Engine/Content/EngineMaterials/Substrate/GLints/dict_16_192_64_0p5_0p02_0028_0000.uasset" 6663
"../../../Engine/Content/EngineMaterials/Substrate/GLints/dict_16_192_64_0p5_0p02_0027_0014.uasset" 6664
"../../../Engine/Content/EngineMaterials/Substrate/GLints/dict_16_192_64_0p5_0p02_0027_0013.uasset" 6665
"../../../Engine/Content/EngineMaterials/Substrate/GLints/dict_16_192_64_0p5_0p02_0027_0015.uasset" 6666
"/Engine/EngineMaterials/Substrate/GLints/dict_16_192_64_0p5_0p02_0028_0013" 6667
"../../../Engine/Content/EngineMaterials/Substrate/GLints/dict_16_192_64_0p5_0p02_0027_0012.uasset" 6668
"/Engine/EngineMaterials/Substrate/GLints/dict_16_192_64_0p5_0p02_0028_0014" 6669
"/Engine/EngineMaterials/Substrate/GLints/dict_16_192_64_0p5_0p02_0028_0015" 6670
"/Engine/EngineMaterials/Substrate/GLints/dict_16_192_64_0p5_0p02_0029_0000" 6671
"../../../Engine/Content/EngineMaterials/Substrate/GLints/dict_16_192_64_0p5_0p02_0028_0008.uasset" 6672
"/Engine/EngineMaterials/Substrate/GLints/dict_16_192_64_0p5_0p02_0029_0001" 6673
"../../../Engine/Content/EngineMaterials/Substrate/GLints/dict_16_192_64_0p5_0p02_0028_0007.uasset" 6674
"/Engine/EngineMaterials/Substrate/GLints/dict_16_192_64_0p5_0p02_0029_0002" 6675
"/Engine/EngineMaterials/Substrate/GLints/dict_16_192_64_0p5_0p02_0029_0003" 6676
"/Engine/EngineMaterials/Substrate/GLints/dict_16_192_64_0p5_0p02_0029_0004" 6677
"/Engine/EngineMaterials/Substrate/GLints/dict_16_192_64_0p5_0p02_0029_0005" 6678
"/Engine/EngineMaterials/Substrate/GLints/dict_16_192_64_0p5_0p02_0029_0006" 6679
"/Engine/EngineMaterials/Substrate/GLints/dict_16_192_64_0p5_0p02_0029_0007" 6680
"/Engine/EngineMaterials/Substrate/GLints/dict_16_192_64_0p5_0p02_0029_0008" 6681
"/Engine/EngineMaterials/Substrate/GLints/dict_16_192_64_0p5_0p02_0029_0009" 6682
"/Engine/EngineMaterials/Substrate/GLints/dict_16_192_64_0p5_0p02_0029_0010" 6683
"../../../Engine/Content/EngineMaterials/Substrate/GLints/dict_16_192_64_0p5_0p02_0027_0010.uasset" 6684
"../../../Engine/Content/EngineMaterials/Substrate/GLints/dict_16_192_64_0p5_0p02_0027_0007.uasset" 6685
"../../../Engine/Content/EngineMaterials/Substrate/GLints/dict_16_192_64_0p5_0p02_0027_0011.uasset" 6686
"../../../Engine/Content/EngineMaterials/Substrate/GLints/dict_16_192_64_0p5_0p02_0027_0009.uasset" 6687
"/Engine/EngineMaterials/Substrate/GLints/dict_16_192_64_0p5_0p02_0028_0007" 6688
"../../../Engine/Content/EngineMaterials/Substrate/GLints/dict_16_192_64_0p5_0p02_0027_0008.uasset" 6689
"../../../Engine/Content/EngineMaterials/Substrate/GLints/dict_16_192_64_0p5_0p02_0027_0005.uasset" 6690
"../../../Engine/Content/EngineMaterials/Substrate/GLints/dict_16_192_64_0p5_0p02_0027_0006.uasset" 6691
"/Engine/EngineMaterials/Substrate/GLints/dict_16_192_64_0p5_0p02_0028_0008" 6692
"/Engine/EngineMaterials/Substrate/GLints/dict_16_192_64_0p5_0p02_0028_0009" 6693
"/Engine/EngineMaterials/Substrate/GLints/dict_16_192_64_0p5_0p02_0028_0010" 6694
"../../../Engine/Content/EngineMaterials/Substrate/GLints/dict_16_192_64_0p5_0p02_0027_0004.uasset" 6695
"/Engine/EngineMaterials/Substrate/GLints/dict_16_192_64_0p5_0p02_0028_0011" 6696
"../../../Engine/Content/EngineMaterials/Substrate/GLints/dict_16_192_64_0p5_0p02_0027_0003.uasset" 6697
"/Engine/EngineMaterials/Substrate/GLints/dict_16_192_64_0p5_0p02_0027_0012" 6698
"../../../Engine/Content/EngineMaterials/Substrate/GLints/dict_16_192_64_0p5_0p02_0026_0014.uasset" 6699
"../../../Engine/Content/EngineMaterials/Substrate/GLints/dict_16_192_64_0p5_0p02_0027_0001.uasset" 6700
"/Engine/EngineMaterials/Substrate/GLints/dict_16_192_64_0p5_0p02_0027_0013" 6701
"../../../Engine/Content/EngineMaterials/Substrate/GLints/dict_16_192_64_0p5_0p02_0027_0000.uasset" 6702
"../../../Engine/Content/EngineMaterials/Substrate/GLints/dict_16_192_64_0p5_0p02_0026_0013.uasset" 6703
"../../../Engine/Content/EngineMaterials/Substrate/GLints/dict_16_192_64_0p5_0p02_0027_0002.uasset" 6704
"../../../Engine/Content/EngineMaterials/Substrate/GLints/dict_16_192_64_0p5_0p02_0026_0012.uasset" 6705
"/Engine/EngineMaterials/Substrate/GLints/dict_16_192_64_0p5_0p02_0027_0014" 6706
"/Engine/EngineMaterials/Substrate/GLints/dict_16_192_64_0p5_0p02_0028_0000" 6707
"/Engine/EngineMaterials/Substrate/GLints/dict_16_192_64_0p5_0p02_0028_0001" 6708
"/Engine/EngineMaterials/Substrate/GLints/dict_16_192_64_0p5_0p02_0028_0002" 6709
"../../../Engine/Content/EngineMaterials/Substrate/GLints/dict_16_192_64_0p5_0p02_0026_0015.uasset" 6710
"/Engine/EngineMaterials/Substrate/GLints/dict_16_192_64_0p5_0p02_0028_0003" 6711
"/Engine/EngineMaterials/Substrate/GLints/dict_16_192_64_0p5_0p02_0028_0004" 6712
"/Engine/EngineMaterials/Substrate/GLints/dict_16_192_64_0p5_0p02_0028_0005" 6713
"/Engine/EngineMaterials/Substrate/GLints/dict_16_192_64_0p5_0p02_0028_0006" 6714
"../../../Engine/Content/EngineMaterials/Substrate/GLints/dict_16_192_64_0p5_0p02_0026_0011.uasset" 6715
"../../../Engine/Content/EngineMaterials/Substrate/GLints/dict_16_192_64_0p5_0p02_0026_0009.uasset" 6716
"../../../Engine/Content/EngineMaterials/Substrate/GLints/dict_16_192_64_0p5_0p02_0026_0010.uasset" 6717
"/Engine/EngineMaterials/Substrate/GLints/dict_16_192_64_0p5_0p02_0026_0012" 6718
"/Engine/EngineMaterials/Substrate/GLints/dict_16_192_64_0p5_0p02_0026_0013" 6719
"../../../Engine/Content/EngineMaterials/Substrate/GLints/dict_16_192_64_0p5_0p02_0026_0006.uasset" 6720
"../../../Engine/Content/EngineMaterials/Substrate/GLints/dict_16_192_64_0p5_0p02_0026_0008.uasset" 6721
"../../../Engine/Content/EngineMaterials/Substrate/GLints/dict_16_192_64_0p5_0p02_0026_0007.uasset" 6722
"/Engine/EngineMaterials/Substrate/GLints/dict_16_192_64_0p5_0p02_0026_0014" 6723
"../../../Engine/Content/EngineMaterials/Substrate/GLints/dict_16_192_64_0p5_0p02_0025_0014.uasset" 6724
"../../../Engine/Content/EngineMaterials/Substrate/GLints/dict_16_192_64_0p5_0p02_0025_0013.uasset" 6725
"/Engine/EngineMaterials/Substrate/GLints/dict_16_192_64_0p5_0p02_0026_0015" 6726
"/Engine/EngineMaterials/Substrate/GLints/dict_16_192_64_0p5_0p02_0027_0000" 6727
"../../../Engine/Content/EngineMaterials/Substrate/GLints/dict_16_192_64_0p5_0p02_0026_0003.uasset" 6728
"../../../Engine/Content/EngineMaterials/Substrate/GLints/dict_16_192_64_0p5_0p02_0026_0005.uasset" 6729
"/Engine/EngineMaterials/Substrate/GLints/dict_16_192_64_0p5_0p02_0027_0015" 6730
"../../../Engine/Content/EngineMaterials/Substrate/GLints/dict_16_192_64_0p5_0p02_0026_0004.uasset" 6731
"/Engine/EngineMaterials/Substrate/GLints/dict_16_192_64_0p5_0p02_0027_0001" 6732
"/Engine/EngineMaterials/Substrate/GLints/dict_16_192_64_0p5_0p02_0027_0002" 6733
"../../../Engine/Content/EngineMaterials/Substrate/GLints/dict_16_192_64_0p5_0p02_0026_0001.uasset" 6734
"../../../Engine/Content/EngineMaterials/Substrate/GLints/dict_16_192_64_0p5_0p02_0026_0002.uasset" 6735
"/Engine/EngineMaterials/Substrate/GLints/dict_16_192_64_0p5_0p02_0027_0003" 6736
"/Engine/EngineMaterials/Substrate/GLints/dict_16_192_64_0p5_0p02_0027_0004" 6737
"/Engine/EngineMaterials/Substrate/GLints/dict_16_192_64_0p5_0p02_0027_0005" 6738
"/Engine/EngineMaterials/Substrate/GLints/dict_16_192_64_0p5_0p02_0027_0006" 6739
"../../../Engine/Content/EngineMaterials/Substrate/GLints/dict_16_192_64_0p5_0p02_0025_0015.uasset" 6740
"../../../Engine/Content/EngineMaterials/Substrate/GLints/dict_16_192_64_0p5_0p02_0026_0000.uasset" 6741
"/Engine/EngineMaterials/Substrate/GLints/dict_16_192_64_0p5_0p02_0027_0007" 6742
"/Engine/EngineMaterials/Substrate/GLints/dict_16_192_64_0p5_0p02_0027_0008" 6743
"/Engine/EngineMaterials/Substrate/GLints/dict_16_192_64_0p5_0p02_0027_0009" 6744
"/Engine/EngineMaterials/Substrate/GLints/dict_16_192_64_0p5_0p02_0027_0010" 6745
"/Engine/EngineMaterials/Substrate/GLints/dict_16_192_64_0p5_0p02_0027_0011" 6746
"/Engine/EngineMaterials/Substrate/GLints/dict_16_192_64_0p5_0p02_0025_0013" 6747
"/Engine/EngineMaterials/Substrate/GLints/dict_16_192_64_0p5_0p02_0025_0014" 6748
"/Engine/EngineMaterials/Substrate/GLints/dict_16_192_64_0p5_0p02_0025_0015" 6749
"../../../Engine/Content/EngineMaterials/Substrate/GLints/dict_16_192_64_0p5_0p02_0025_0012.uasset" 6750
"/Engine/EngineMaterials/Substrate/GLints/dict_16_192_64_0p5_0p02_0026_0000" 6751
"/Engine/EngineMaterials/Substrate/GLints/dict_16_192_64_0p5_0p02_0026_0001" 6752
"../../../Engine/Content/EngineMaterials/Substrate/GLints/dict_16_192_64_0p5_0p02_0025_0010.uasset" 6753
"/Engine/EngineMaterials/Substrate/GLints/dict_16_192_64_0p5_0p02_0026_0002" 6754
"../../../Engine/Content/EngineMaterials/Substrate/GLints/dict_16_192_64_0p5_0p02_0025_0008.uasset" 6755
"/Engine/EngineMaterials/Substrate/GLints/dict_16_192_64_0p5_0p02_0026_0003" 6756
"../../../Engine/Content/EngineMaterials/Substrate/GLints/dict_16_192_64_0p5_0p02_0025_0007.uasset" 6757
"../../../Engine/Content/EngineMaterials/Substrate/GLints/dict_16_192_64_0p5_0p02_0025_0009.uasset" 6758
"/Engine/EngineMaterials/Substrate/GLints/dict_16_192_64_0p5_0p02_0026_0004" 6759
"../../../Engine/Content/EngineMaterials/Substrate/GLints/dict_16_192_64_0p5_0p02_0025_0011.uasset" 6760
"/Engine/EngineMaterials/Substrate/GLints/dict_16_192_64_0p5_0p02_0026_0005" 6761
"../../../Engine/Content/EngineMaterials/Substrate/GLints/dict_16_192_64_0p5_0p02_0025_0006.uasset" 6762
"/Engine/EngineMaterials/Substrate/GLints/dict_16_192_64_0p5_0p02_0026_0006" 6763
"/Engine/EngineMaterials/Substrate/GLints/dict_16_192_64_0p5_0p02_0026_0007" 6764
"../../../Engine/Content/EngineMaterials/Substrate/GLints/dict_16_192_64_0p5_0p02_0025_0005.uasset" 6765
"/Engine/EngineMaterials/Substrate/GLints/dict_16_192_64_0p5_0p02_0026_0008" 6766
"../../../Engine/Content/EngineMaterials/Substrate/GLints/dict_16_192_64_0p5_0p02_0025_0003.uasset" 6767
"../../../Engine/Content/EngineMaterials/Substrate/GLints/dict_16_192_64_0p5_0p02_0025_0004.uasset" 6768
"/Engine/EngineMaterials/Substrate/GLints/dict_16_192_64_0p5_0p02_0026_0009" 6769
"../../../Engine/Content/EngineMaterials/Substrate/GLints/dict_16_192_64_0p5_0p02_0025_0002.uasset" 6770
"/Engine/EngineMaterials/Substrate/GLints/dict_16_192_64_0p5_0p02_0026_0010" 6771
"../../../Engine/Content/EngineMaterials/Substrate/GLints/dict_16_192_64_0p5_0p02_0024_0014.uasset" 6772
"../../../Engine/Content/EngineMaterials/Substrate/GLints/dict_16_192_64_0p5_0p02_0025_0000.uasset" 6773
"../../../Engine/Content/EngineMaterials/Substrate/GLints/dict_16_192_64_0p5_0p02_0025_0001.uasset" 6774
"../../../Engine/Content/EngineMaterials/Substrate/GLints/dict_16_192_64_0p5_0p02_0024_0015.uasset" 6775
"/Engine/EngineMaterials/Substrate/GLints/dict_16_192_64_0p5_0p02_0026_0011" 6776
"../../../Engine/Content/EngineMaterials/Substrate/GLints/dict_16_192_64_0p5_0p02_0024_0013.uasset" 6777
"../../../Engine/Content/EngineMaterials/Substrate/GLints/dict_16_192_64_0p5_0p02_0024_0012.uasset" 6778
"../../../Engine/Content/EngineMaterials/Substrate/GLints/dict_16_192_64_0p5_0p02_0024_0010.uasset" 6779
"../../../Engine/Content/EngineMaterials/Substrate/GLints/dict_16_192_64_0p5_0p02_0024_0011.uasset" 6780
"../../../Engine/Content/EngineMaterials/Substrate/GLints/dict_16_192_64_0p5_0p02_0024_0007.uasset" 6781
"../../../Engine/Content/EngineMaterials/Substrate/GLints/dict_16_192_64_0p5_0p02_0024_0006.uasset" 6782
"../../../Engine/Content/EngineMaterials/Substrate/GLints/dict_16_192_64_0p5_0p02_0024_0009.uasset" 6783
"/Engine/EngineMaterials/Substrate/GLints/dict_16_192_64_0p5_0p02_0025_0002" 6784
"../../../Engine/Content/EngineMaterials/Substrate/GLints/dict_16_192_64_0p5_0p02_0024_0005.uasset" 6785
"../../../Engine/Content/EngineMaterials/Substrate/GLints/dict_16_192_64_0p5_0p02_0024_0008.uasset" 6786
"/Engine/EngineMaterials/Substrate/GLints/dict_16_192_64_0p5_0p02_0025_0003" 6787
"../../../Engine/Content/EngineMaterials/Substrate/GLints/dict_16_192_64_0p5_0p02_0024_0004.uasset" 6788
"../../../Engine/Content/EngineMaterials/Substrate/GLints/dict_16_192_64_0p5_0p02_0024_0000.uasset" 6789
"../../../Engine/Content/EngineMaterials/Substrate/GLints/dict_16_192_64_0p5_0p02_0023_0015.uasset" 6790
"../../../Engine/Content/EngineMaterials/Substrate/GLints/dict_16_192_64_0p5_0p02_0023_0014.uasset" 6791
"/Engine/EngineMaterials/Substrate/GLints/dict_16_192_64_0p5_0p02_0025_0004" 6792
"../../../Engine/Content/EngineMaterials/Substrate/GLints/dict_16_192_64_0p5_0p02_0023_0013.uasset" 6793
"/Engine/EngineMaterials/Substrate/GLints/dict_16_192_64_0p5_0p02_0025_0005" 6794
"../../../Engine/Content/EngineMaterials/Substrate/GLints/dict_16_192_64_0p5_0p02_0024_0003.uasset" 6795
"../../../Engine/Content/EngineMaterials/Substrate/GLints/dict_16_192_64_0p5_0p02_0024_0002.uasset" 6796
"/Engine/EngineMaterials/Substrate/GLints/dict_16_192_64_0p5_0p02_0025_0006" 6797
"../../../Engine/Content/EngineMaterials/Substrate/GLints/dict_16_192_64_0p5_0p02_0024_0001.uasset" 6798
"/Engine/EngineMaterials/Substrate/GLints/dict_16_192_64_0p5_0p02_0025_0007" 6799
"/Engine/EngineMaterials/Substrate/GLints/dict_16_192_64_0p5_0p02_0025_0008" 6800
"/Engine/EngineMaterials/Substrate/GLints/dict_16_192_64_0p5_0p02_0025_0009" 6801
"/Engine/EngineMaterials/Substrate/GLints/dict_16_192_64_0p5_0p02_0025_0010" 6802
"/Engine/EngineMaterials/Substrate/GLints/dict_16_192_64_0p5_0p02_0025_0011" 6803
"/Engine/EngineMaterials/Substrate/GLints/dict_16_192_64_0p5_0p02_0025_0012" 6804
"../../../Engine/Content/EngineMaterials/Substrate/GLints/dict_16_192_64_0p5_0p02_0023_0011.uasset" 6805
"../../../Engine/Content/EngineMaterials/Substrate/GLints/dict_16_192_64_0p5_0p02_0023_0012.uasset" 6806
"../../../Engine/Content/EngineMaterials/Substrate/GLints/dict_16_192_64_0p5_0p02_0023_0009.uasset" 6807
"/Engine/EngineMaterials/Substrate/GLints/dict_16_192_64_0p5_0p02_0023_0013" 6808
"../../../Engine/Content/EngineMaterials/Substrate/GLints/dict_16_192_64_0p5_0p02_0023_0010.uasset" 6809
"/Engine/EngineMaterials/Substrate/GLints/dict_16_192_64_0p5_0p02_0023_0014" 6810
"../../../Engine/Content/EngineMaterials/Substrate/GLints/dict_16_192_64_0p5_0p02_0023_0007.uasset" 6811
"../../../Engine/Content/EngineMaterials/Substrate/GLints/dict_16_192_64_0p5_0p02_0023_0008.uasset" 6812
"/Engine/EngineMaterials/Substrate/GLints/dict_16_192_64_0p5_0p02_0023_0015" 6813
"../../../Engine/Content/EngineMaterials/Substrate/GLints/dict_16_192_64_0p5_0p02_0023_0005.uasset" 6814
"/Engine/EngineMaterials/Substrate/GLints/dict_16_192_64_0p5_0p02_0024_0000" 6815
"../../../Engine/Content/EngineMaterials/Substrate/GLints/dict_16_192_64_0p5_0p02_0023_0006.uasset" 6816
"../../../Engine/Content/EngineMaterials/Substrate/GLints/dict_16_192_64_0p5_0p02_0023_0002.uasset" 6817
"/Engine/EngineMaterials/Substrate/GLints/dict_16_192_64_0p5_0p02_0024_0012" 6818
"/Engine/EngineMaterials/Substrate/GLints/dict_16_192_64_0p5_0p02_0024_0001" 6819
"../../../Engine/Content/EngineMaterials/Substrate/GLints/dict_16_192_64_0p5_0p02_0023_0003.uasset" 6820
"../../../Engine/Content/EngineMaterials/Substrate/GLints/dict_16_192_64_0p5_0p02_0023_0004.uasset" 6821
"/Engine/EngineMaterials/Substrate/GLints/dict_16_192_64_0p5_0p02_0024_0013" 6822
"/Engine/EngineMaterials/Substrate/GLints/dict_16_192_64_0p5_0p02_0024_0014" 6823
"/Engine/EngineMaterials/Substrate/GLints/dict_16_192_64_0p5_0p02_0024_0015" 6824
"/Engine/EngineMaterials/Substrate/GLints/dict_16_192_64_0p5_0p02_0025_0000" 6825
"/Engine/EngineMaterials/Substrate/GLints/dict_16_192_64_0p5_0p02_0024_0002" 6826
"/Engine/EngineMaterials/Substrate/GLints/dict_16_192_64_0p5_0p02_0024_0003" 6827
"/Engine/EngineMaterials/Substrate/GLints/dict_16_192_64_0p5_0p02_0024_0004" 6828
"/Engine/EngineMaterials/Substrate/GLints/dict_16_192_64_0p5_0p02_0025_0001" 6829
"/Engine/EngineMaterials/Substrate/GLints/dict_16_192_64_0p5_0p02_0024_0005" 6830
"/Engine/EngineMaterials/Substrate/GLints/dict_16_192_64_0p5_0p02_0024_0006" 6831
"/Engine/EngineMaterials/Substrate/GLints/dict_16_192_64_0p5_0p02_0024_0007" 6832
"/Engine/EngineMaterials/Substrate/GLints/dict_16_192_64_0p5_0p02_0024_0008" 6833
"/Engine/EngineMaterials/Substrate/GLints/dict_16_192_64_0p5_0p02_0024_0009" 6834
"/Engine/EngineMaterials/Substrate/GLints/dict_16_192_64_0p5_0p02_0024_0010" 6835
"/Engine/EngineMaterials/Substrate/GLints/dict_16_192_64_0p5_0p02_0024_0011" 6836
"/Engine/EngineMaterials/Substrate/GLints/dict_16_192_64_0p5_0p02_0023_0002" 6837
"../../../Engine/Content/EngineMaterials/Substrate/GLints/dict_16_192_64_0p5_0p02_0023_0000.uasset" 6838
"../../../Engine/Content/EngineMaterials/Substrate/GLints/dict_16_192_64_0p5_0p02_0023_0001.uasset" 6839
"../../../Engine/Content/EngineMaterials/Substrate/GLints/dict_16_192_64_0p5_0p02_0022_0014.uasset" 6840
"../../../Engine/Content/EngineMaterials/Substrate/GLints/dict_16_192_64_0p5_0p02_0022_0015.uasset" 6841
"../../../Engine/Content/EngineMaterials/Substrate/GLints/dict_16_192_64_0p5_0p02_0022_0013.uasset" 6842
"/Engine/EngineMaterials/Substrate/GLints/dict_16_192_64_0p5_0p02_0023_0003" 6843
"/Engine/EngineMaterials/Substrate/GLints/dict_16_192_64_0p5_0p02_0023_0004" 6844
"/Engine/EngineMaterials/Substrate/GLints/dict_16_192_64_0p5_0p02_0023_0005" 6845
"/Engine/EngineMaterials/Substrate/GLints/dict_16_192_64_0p5_0p02_0023_0006" 6846
"../../../Engine/Content/EngineMaterials/Substrate/GLints/dict_16_192_64_0p5_0p02_0022_0009.uasset" 6847
"../../../Engine/Content/EngineMaterials/Substrate/GLints/dict_16_192_64_0p5_0p02_0022_0012.uasset" 6848
"../../../Engine/Content/EngineMaterials/Substrate/GLints/dict_16_192_64_0p5_0p02_0022_0010.uasset" 6849
"/Engine/EngineMaterials/Substrate/GLints/dict_16_192_64_0p5_0p02_0023_0007" 6850
"/Engine/EngineMaterials/Substrate/GLints/dict_16_192_64_0p5_0p02_0023_0008" 6851
"../../../Engine/Content/EngineMaterials/Substrate/GLints/dict_16_192_64_0p5_0p02_0022_0008.uasset" 6852
"/Engine/EngineMaterials/Substrate/GLints/dict_16_192_64_0p5_0p02_0023_0009" 6853
"/Engine/EngineMaterials/Substrate/GLints/dict_16_192_64_0p5_0p02_0023_0010" 6854
"../../../Engine/Content/EngineMaterials/Substrate/GLints/dict_16_192_64_0p5_0p02_0022_0011.uasset" 6855
"../../../Engine/Content/EngineMaterials/Substrate/GLints/dict_16_192_64_0p5_0p02_0022_0006.uasset" 6856
"../../../Engine/Content/EngineMaterials/Substrate/GLints/dict_16_192_64_0p5_0p02_0022_0005.uasset" 6857
"/Engine/EngineMaterials/Substrate/GLints/dict_16_192_64_0p5_0p02_0023_0011" 6858
"../../../Engine/Content/EngineMaterials/Substrate/GLints/dict_16_192_64_0p5_0p02_0022_0003.uasset" 6859
"../../../Engine/Content/EngineMaterials/Substrate/GLints/dict_16_192_64_0p5_0p02_0022_0002.uasset" 6860
"../../../Engine/Content/EngineMaterials/Substrate/GLints/dict_16_192_64_0p5_0p02_0022_0004.uasset" 6861
"/Engine/EngineMaterials/Substrate/GLints/dict_16_192_64_0p5_0p02_0023_0012" 6862
"../../../Engine/Content/EngineMaterials/Substrate/GLints/dict_16_192_64_0p5_0p02_0022_0001.uasset" 6863
"../../../Engine/Content/EngineMaterials/Substrate/GLints/dict_16_192_64_0p5_0p02_0021_0012.uasset" 6864
"../../../Engine/Content/EngineMaterials/Substrate/GLints/dict_16_192_64_0p5_0p02_0021_0010.uasset" 6865
"../../../Engine/Content/EngineMaterials/Substrate/GLints/dict_16_192_64_0p5_0p02_0022_0000.uasset" 6866
"/Engine/EngineMaterials/Substrate/GLints/dict_16_192_64_0p5_0p02_0022_0005" 6867
"../../../Engine/Content/EngineMaterials/Substrate/GLints/dict_16_192_64_0p5_0p02_0021_0009.uasset" 6868
"../../../Engine/Content/EngineMaterials/Substrate/GLints/dict_16_192_64_0p5_0p02_0022_0007.uasset" 6869
"../../../Engine/Content/EngineMaterials/Substrate/GLints/dict_16_192_64_0p5_0p02_0021_0015.uasset" 6870
"../../../Engine/Content/EngineMaterials/Substrate/GLints/dict_16_192_64_0p5_0p02_0021_0007.uasset" 6871
"../../../Engine/Content/EngineMaterials/Substrate/GLints/dict_16_192_64_0p5_0p02_0021_0008.uasset" 6872
"../../../Engine/Content/EngineMaterials/Substrate/GLints/dict_16_192_64_0p5_0p02_0021_0011.uasset" 6873
"../../../Engine/Content/EngineMaterials/Substrate/GLints/dict_16_192_64_0p5_0p02_0021_0014.uasset" 6874
"/Engine/EngineMaterials/Substrate/GLints/dict_16_192_64_0p5_0p02_0022_0006" 6875
"../../../Engine/Content/EngineMaterials/Substrate/GLints/dict_16_192_64_0p5_0p02_0021_0006.uasset" 6876
"../../../Engine/Content/EngineMaterials/Substrate/GLints/dict_16_192_64_0p5_0p02_0021_0013.uasset" 6877
"../../../Engine/Content/EngineMaterials/Substrate/GLints/dict_16_192_64_0p5_0p02_0021_0005.uasset" 6878
"/Engine/EngineMaterials/Substrate/GLints/dict_16_192_64_0p5_0p02_0022_0008" 6879
"/Engine/EngineMaterials/Substrate/GLints/dict_16_192_64_0p5_0p02_0022_0009" 6880
"/Engine/EngineMaterials/Substrate/GLints/dict_16_192_64_0p5_0p02_0022_0010" 6881
"../../../Engine/Content/EngineMaterials/Substrate/GLints/dict_16_192_64_0p5_0p02_0021_0003.uasset" 6882
"../../../Engine/Content/EngineMaterials/Substrate/GLints/dict_16_192_64_0p5_0p02_0021_0004.uasset" 6883
"../../../Engine/Content/EngineMaterials/Substrate/GLints/dict_16_192_64_0p5_0p02_0021_0002.uasset" 6884
"/Engine/EngineMaterials/Substrate/GLints/dict_16_192_64_0p5_0p02_0022_0011" 6885
"/Engine/EngineMaterials/Substrate/GLints/dict_16_192_64_0p5_0p02_0022_0012" 6886
"/Engine/EngineMaterials/Substrate/GLints/dict_16_192_64_0p5_0p02_0022_0013" 6887
"/Engine/EngineMaterials/Substrate/GLints/dict_16_192_64_0p5_0p02_0022_0014" 6888
"/Engine/EngineMaterials/Substrate/GLints/dict_16_192_64_0p5_0p02_0022_0015" 6889
"/Engine/EngineMaterials/Substrate/GLints/dict_16_192_64_0p5_0p02_0023_0000" 6890
"/Engine/EngineMaterials/Substrate/GLints/dict_16_192_64_0p5_0p02_0023_0001" 6891
"../../../Engine/Content/EngineMaterials/Substrate/GLints/dict_16_192_64_0p5_0p02_0021_0001.uasset" 6892
"../../../Engine/Content/EngineMaterials/Substrate/GLints/dict_16_192_64_0p5_0p02_0020_0015.uasset" 6893
"../../../Engine/Content/EngineMaterials/Substrate/GLints/dict_16_192_64_0p5_0p02_0021_0000.uasset" 6894
"../../../Engine/Content/EngineMaterials/Substrate/GLints/dict_16_192_64_0p5_0p02_0020_0012.uasset" 6895
"../../../Engine/Content/EngineMaterials/Substrate/GLints/dict_16_192_64_0p5_0p02_0020_0010.uasset" 6896
"../../../Engine/Content/EngineMaterials/Substrate/GLints/dict_16_192_64_0p5_0p02_0020_0014.uasset" 6897
"../../../Engine/Content/EngineMaterials/Substrate/GLints/dict_16_192_64_0p5_0p02_0020_0011.uasset" 6898
"../../../Engine/Content/EngineMaterials/Substrate/GLints/dict_16_192_64_0p5_0p02_0020_0013.uasset" 6899
"../../../Engine/Content/EngineMaterials/Substrate/GLints/dict_16_192_64_0p5_0p02_0020_0009.uasset" 6900
"/Engine/EngineMaterials/Substrate/GLints/dict_16_192_64_0p5_0p02_0021_0013" 6901
"/Engine/EngineMaterials/Substrate/GLints/dict_16_192_64_0p5_0p02_0021_0014" 6902
"../../../Engine/Content/EngineMaterials/Substrate/GLints/dict_16_192_64_0p5_0p02_0020_0008.uasset" 6903
"../../../Engine/Content/EngineMaterials/Substrate/GLints/dict_16_192_64_0p5_0p02_0020_0007.uasset" 6904
"../../../Engine/Content/EngineMaterials/Substrate/GLints/dict_16_192_64_0p5_0p02_0020_0006.uasset" 6905
"/Engine/EngineMaterials/Substrate/GLints/dict_16_192_64_0p5_0p02_0021_0015" 6906
"/Engine/EngineMaterials/Substrate/GLints/dict_16_192_64_0p5_0p02_0022_0000" 6907
"/Engine/EngineMaterials/Substrate/GLints/dict_16_192_64_0p5_0p02_0022_0001" 6908
"/Engine/EngineMaterials/Substrate/GLints/dict_16_192_64_0p5_0p02_0022_0002" 6909
"/Engine/EngineMaterials/Substrate/GLints/dict_16_192_64_0p5_0p02_0022_0003" 6910
"/Engine/EngineMaterials/Substrate/GLints/dict_16_192_64_0p5_0p02_0022_0004" 6911
"/Engine/EngineMaterials/Substrate/GLints/dict_16_192_64_0p5_0p02_0022_0007" 6912
"/Engine/EngineMaterials/Substrate/GLints/dict_16_192_64_0p5_0p02_0021_0002" 6913
"/Engine/EngineMaterials/Substrate/GLints/dict_16_192_64_0p5_0p02_0021_0003" 6914
"/Engine/EngineMaterials/Substrate/GLints/dict_16_192_64_0p5_0p02_0021_0004" 6915
"/Engine/EngineMaterials/Substrate/GLints/dict_16_192_64_0p5_0p02_0021_0005" 6916
"/Engine/EngineMaterials/Substrate/GLints/dict_16_192_64_0p5_0p02_0021_0006" 6917
"/Engine/EngineMaterials/Substrate/GLints/dict_16_192_64_0p5_0p02_0021_0007" 6918
"/Engine/EngineMaterials/Substrate/GLints/dict_16_192_64_0p5_0p02_0021_0008" 6919
"/Engine/EngineMaterials/Substrate/GLints/dict_16_192_64_0p5_0p02_0021_0009" 6920
"/Engine/EngineMaterials/Substrate/GLints/dict_16_192_64_0p5_0p02_0021_0010" 6921
"/Engine/EngineMaterials/Substrate/GLints/dict_16_192_64_0p5_0p02_0021_0011" 6922
"/Engine/EngineMaterials/Substrate/GLints/dict_16_192_64_0p5_0p02_0021_0012" 6923
"/Engine/EngineMaterials/Substrate/GLints/dict_16_192_64_0p5_0p02_0020_0006" 6924
"../../../Engine/Content/EngineMaterials/Substrate/GLints/dict_16_192_64_0p5_0p02_0019_0014.uasset" 6925
"../../../Engine/Content/EngineMaterials/Substrate/GLints/dict_16_192_64_0p5_0p02_0019_0015.uasset" 6926
"../../../Engine/Content/EngineMaterials/Substrate/GLints/dict_16_192_64_0p5_0p02_0019_0013.uasset" 6927
"../../../Engine/Content/EngineMaterials/Substrate/GLints/dict_16_192_64_0p5_0p02_0020_0005.uasset" 6928
"../../../Engine/Content/EngineMaterials/Substrate/GLints/dict_16_192_64_0p5_0p02_0020_0001.uasset" 6929
"../../../Engine/Content/EngineMaterials/Substrate/GLints/dict_16_192_64_0p5_0p02_0020_0002.uasset" 6930
"../../../Engine/Content/EngineMaterials/Substrate/GLints/dict_16_192_64_0p5_0p02_0020_0000.uasset" 6931
"../../../Engine/Content/EngineMaterials/Substrate/GLints/dict_16_192_64_0p5_0p02_0019_0011.uasset" 6932
"../../../Engine/Content/EngineMaterials/Substrate/GLints/dict_16_192_64_0p5_0p02_0020_0003.uasset" 6933
"../../../Engine/Content/EngineMaterials/Substrate/GLints/dict_16_192_64_0p5_0p02_0020_0004.uasset" 6934
"../../../Engine/Content/EngineMaterials/Substrate/GLints/dict_16_192_64_0p5_0p02_0019_0012.uasset" 6935
"../../../Engine/Content/EngineMaterials/Substrate/GLints/dict_16_192_64_0p5_0p02_0019_0010.uasset" 6936
"../../../Engine/Content/EngineMaterials/Substrate/GLints/dict_16_192_64_0p5_0p02_0019_0009.uasset" 6937
"/Engine/EngineMaterials/Substrate/GLints/dict_16_192_64_0p5_0p02_0020_0007" 6938
"../../../Engine/Content/EngineMaterials/Substrate/GLints/dict_16_192_64_0p5_0p02_0019_0008.uasset" 6939
"../../../Engine/Content/EngineMaterials/Substrate/GLints/dict_16_192_64_0p5_0p02_0019_0007.uasset" 6940
"../../../Engine/Content/EngineMaterials/Substrate/GLints/dict_16_192_64_0p5_0p02_0019_0006.uasset" 6941
"../../../Engine/Content/EngineMaterials/Substrate/GLints/dict_16_192_64_0p5_0p02_0019_0002.uasset" 6942
"../../../Engine/Content/EngineMaterials/Substrate/GLints/dict_16_192_64_0p5_0p02_0019_0003.uasset" 6943
"../../../Engine/Content/EngineMaterials/Substrate/GLints/dict_16_192_64_0p5_0p02_0019_0004.uasset" 6944
"../../../Engine/Content/EngineMaterials/Substrate/GLints/dict_16_192_64_0p5_0p02_0019_0005.uasset" 6945
"/Engine/EngineMaterials/Substrate/GLints/dict_16_192_64_0p5_0p02_0020_0008" 6946
"/Engine/EngineMaterials/Substrate/GLints/dict_16_192_64_0p5_0p02_0020_0009" 6947
"/Engine/EngineMaterials/Substrate/GLints/dict_16_192_64_0p5_0p02_0020_0010" 6948
"/Engine/EngineMaterials/Substrate/GLints/dict_16_192_64_0p5_0p02_0020_0011" 6949
"/Engine/EngineMaterials/Substrate/GLints/dict_16_192_64_0p5_0p02_0020_0012" 6950
"/Engine/EngineMaterials/Substrate/GLints/dict_16_192_64_0p5_0p02_0020_0013" 6951
"/Engine/EngineMaterials/Substrate/GLints/dict_16_192_64_0p5_0p02_0020_0014" 6952
"/Engine/EngineMaterials/Substrate/GLints/dict_16_192_64_0p5_0p02_0020_0015" 6953
"/Engine/EngineMaterials/Substrate/GLints/dict_16_192_64_0p5_0p02_0021_0000" 6954
"/Engine/EngineMaterials/Substrate/GLints/dict_16_192_64_0p5_0p02_0021_0001" 6955
"../../../Engine/Content/EngineMaterials/Substrate/GLints/dict_16_192_64_0p5_0p02_0019_0001.uasset" 6956
"/Engine/EngineMaterials/Substrate/GLints/dict_16_192_64_0p5_0p02_0019_0002" 6957
"../../../Engine/Content/EngineMaterials/Substrate/GLints/dict_16_192_64_0p5_0p02_0018_0014.uasset" 6958
"../../../Engine/Content/EngineMaterials/Substrate/GLints/dict_16_192_64_0p5_0p02_0019_0000.uasset" 6959
"../../../Engine/Content/EngineMaterials/Substrate/GLints/dict_16_192_64_0p5_0p02_0018_0015.uasset" 6960
"../../../Engine/Content/EngineMaterials/Substrate/GLints/dict_16_192_64_0p5_0p02_0018_0013.uasset" 6961
"../../../Engine/Content/EngineMaterials/Substrate/GLints/dict_16_192_64_0p5_0p02_0018_0012.uasset" 6962
"/Engine/EngineMaterials/Substrate/GLints/dict_16_192_64_0p5_0p02_0019_0003" 6963
"../../../Engine/Content/EngineMaterials/Substrate/GLints/dict_16_192_64_0p5_0p02_0018_0011.uasset" 6964
"../../../Engine/Content/EngineMaterials/Substrate/GLints/dict_16_192_64_0p5_0p02_0018_0010.uasset" 6965
"../../../Engine/Content/EngineMaterials/Substrate/GLints/dict_16_192_64_0p5_0p02_0018_0009.uasset" 6966
"../../../Engine/Content/EngineMaterials/Substrate/GLints/dict_16_192_64_0p5_0p02_0018_0006.uasset" 6967
"../../../Engine/Content/EngineMaterials/Substrate/GLints/dict_16_192_64_0p5_0p02_0018_0007.uasset" 6968
"../../../Engine/Content/EngineMaterials/Substrate/GLints/dict_16_192_64_0p5_0p02_0018_0008.uasset" 6969
"/Engine/EngineMaterials/Substrate/GLints/dict_16_192_64_0p5_0p02_0019_0004" 6970
"/Engine/EngineMaterials/Substrate/GLints/dict_16_192_64_0p5_0p02_0019_0005" 6971
"/Engine/EngineMaterials/Substrate/GLints/dict_16_192_64_0p5_0p02_0019_0006" 6972
"/Engine/EngineMaterials/Substrate/GLints/dict_16_192_64_0p5_0p02_0019_0007" 6973
"/Engine/EngineMaterials/Substrate/GLints/dict_16_192_64_0p5_0p02_0019_0008" 6974
"/Engine/EngineMaterials/Substrate/GLints/dict_16_192_64_0p5_0p02_0019_0009" 6975
"/Engine/EngineMaterials/Substrate/GLints/dict_16_192_64_0p5_0p02_0019_0010" 6976
"/Engine/EngineMaterials/Substrate/GLints/dict_16_192_64_0p5_0p02_0019_0011" 6977
"/Engine/EngineMaterials/Substrate/GLints/dict_16_192_64_0p5_0p02_0019_0012" 6978
"/Engine/EngineMaterials/Substrate/GLints/dict_16_192_64_0p5_0p02_0019_0013" 6979
"/Engine/EngineMaterials/Substrate/GLints/dict_16_192_64_0p5_0p02_0019_0014" 6980
"/Engine/EngineMaterials/Substrate/GLints/dict_16_192_64_0p5_0p02_0019_0015" 6981
"/Engine/EngineMaterials/Substrate/GLints/dict_16_192_64_0p5_0p02_0020_0000" 6982
"/Engine/EngineMaterials/Substrate/GLints/dict_16_192_64_0p5_0p02_0020_0001" 6983
"/Engine/EngineMaterials/Substrate/GLints/dict_16_192_64_0p5_0p02_0020_0002" 6984
"/Engine/EngineMaterials/Substrate/GLints/dict_16_192_64_0p5_0p02_0020_0003" 6985
"/Engine/EngineMaterials/Substrate/GLints/dict_16_192_64_0p5_0p02_0020_0004" 6986
"/Engine/EngineMaterials/Substrate/GLints/dict_16_192_64_0p5_0p02_0020_0005" 6987
"../../../Engine/Content/EngineMaterials/Substrate/GLints/dict_16_192_64_0p5_0p02_0018_0005.uasset" 6988
"/Engine/EngineMaterials/Substrate/GLints/dict_16_192_64_0p5_0p02_0018_0006" 6989
"../../../Engine/Content/EngineMaterials/Substrate/GLints/dict_16_192_64_0p5_0p02_0018_0004.uasset" 6990
"../../../Engine/Content/EngineMaterials/Substrate/GLints/dict_16_192_64_0p5_0p02_0018_0002.uasset" 6991
"../../../Engine/Content/EngineMaterials/Substrate/GLints/dict_16_192_64_0p5_0p02_0017_0015.uasset" 6992
"../../../Engine/Content/EngineMaterials/Substrate/GLints/dict_16_192_64_0p5_0p02_0017_0014.uasset" 6993
"../../../Engine/Content/EngineMaterials/Substrate/GLints/dict_16_192_64_0p5_0p02_0017_0008.uasset" 6994
"/Engine/EngineMaterials/Substrate/GLints/dict_16_192_64_0p5_0p02_0018_0007" 6995
"../../../Engine/Content/EngineMaterials/Substrate/GLints/dict_16_192_64_0p5_0p02_0018_0001.uasset" 6996
"../../../Engine/Content/EngineMaterials/Substrate/GLints/dict_16_192_64_0p5_0p02_0017_0007.uasset" 6997
"../../../Engine/Content/EngineMaterials/Substrate/GLints/dict_16_192_64_0p5_0p02_0018_0000.uasset" 6998
"../../../Engine/Content/EngineMaterials/Substrate/GLints/dict_16_192_64_0p5_0p02_0017_0011.uasset" 6999
"../../../Engine/Content/EngineMaterials/Substrate/GLints/dict_16_192_64_0p5_0p02_0017_0006.uasset" 7000
"../../../Engine/Content/EngineMaterials/Substrate/GLints/dict_16_192_64_0p5_0p02_0017_0005.uasset" 7001
"../../../Engine/Content/EngineMaterials/Substrate/GLints/dict_16_192_64_0p5_0p02_0018_0003.uasset" 7002
"../../../Engine/Content/EngineMaterials/Substrate/GLints/dict_16_192_64_0p5_0p02_0017_0004.uasset" 7003
"../../../Engine/Content/EngineMaterials/Substrate/GLints/dict_16_192_64_0p5_0p02_0017_0003.uasset" 7004
"../../../Engine/Content/EngineMaterials/Substrate/GLints/dict_16_192_64_0p5_0p02_0017_0012.uasset" 7005
"/Engine/EngineMaterials/Substrate/GLints/dict_16_192_64_0p5_0p02_0018_0008" 7006
"../../../Engine/Content/EngineMaterials/Substrate/GLints/dict_16_192_64_0p5_0p02_0017_0013.uasset" 7007
"../../../Engine/Content/EngineMaterials/Substrate/GLints/dict_16_192_64_0p5_0p02_0017_0002.uasset" 7008
"../../../Engine/Content/EngineMaterials/Substrate/GLints/dict_16_192_64_0p5_0p02_0017_0010.uasset" 7009
"../../../Engine/Content/EngineMaterials/Substrate/GLints/dict_16_192_64_0p5_0p02_0017_0009.uasset" 7010
"/Engine/EngineMaterials/Substrate/GLints/dict_16_192_64_0p5_0p02_0018_0009" 7011
"/Engine/EngineMaterials/Substrate/GLints/dict_16_192_64_0p5_0p02_0018_0010" 7012
"/Engine/EngineMaterials/Substrate/GLints/dict_16_192_64_0p5_0p02_0018_0011" 7013
"/Engine/EngineMaterials/Substrate/GLints/dict_16_192_64_0p5_0p02_0018_0012" 7014
"/Engine/EngineMaterials/Substrate/GLints/dict_16_192_64_0p5_0p02_0018_0013" 7015
"/Engine/EngineMaterials/Substrate/GLints/dict_16_192_64_0p5_0p02_0018_0014" 7016
"/Engine/EngineMaterials/Substrate/GLints/dict_16_192_64_0p5_0p02_0018_0015" 7017
"/Engine/EngineMaterials/Substrate/GLints/dict_16_192_64_0p5_0p02_0019_0000" 7018
"/Engine/EngineMaterials/Substrate/GLints/dict_16_192_64_0p5_0p02_0019_0001" 7019
"../../../Engine/Content/EngineMaterials/Substrate/GLints/dict_16_192_64_0p5_0p02_0016_0013.uasset" 7020
"../../../Engine/Content/EngineMaterials/Substrate/GLints/dict_16_192_64_0p5_0p02_0016_0015.uasset" 7021
"../../../Engine/Content/EngineMaterials/Substrate/GLints/dict_16_192_64_0p5_0p02_0017_0000.uasset" 7022
"../../../Engine/Content/EngineMaterials/Substrate/GLints/dict_16_192_64_0p5_0p02_0016_0014.uasset" 7023
"../../../Engine/Content/EngineMaterials/Substrate/GLints/dict_16_192_64_0p5_0p02_0017_0001.uasset" 7024
"/Engine/EngineMaterials/Substrate/GLints/dict_16_192_64_0p5_0p02_0017_0002" 7025
"../../../Engine/Content/EngineMaterials/Substrate/GLints/dict_16_192_64_0p5_0p02_0016_0012.uasset" 7026
"../../../Engine/Content/EngineMaterials/Substrate/GLints/dict_16_192_64_0p5_0p02_0016_0010.uasset" 7027
"../../../Engine/Content/EngineMaterials/Substrate/GLints/dict_16_192_64_0p5_0p02_0016_0009.uasset" 7028
"../../../Engine/Content/EngineMaterials/Substrate/GLints/dict_16_192_64_0p5_0p02_0016_0006.uasset" 7029
"../../../Engine/Content/EngineMaterials/Substrate/GLints/dict_16_192_64_0p5_0p02_0016_0008.uasset" 7030
"../../../Engine/Content/EngineMaterials/Substrate/GLints/dict_16_192_64_0p5_0p02_0016_0011.uasset" 7031
"/Engine/EngineMaterials/Substrate/GLints/dict_16_192_64_0p5_0p02_0017_0003" 7032
"../../../Engine/Content/EngineMaterials/Substrate/GLints/dict_16_192_64_0p5_0p02_0016_0007.uasset" 7033
"/Engine/EngineMaterials/Substrate/GLints/dict_16_192_64_0p5_0p02_0017_0004" 7034
"/Engine/EngineMaterials/Substrate/GLints/dict_16_192_64_0p5_0p02_0017_0005" 7035
"/Engine/EngineMaterials/Substrate/GLints/dict_16_192_64_0p5_0p02_0017_0006" 7036
"/Engine/EngineMaterials/Substrate/GLints/dict_16_192_64_0p5_0p02_0017_0007" 7037
"/Engine/EngineMaterials/Substrate/GLints/dict_16_192_64_0p5_0p02_0017_0008" 7038
"/Engine/EngineMaterials/Substrate/GLints/dict_16_192_64_0p5_0p02_0017_0009" 7039
"/Engine/EngineMaterials/Substrate/GLints/dict_16_192_64_0p5_0p02_0017_0010" 7040
"/Engine/EngineMaterials/Substrate/GLints/dict_16_192_64_0p5_0p02_0017_0011" 7041
"/Engine/EngineMaterials/Substrate/GLints/dict_16_192_64_0p5_0p02_0017_0012" 7042
"/Engine/EngineMaterials/Substrate/GLints/dict_16_192_64_0p5_0p02_0017_0013" 7043
"/Engine/EngineMaterials/Substrate/GLints/dict_16_192_64_0p5_0p02_0017_0014" 7044
"/Engine/EngineMaterials/Substrate/GLints/dict_16_192_64_0p5_0p02_0017_0015" 7045
"/Engine/EngineMaterials/Substrate/GLints/dict_16_192_64_0p5_0p02_0018_0000" 7046
"/Engine/EngineMaterials/Substrate/GLints/dict_16_192_64_0p5_0p02_0018_0001" 7047
"/Engine/EngineMaterials/Substrate/GLints/dict_16_192_64_0p5_0p02_0018_0002" 7048
"/Engine/EngineMaterials/Substrate/GLints/dict_16_192_64_0p5_0p02_0018_0003" 7049
"/Engine/EngineMaterials/Substrate/GLints/dict_16_192_64_0p5_0p02_0018_0004" 7050
"/Engine/EngineMaterials/Substrate/GLints/dict_16_192_64_0p5_0p02_0018_0005" 7051
"/Engine/EngineMaterials/Substrate/GLints/dict_16_192_64_0p5_0p02_0016_0006" 7052
"../../../Engine/Content/EngineMaterials/Substrate/GLints/dict_16_192_64_0p5_0p02_0016_0004.uasset" 7053
"../../../Engine/Content/EngineMaterials/Substrate/GLints/dict_16_192_64_0p5_0p02_0016_0001.uasset" 7054
"../../../Engine/Content/EngineMaterials/Substrate/GLints/dict_16_192_64_0p5_0p02_0016_0003.uasset" 7055
"../../../Engine/Content/EngineMaterials/Substrate/GLints/dict_16_192_64_0p5_0p02_0016_0002.uasset" 7056
"../../../Engine/Content/EngineMaterials/Substrate/GLints/dict_16_192_64_0p5_0p02_0016_0005.uasset" 7057
"../../../Engine/Content/EngineMaterials/Substrate/GLints/dict_16_192_64_0p5_0p02_0016_0000.uasset" 7058
"../../../Engine/Content/EngineMaterials/Substrate/GLints/dict_16_192_64_0p5_0p02_0015_0010.uasset" 7059
"../../../Engine/Content/EngineMaterials/Substrate/GLints/dict_16_192_64_0p5_0p02_0015_0013.uasset" 7060
"../../../Engine/Content/EngineMaterials/Substrate/GLints/dict_16_192_64_0p5_0p02_0015_0012.uasset" 7061
"/Engine/EngineMaterials/Substrate/GLints/dict_16_192_64_0p5_0p02_0016_0007" 7062
"../../../Engine/Content/EngineMaterials/Substrate/GLints/dict_16_192_64_0p5_0p02_0015_0014.uasset" 7063
"../../../Engine/Content/EngineMaterials/Substrate/GLints/dict_16_192_64_0p5_0p02_0015_0015.uasset" 7064
"../../../Engine/Content/EngineMaterials/Substrate/GLints/dict_16_192_64_0p5_0p02_0015_0008.uasset" 7065
"../../../Engine/Content/EngineMaterials/Substrate/GLints/dict_16_192_64_0p5_0p02_0015_0009.uasset" 7066
"../../../Engine/Content/EngineMaterials/Substrate/GLints/dict_16_192_64_0p5_0p02_0015_0007.uasset" 7067
"/Engine/EngineMaterials/Substrate/GLints/dict_16_192_64_0p5_0p02_0016_0008" 7068
"../../../Engine/Content/EngineMaterials/Substrate/GLints/dict_16_192_64_0p5_0p02_0015_0011.uasset" 7069
"../../../Engine/Content/EngineMaterials/Substrate/GLints/dict_16_192_64_0p5_0p02_0015_0006.uasset" 7070
"../../../Engine/Content/EngineMaterials/Substrate/GLints/dict_16_192_64_0p5_0p02_0015_0005.uasset" 7071
"../../../Engine/Content/EngineMaterials/Substrate/GLints/dict_16_192_64_0p5_0p02_0015_0004.uasset" 7072
"../../../Engine/Content/EngineMaterials/Substrate/GLints/dict_16_192_64_0p5_0p02_0015_0003.uasset" 7073
"/Engine/EngineMaterials/Substrate/GLints/dict_16_192_64_0p5_0p02_0016_0009" 7074
"../../../Engine/Content/EngineMaterials/Substrate/GLints/dict_16_192_64_0p5_0p02_0015_0002.uasset" 7075
"/Engine/EngineMaterials/Substrate/GLints/dict_16_192_64_0p5_0p02_0016_0010" 7076
"/Engine/EngineMaterials/Substrate/GLints/dict_16_192_64_0p5_0p02_0016_0011" 7077
"/Engine/EngineMaterials/Substrate/GLints/dict_16_192_64_0p5_0p02_0016_0012" 7078
"/Engine/EngineMaterials/Substrate/GLints/dict_16_192_64_0p5_0p02_0016_0013" 7079
"/Engine/EngineMaterials/Substrate/GLints/dict_16_192_64_0p5_0p02_0016_0014" 7080
"/Engine/EngineMaterials/Substrate/GLints/dict_16_192_64_0p5_0p02_0016_0015" 7081
"/Engine/EngineMaterials/Substrate/GLints/dict_16_192_64_0p5_0p02_0017_0000" 7082
"/Engine/EngineMaterials/Substrate/GLints/dict_16_192_64_0p5_0p02_0017_0001" 7083
"../../../Engine/Content/EngineMaterials/Substrate/GLints/dict_16_192_64_0p5_0p02_0014_0013.uasset" 7084
"../../../Engine/Content/EngineMaterials/Substrate/GLints/dict_16_192_64_0p5_0p02_0014_0011.uasset" 7085
"../../../Engine/Content/EngineMaterials/Substrate/GLints/dict_16_192_64_0p5_0p02_0015_0001.uasset" 7086
"../../../Engine/Content/EngineMaterials/Substrate/GLints/dict_16_192_64_0p5_0p02_0014_0015.uasset" 7087
"../../../Engine/Content/EngineMaterials/Substrate/GLints/dict_16_192_64_0p5_0p02_0014_0010.uasset" 7088
"/Engine/EngineMaterials/Substrate/GLints/dict_16_192_64_0p5_0p02_0015_0002" 7089
"../../../Engine/Content/EngineMaterials/Substrate/GLints/dict_16_192_64_0p5_0p02_0015_0000.uasset" 7090
"../../../Engine/Content/EngineMaterials/Substrate/GLints/dict_16_192_64_0p5_0p02_0014_0012.uasset" 7091
"../../../Engine/Content/EngineMaterials/Substrate/GLints/dict_16_192_64_0p5_0p02_0014_0009.uasset" 7092
"../../../Engine/Content/EngineMaterials/Substrate/GLints/dict_16_192_64_0p5_0p02_0014_0014.uasset" 7093
"../../../Engine/Content/EngineMaterials/Substrate/GLints/dict_16_192_64_0p5_0p02_0014_0008.uasset" 7094
"../../../Engine/Content/EngineMaterials/Substrate/GLints/dict_16_192_64_0p5_0p02_0014_0007.uasset" 7095
"../../../Engine/Content/EngineMaterials/Substrate/GLints/dict_16_192_64_0p5_0p02_0014_0006.uasset" 7096
"/Engine/EngineMaterials/Substrate/GLints/dict_16_192_64_0p5_0p02_0015_0003" 7097
"/Engine/EngineMaterials/Substrate/GLints/dict_16_192_64_0p5_0p02_0015_0004" 7098
"/Engine/EngineMaterials/Substrate/GLints/dict_16_192_64_0p5_0p02_0015_0005" 7099
"/Engine/EngineMaterials/Substrate/GLints/dict_16_192_64_0p5_0p02_0015_0006" 7100
"/Engine/EngineMaterials/Substrate/GLints/dict_16_192_64_0p5_0p02_0015_0007" 7101
"/Engine/EngineMaterials/Substrate/GLints/dict_16_192_64_0p5_0p02_0015_0008" 7102
"/Engine/EngineMaterials/Substrate/GLints/dict_16_192_64_0p5_0p02_0015_0009" 7103
"/Engine/EngineMaterials/Substrate/GLints/dict_16_192_64_0p5_0p02_0015_0010" 7104
"/Engine/EngineMaterials/Substrate/GLints/dict_16_192_64_0p5_0p02_0015_0011" 7105
"/Engine/EngineMaterials/Substrate/GLints/dict_16_192_64_0p5_0p02_0015_0012" 7106
"/Engine/EngineMaterials/Substrate/GLints/dict_16_192_64_0p5_0p02_0015_0013" 7107
"/Engine/EngineMaterials/Substrate/GLints/dict_16_192_64_0p5_0p02_0015_0014" 7108
"/Engine/EngineMaterials/Substrate/GLints/dict_16_192_64_0p5_0p02_0015_0015" 7109
"/Engine/EngineMaterials/Substrate/GLints/dict_16_192_64_0p5_0p02_0016_0000" 7110
"/Engine/EngineMaterials/Substrate/GLints/dict_16_192_64_0p5_0p02_0016_0001" 7111
"/Engine/EngineMaterials/Substrate/GLints/dict_16_192_64_0p5_0p02_0016_0002" 7112
"/Engine/EngineMaterials/Substrate/GLints/dict_16_192_64_0p5_0p02_0016_0003" 7113
"/Engine/EngineMaterials/Substrate/GLints/dict_16_192_64_0p5_0p02_0016_0004" 7114
"/Engine/EngineMaterials/Substrate/GLints/dict_16_192_64_0p5_0p02_0016_0005" 7115
"/Engine/EngineMaterials/Substrate/GLints/dict_16_192_64_0p5_0p02_0014_0006" 7116
"../../../Engine/Content/EngineMaterials/Substrate/GLints/dict_16_192_64_0p5_0p02_0014_0005.uasset" 7117
"../../../Engine/Content/EngineMaterials/Substrate/GLints/dict_16_192_64_0p5_0p02_0014_0003.uasset" 7118
"../../../Engine/Content/EngineMaterials/Substrate/GLints/dict_16_192_64_0p5_0p02_0013_0014.uasset" 7119
"../../../Engine/Content/EngineMaterials/Substrate/GLints/dict_16_192_64_0p5_0p02_0014_0000.uasset" 7120
"../../../Engine/Content/EngineMaterials/Substrate/GLints/dict_16_192_64_0p5_0p02_0014_0001.uasset" 7121
"../../../Engine/Content/EngineMaterials/Substrate/GLints/dict_16_192_64_0p5_0p02_0013_0015.uasset" 7122
"../../../Engine/Content/EngineMaterials/Substrate/GLints/dict_16_192_64_0p5_0p02_0014_0002.uasset" 7123
"../../../Engine/Content/EngineMaterials/Substrate/GLints/dict_16_192_64_0p5_0p02_0013_0013.uasset" 7124
"../../../Engine/Content/EngineMaterials/Substrate/GLints/dict_16_192_64_0p5_0p02_0014_0004.uasset" 7125
"/Engine/EngineMaterials/Substrate/GLints/dict_16_192_64_0p5_0p02_0014_0007" 7126
"../../../Engine/Content/EngineMaterials/Substrate/GLints/dict_16_192_64_0p5_0p02_0013_0011.uasset" 7127
"../../../Engine/Content/EngineMaterials/Substrate/GLints/dict_16_192_64_0p5_0p02_0013_0012.uasset" 7128
"../../../Engine/Content/EngineMaterials/Substrate/GLints/dict_16_192_64_0p5_0p02_0013_0007.uasset" 7129
"../../../Engine/Content/EngineMaterials/Substrate/GLints/dict_16_192_64_0p5_0p02_0013_0010.uasset" 7130
"../../../Engine/Content/EngineMaterials/Substrate/GLints/dict_16_192_64_0p5_0p02_0013_0008.uasset" 7131
"../../../Engine/Content/EngineMaterials/Substrate/GLints/dict_16_192_64_0p5_0p02_0013_0006.uasset" 7132
"../../../Engine/Content/EngineMaterials/Substrate/GLints/dict_16_192_64_0p5_0p02_0013_0004.uasset" 7133
"../../../Engine/Content/EngineMaterials/Substrate/GLints/dict_16_192_64_0p5_0p02_0013_0005.uasset" 7134
"../../../Engine/Content/EngineMaterials/Substrate/GLints/dict_16_192_64_0p5_0p02_0013_0009.uasset" 7135
"../../../Engine/Content/EngineMaterials/Substrate/GLints/dict_16_192_64_0p5_0p02_0013_0003.uasset" 7136
"/Engine/EngineMaterials/Substrate/GLints/dict_16_192_64_0p5_0p02_0014_0008" 7137
"../../../Engine/Content/EngineMaterials/Substrate/GLints/dict_16_192_64_0p5_0p02_0013_0002.uasset" 7138
"/Engine/EngineMaterials/Substrate/GLints/dict_16_192_64_0p5_0p02_0014_0009" 7139
"/Engine/EngineMaterials/Substrate/GLints/dict_16_192_64_0p5_0p02_0014_0010" 7140
"/Engine/EngineMaterials/Substrate/GLints/dict_16_192_64_0p5_0p02_0014_0011" 7141
"/Engine/EngineMaterials/Substrate/GLints/dict_16_192_64_0p5_0p02_0014_0012" 7142
"/Engine/EngineMaterials/Substrate/GLints/dict_16_192_64_0p5_0p02_0014_0013" 7143
"/Engine/EngineMaterials/Substrate/GLints/dict_16_192_64_0p5_0p02_0014_0014" 7144
"/Engine/EngineMaterials/Substrate/GLints/dict_16_192_64_0p5_0p02_0014_0015" 7145
"/Engine/EngineMaterials/Substrate/GLints/dict_16_192_64_0p5_0p02_0015_0000" 7146
"/Engine/EngineMaterials/Substrate/GLints/dict_16_192_64_0p5_0p02_0015_0001" 7147
"../../../Engine/Content/EngineMaterials/Substrate/GLints/dict_16_192_64_0p5_0p02_0013_0001.uasset" 7148
"/Engine/EngineMaterials/Substrate/GLints/dict_16_192_64_0p5_0p02_0013_0002" 7149
"../../../Engine/Content/EngineMaterials/Substrate/GLints/dict_16_192_64_0p5_0p02_0013_0000.uasset" 7150
"../../../Engine/Content/EngineMaterials/Substrate/GLints/dict_16_192_64_0p5_0p02_0012_0015.uasset" 7151
"../../../Engine/Content/EngineMaterials/Substrate/GLints/dict_16_192_64_0p5_0p02_0012_0014.uasset" 7152
"../../../Engine/Content/EngineMaterials/Substrate/GLints/dict_16_192_64_0p5_0p02_0012_0010.uasset" 7153
"/Engine/EngineMaterials/Substrate/GLints/dict_16_192_64_0p5_0p02_0013_0003" 7154
"../../../Engine/Content/EngineMaterials/Substrate/GLints/dict_16_192_64_0p5_0p02_0012_0012.uasset" 7155
"../../../Engine/Content/EngineMaterials/Substrate/GLints/dict_16_192_64_0p5_0p02_0012_0013.uasset" 7156
"../../../Engine/Content/EngineMaterials/Substrate/GLints/dict_16_192_64_0p5_0p02_0012_0011.uasset" 7157
"../../../Engine/Content/EngineMaterials/Substrate/GLints/dict_16_192_64_0p5_0p02_0012_0008.uasset" 7158
"../../../Engine/Content/EngineMaterials/Substrate/GLints/dict_16_192_64_0p5_0p02_0012_0009.uasset" 7159
"/Engine/EngineMaterials/Substrate/GLints/dict_16_192_64_0p5_0p02_0013_0004" 7160
"../../../Engine/Content/EngineMaterials/Substrate/GLints/dict_16_192_64_0p5_0p02_0012_0007.uasset" 7161
"../../../Engine/Content/EngineMaterials/Substrate/GLints/dict_16_192_64_0p5_0p02_0012_0006.uasset" 7162
"/Engine/EngineMaterials/Substrate/GLints/dict_16_192_64_0p5_0p02_0013_0005" 7163
"/Engine/EngineMaterials/Substrate/GLints/dict_16_192_64_0p5_0p02_0013_0006" 7164
"/Engine/EngineMaterials/Substrate/GLints/dict_16_192_64_0p5_0p02_0013_0007" 7165
"/Engine/EngineMaterials/Substrate/GLints/dict_16_192_64_0p5_0p02_0013_0008" 7166
"/Engine/EngineMaterials/Substrate/GLints/dict_16_192_64_0p5_0p02_0013_0009" 7167
"/Engine/EngineMaterials/Substrate/GLints/dict_16_192_64_0p5_0p02_0013_0010" 7168
"/Engine/EngineMaterials/Substrate/GLints/dict_16_192_64_0p5_0p02_0013_0011" 7169
"/Engine/EngineMaterials/Substrate/GLints/dict_16_192_64_0p5_0p02_0013_0012" 7170
"/Engine/EngineMaterials/Substrate/GLints/dict_16_192_64_0p5_0p02_0013_0013" 7171
"/Engine/EngineMaterials/Substrate/GLints/dict_16_192_64_0p5_0p02_0013_0014" 7172
"/Engine/EngineMaterials/Substrate/GLints/dict_16_192_64_0p5_0p02_0013_0015" 7173
"/Engine/EngineMaterials/Substrate/GLints/dict_16_192_64_0p5_0p02_0014_0000" 7174
"/Engine/EngineMaterials/Substrate/GLints/dict_16_192_64_0p5_0p02_0014_0001" 7175
"/Engine/EngineMaterials/Substrate/GLints/dict_16_192_64_0p5_0p02_0014_0002" 7176
"/Engine/EngineMaterials/Substrate/GLints/dict_16_192_64_0p5_0p02_0014_0003" 7177
"/Engine/EngineMaterials/Substrate/GLints/dict_16_192_64_0p5_0p02_0014_0004" 7178
"/Engine/EngineMaterials/Substrate/GLints/dict_16_192_64_0p5_0p02_0014_0005" 7179
"/Engine/EngineMaterials/Substrate/GLints/dict_16_192_64_0p5_0p02_0012_0006" 7180
"../../../Engine/Content/EngineMaterials/Substrate/GLints/dict_16_192_64_0p5_0p02_0011_0013.uasset" 7181
"../../../Engine/Content/EngineMaterials/Substrate/GLints/dict_16_192_64_0p5_0p02_0012_0001.uasset" 7182
"../../../Engine/Content/EngineMaterials/Substrate/GLints/dict_16_192_64_0p5_0p02_0012_0005.uasset" 7183
"../../../Engine/Content/EngineMaterials/Substrate/GLints/dict_16_192_64_0p5_0p02_0012_0000.uasset" 7184
"../../../Engine/Content/EngineMaterials/Substrate/GLints/dict_16_192_64_0p5_0p02_0011_0015.uasset" 7185
"/Engine/EngineMaterials/Substrate/GLints/dict_16_192_64_0p5_0p02_0012_0007" 7186
"../../../Engine/Content/EngineMaterials/Substrate/GLints/dict_16_192_64_0p5_0p02_0011_0014.uasset" 7187
"../../../Engine/Content/EngineMaterials/Substrate/GLints/dict_16_192_64_0p5_0p02_0012_0004.uasset" 7188
"../../../Engine/Content/EngineMaterials/Substrate/GLints/dict_16_192_64_0p5_0p02_0011_0008.uasset" 7189
"../../../Engine/Content/EngineMaterials/Substrate/GLints/dict_16_192_64_0p5_0p02_0011_0012.uasset" 7190
"../../../Engine/Content/EngineMaterials/Substrate/GLints/dict_16_192_64_0p5_0p02_0011_0011.uasset" 7191
"../../../Engine/Content/EngineMaterials/Substrate/GLints/dict_16_192_64_0p5_0p02_0011_0010.uasset" 7192
"../../../Engine/Content/EngineMaterials/Substrate/GLints/dict_16_192_64_0p5_0p02_0011_0007.uasset" 7193
"../../../Engine/Content/EngineMaterials/Substrate/GLints/dict_16_192_64_0p5_0p02_0012_0003.uasset" 7194
"../../../Engine/Content/EngineMaterials/Substrate/GLints/dict_16_192_64_0p5_0p02_0012_0002.uasset" 7195
"/Engine/EngineMaterials/Substrate/GLints/dict_16_192_64_0p5_0p02_0012_0008" 7196
"../../../Engine/Content/EngineMaterials/Substrate/GLints/dict_16_192_64_0p5_0p02_0011_0009.uasset" 7197
"../../../Engine/Content/EngineMaterials/Substrate/GLints/dict_16_192_64_0p5_0p02_0011_0004.uasset" 7198
"../../../Engine/Content/EngineMaterials/Substrate/GLints/dict_16_192_64_0p5_0p02_0011_0002.uasset" 7199
"../../../Engine/Content/EngineMaterials/Substrate/GLints/dict_16_192_64_0p5_0p02_0011_0003.uasset" 7200
"../../../Engine/Content/EngineMaterials/Substrate/GLints/dict_16_192_64_0p5_0p02_0011_0005.uasset" 7201
"../../../Engine/Content/EngineMaterials/Substrate/GLints/dict_16_192_64_0p5_0p02_0011_0006.uasset" 7202
"/Engine/EngineMaterials/Substrate/GLints/dict_16_192_64_0p5_0p02_0012_0009" 7203
"/Engine/EngineMaterials/Substrate/GLints/dict_16_192_64_0p5_0p02_0012_0010" 7204
"/Engine/EngineMaterials/Substrate/GLints/dict_16_192_64_0p5_0p02_0012_0011" 7205
"/Engine/EngineMaterials/Substrate/GLints/dict_16_192_64_0p5_0p02_0012_0012" 7206
"/Engine/EngineMaterials/Substrate/GLints/dict_16_192_64_0p5_0p02_0012_0013" 7207
"/Engine/EngineMaterials/Substrate/GLints/dict_16_192_64_0p5_0p02_0012_0014" 7208
"/Engine/EngineMaterials/Substrate/GLints/dict_16_192_64_0p5_0p02_0012_0015" 7209
"/Engine/EngineMaterials/Substrate/GLints/dict_16_192_64_0p5_0p02_0013_0000" 7210
"/Engine/EngineMaterials/Substrate/GLints/dict_16_192_64_0p5_0p02_0013_0001" 7211
"../../../Engine/Content/EngineMaterials/Substrate/GLints/dict_16_192_64_0p5_0p02_0011_0001.uasset" 7212
"../../../Engine/Content/EngineMaterials/Substrate/GLints/dict_16_192_64_0p5_0p02_0010_0015.uasset" 7213
"../../../Engine/Content/EngineMaterials/Substrate/GLints/dict_16_192_64_0p5_0p02_0011_0000.uasset" 7214
"../../../Engine/Content/EngineMaterials/Substrate/GLints/dict_16_192_64_0p5_0p02_0010_0013.uasset" 7215
"../../../Engine/Content/EngineMaterials/Substrate/GLints/dict_16_192_64_0p5_0p02_0010_0014.uasset" 7216
"/Engine/EngineMaterials/Substrate/GLints/dict_16_192_64_0p5_0p02_0011_0002" 7217
"../../../Engine/Content/EngineMaterials/Substrate/GLints/dict_16_192_64_0p5_0p02_0010_0012.uasset" 7218
"../../../Engine/Content/EngineMaterials/Substrate/GLints/dict_16_192_64_0p5_0p02_0010_0011.uasset" 7219
"../../../Engine/Content/EngineMaterials/Substrate/GLints/dict_16_192_64_0p5_0p02_0010_0009.uasset" 7220
"../../../Engine/Content/EngineMaterials/Substrate/GLints/dict_16_192_64_0p5_0p02_0010_0010.uasset" 7221
"../../../Engine/Content/EngineMaterials/Substrate/GLints/dict_16_192_64_0p5_0p02_0010_0008.uasset" 7222
"/Engine/EngineMaterials/Substrate/GLints/dict_16_192_64_0p5_0p02_0011_0003" 7223
"../../../Engine/Content/EngineMaterials/Substrate/GLints/dict_16_192_64_0p5_0p02_0010_0006.uasset" 7224
"../../../Engine/Content/EngineMaterials/Substrate/GLints/dict_16_192_64_0p5_0p02_0010_0007.uasset" 7225
"/Engine/EngineMaterials/Substrate/GLints/dict_16_192_64_0p5_0p02_0011_0004" 7226
"/Engine/EngineMaterials/Substrate/GLints/dict_16_192_64_0p5_0p02_0011_0005" 7227
"/Engine/EngineMaterials/Substrate/GLints/dict_16_192_64_0p5_0p02_0011_0006" 7228
"/Engine/EngineMaterials/Substrate/GLints/dict_16_192_64_0p5_0p02_0011_0007" 7229
"/Engine/EngineMaterials/Substrate/GLints/dict_16_192_64_0p5_0p02_0011_0008" 7230
"/Engine/EngineMaterials/Substrate/GLints/dict_16_192_64_0p5_0p02_0011_0009" 7231
"/Engine/EngineMaterials/Substrate/GLints/dict_16_192_64_0p5_0p02_0011_0010" 7232
"/Engine/EngineMaterials/Substrate/GLints/dict_16_192_64_0p5_0p02_0011_0011" 7233
"/Engine/EngineMaterials/Substrate/GLints/dict_16_192_64_0p5_0p02_0011_0012" 7234
"/Engine/EngineMaterials/Substrate/GLints/dict_16_192_64_0p5_0p02_0011_0013" 7235
"/Engine/EngineMaterials/Substrate/GLints/dict_16_192_64_0p5_0p02_0011_0014" 7236
"/Engine/EngineMaterials/Substrate/GLints/dict_16_192_64_0p5_0p02_0011_0015" 7237
"/Engine/EngineMaterials/Substrate/GLints/dict_16_192_64_0p5_0p02_0012_0000" 7238
"/Engine/EngineMaterials/Substrate/GLints/dict_16_192_64_0p5_0p02_0012_0001" 7239
"/Engine/EngineMaterials/Substrate/GLints/dict_16_192_64_0p5_0p02_0012_0002" 7240
"/Engine/EngineMaterials/Substrate/GLints/dict_16_192_64_0p5_0p02_0012_0003" 7241
"/Engine/EngineMaterials/Substrate/GLints/dict_16_192_64_0p5_0p02_0012_0004" 7242
"/Engine/EngineMaterials/Substrate/GLints/dict_16_192_64_0p5_0p02_0012_0005" 7243
"../../../Engine/Content/EngineMaterials/Substrate/GLints/dict_16_192_64_0p5_0p02_0010_0003.uasset" 7244
"../../../Engine/Content/EngineMaterials/Substrate/GLints/dict_16_192_64_0p5_0p02_0010_0002.uasset" 7245
"../../../Engine/Content/EngineMaterials/Substrate/GLints/dict_16_192_64_0p5_0p02_0010_0004.uasset" 7246
"../../../Engine/Content/EngineMaterials/Substrate/GLints/dict_16_192_64_0p5_0p02_0010_0005.uasset" 7247
"../../../Engine/Content/EngineMaterials/Substrate/GLints/dict_16_192_64_0p5_0p02_0010_0001.uasset" 7248
"/Engine/EngineMaterials/Substrate/GLints/dict_16_192_64_0p5_0p02_0010_0006" 7249
"../../../Engine/Content/EngineMaterials/Substrate/GLints/dict_16_192_64_0p5_0p02_0009_0014.uasset" 7250
"../../../Engine/Content/EngineMaterials/Substrate/GLints/dict_16_192_64_0p5_0p02_0009_0012.uasset" 7251
"../../../Engine/Content/EngineMaterials/Substrate/GLints/dict_16_192_64_0p5_0p02_0009_0013.uasset" 7252
"../../../Engine/Content/EngineMaterials/Substrate/GLints/dict_16_192_64_0p5_0p02_0010_0000.uasset" 7253
"../../../Engine/Content/EngineMaterials/Substrate/GLints/dict_16_192_64_0p5_0p02_0009_0015.uasset" 7254
"../../../Engine/Content/EngineMaterials/Substrate/GLints/dict_16_192_64_0p5_0p02_0009_0011.uasset" 7255
"../../../Engine/Content/EngineMaterials/Substrate/GLints/dict_16_192_64_0p5_0p02_0009_0007.uasset" 7256
"/Engine/EngineMaterials/Substrate/GLints/dict_16_192_64_0p5_0p02_0010_0007" 7257
"../../../Engine/Content/EngineMaterials/Substrate/GLints/dict_16_192_64_0p5_0p02_0009_0010.uasset" 7258
"../../../Engine/Content/EngineMaterials/Substrate/GLints/dict_16_192_64_0p5_0p02_0009_0005.uasset" 7259
"../../../Engine/Content/EngineMaterials/Substrate/GLints/dict_16_192_64_0p5_0p02_0009_0006.uasset" 7260
"../../../Engine/Content/EngineMaterials/Substrate/GLints/dict_16_192_64_0p5_0p02_0009_0008.uasset" 7261
"../../../Engine/Content/EngineMaterials/Substrate/GLints/dict_16_192_64_0p5_0p02_0009_0009.uasset" 7262
"../../../Engine/Content/EngineMaterials/Substrate/GLints/dict_16_192_64_0p5_0p02_0009_0004.uasset" 7263
"../../../Engine/Content/EngineMaterials/Substrate/GLints/dict_16_192_64_0p5_0p02_0009_0003.uasset" 7264
"../../../Engine/Content/EngineMaterials/Substrate/GLints/dict_16_192_64_0p5_0p02_0009_0002.uasset" 7265
"/Engine/EngineMaterials/Substrate/GLints/dict_16_192_64_0p5_0p02_0010_0008" 7266
"/Engine/EngineMaterials/Substrate/GLints/dict_16_192_64_0p5_0p02_0010_0009" 7267
"/Engine/EngineMaterials/Substrate/GLints/dict_16_192_64_0p5_0p02_0010_0010" 7268
"/Engine/EngineMaterials/Substrate/GLints/dict_16_192_64_0p5_0p02_0010_0011" 7269
"/Engine/EngineMaterials/Substrate/GLints/dict_16_192_64_0p5_0p02_0010_0012" 7270
"/Engine/EngineMaterials/Substrate/GLints/dict_16_192_64_0p5_0p02_0010_0013" 7271
"/Engine/EngineMaterials/Substrate/GLints/dict_16_192_64_0p5_0p02_0010_0014" 7272
"/Engine/EngineMaterials/Substrate/GLints/dict_16_192_64_0p5_0p02_0010_0015" 7273
"/Engine/EngineMaterials/Substrate/GLints/dict_16_192_64_0p5_0p02_0011_0000" 7274
"/Engine/EngineMaterials/Substrate/GLints/dict_16_192_64_0p5_0p02_0011_0001" 7275
"../../../Engine/Content/EngineMaterials/Substrate/GLints/dict_16_192_64_0p5_0p02_0008_0015.uasset" 7276
"../../../Engine/Content/EngineMaterials/Substrate/GLints/dict_16_192_64_0p5_0p02_0009_0001.uasset" 7277
"../../../Engine/Content/EngineMaterials/Substrate/GLints/dict_16_192_64_0p5_0p02_0008_0012.uasset" 7278
"../../../Engine/Content/EngineMaterials/Substrate/GLints/dict_16_192_64_0p5_0p02_0008_0014.uasset" 7279
"../../../Engine/Content/EngineMaterials/Substrate/GLints/dict_16_192_64_0p5_0p02_0009_0000.uasset" 7280
"../../../Engine/Content/EngineMaterials/Substrate/GLints/dict_16_192_64_0p5_0p02_0008_0009.uasset" 7281
"../../../Engine/Content/EngineMaterials/Substrate/GLints/dict_16_192_64_0p5_0p02_0008_0013.uasset" 7282
"../../../Engine/Content/EngineMaterials/Substrate/GLints/dict_16_192_64_0p5_0p02_0008_0010.uasset" 7283
"../../../Engine/Content/EngineMaterials/Substrate/GLints/dict_16_192_64_0p5_0p02_0008_0011.uasset" 7284
"/Engine/EngineMaterials/Substrate/GLints/dict_16_192_64_0p5_0p02_0009_0002" 7285
"../../../Engine/Content/EngineMaterials/Substrate/GLints/dict_16_192_64_0p5_0p02_0008_0008.uasset" 7286
"../../../Engine/Content/EngineMaterials/Substrate/GLints/dict_16_192_64_0p5_0p02_0008_0007.uasset" 7287
"../../../Engine/Content/EngineMaterials/Substrate/GLints/dict_16_192_64_0p5_0p02_0008_0006.uasset" 7288
"/Engine/EngineMaterials/Substrate/GLints/dict_16_192_64_0p5_0p02_0009_0003" 7289
"/Engine/EngineMaterials/Substrate/GLints/dict_16_192_64_0p5_0p02_0009_0004" 7290
"/Engine/EngineMaterials/Substrate/GLints/dict_16_192_64_0p5_0p02_0009_0005" 7291
"/Engine/EngineMaterials/Substrate/GLints/dict_16_192_64_0p5_0p02_0009_0006" 7292
"/Engine/EngineMaterials/Substrate/GLints/dict_16_192_64_0p5_0p02_0009_0007" 7293
"/Engine/EngineMaterials/Substrate/GLints/dict_16_192_64_0p5_0p02_0009_0008" 7294
"/Engine/EngineMaterials/Substrate/GLints/dict_16_192_64_0p5_0p02_0009_0009" 7295
"/Engine/EngineMaterials/Substrate/GLints/dict_16_192_64_0p5_0p02_0009_0010" 7296
"/Engine/EngineMaterials/Substrate/GLints/dict_16_192_64_0p5_0p02_0009_0011" 7297
"/Engine/EngineMaterials/Substrate/GLints/dict_16_192_64_0p5_0p02_0009_0012" 7298
"/Engine/EngineMaterials/Substrate/GLints/dict_16_192_64_0p5_0p02_0009_0013" 7299
"/Engine/EngineMaterials/Substrate/GLints/dict_16_192_64_0p5_0p02_0009_0014" 7300
"/Engine/EngineMaterials/Substrate/GLints/dict_16_192_64_0p5_0p02_0009_0015" 7301
"/Engine/EngineMaterials/Substrate/GLints/dict_16_192_64_0p5_0p02_0010_0000" 7302
"/Engine/EngineMaterials/Substrate/GLints/dict_16_192_64_0p5_0p02_0010_0001" 7303
"/Engine/EngineMaterials/Substrate/GLints/dict_16_192_64_0p5_0p02_0010_0002" 7304
"/Engine/EngineMaterials/Substrate/GLints/dict_16_192_64_0p5_0p02_0010_0003" 7305
"/Engine/EngineMaterials/Substrate/GLints/dict_16_192_64_0p5_0p02_0010_0004" 7306
"/Engine/EngineMaterials/Substrate/GLints/dict_16_192_64_0p5_0p02_0010_0005" 7307
"../../../Engine/Content/EngineMaterials/Substrate/GLints/dict_16_192_64_0p5_0p02_0008_0003.uasset" 7308
"../../../Engine/Content/EngineMaterials/Substrate/GLints/dict_16_192_64_0p5_0p02_0007_0014.uasset" 7309
"../../../Engine/Content/EngineMaterials/Substrate/GLints/dict_16_192_64_0p5_0p02_0007_0015.uasset" 7310
"../../../Engine/Content/EngineMaterials/Substrate/GLints/dict_16_192_64_0p5_0p02_0007_0013.uasset" 7311
"../../../Engine/Content/EngineMaterials/Substrate/GLints/dict_16_192_64_0p5_0p02_0008_0001.uasset" 7312
"../../../Engine/Content/EngineMaterials/Substrate/GLints/dict_16_192_64_0p5_0p02_0008_0002.uasset" 7313
"../../../Engine/Content/EngineMaterials/Substrate/GLints/dict_16_192_64_0p5_0p02_0008_0004.uasset" 7314
"../../../Engine/Content/EngineMaterials/Substrate/GLints/dict_16_192_64_0p5_0p02_0007_0011.uasset" 7315
"../../../Engine/Content/EngineMaterials/Substrate/GLints/dict_16_192_64_0p5_0p02_0008_0000.uasset" 7316
"../../../Engine/Content/EngineMaterials/Substrate/GLints/dict_16_192_64_0p5_0p02_0008_0005.uasset" 7317
"/Engine/EngineMaterials/Substrate/GLints/dict_16_192_64_0p5_0p02_0008_0006" 7318
"../../../Engine/Content/EngineMaterials/Substrate/GLints/dict_16_192_64_0p5_0p02_0007_0009.uasset" 7319
"../../../Engine/Content/EngineMaterials/Substrate/GLints/dict_16_192_64_0p5_0p02_0007_0010.uasset" 7320
"../../../Engine/Content/EngineMaterials/Substrate/GLints/dict_16_192_64_0p5_0p02_0007_0008.uasset" 7321
"../../../Engine/Content/EngineMaterials/Substrate/GLints/dict_16_192_64_0p5_0p02_0007_0007.uasset" 7322
"../../../Engine/Content/EngineMaterials/Substrate/GLints/dict_16_192_64_0p5_0p02_0007_0006.uasset" 7323
"../../../Engine/Content/EngineMaterials/Substrate/GLints/dict_16_192_64_0p5_0p02_0007_0012.uasset" 7324
"../../../Engine/Content/EngineMaterials/Substrate/GLints/dict_16_192_64_0p5_0p02_0007_0005.uasset" 7325
"../../../Engine/Content/EngineMaterials/Substrate/GLints/dict_16_192_64_0p5_0p02_0007_0004.uasset" 7326
"../../../Engine/Content/EngineMaterials/Substrate/GLints/dict_16_192_64_0p5_0p02_0007_0003.uasset" 7327
"../../../Engine/Content/EngineMaterials/Substrate/GLints/dict_16_192_64_0p5_0p02_0007_0002.uasset" 7328
"/Engine/EngineMaterials/Substrate/GLints/dict_16_192_64_0p5_0p02_0008_0007" 7329
"/Engine/EngineMaterials/Substrate/GLints/dict_16_192_64_0p5_0p02_0008_0008" 7330
"/Engine/EngineMaterials/Substrate/GLints/dict_16_192_64_0p5_0p02_0008_0009" 7331
"/Engine/EngineMaterials/Substrate/GLints/dict_16_192_64_0p5_0p02_0008_0010" 7332
"/Engine/EngineMaterials/Substrate/GLints/dict_16_192_64_0p5_0p02_0008_0011" 7333
"/Engine/EngineMaterials/Substrate/GLints/dict_16_192_64_0p5_0p02_0008_0012" 7334
"/Engine/EngineMaterials/Substrate/GLints/dict_16_192_64_0p5_0p02_0008_0013" 7335
"/Engine/EngineMaterials/Substrate/GLints/dict_16_192_64_0p5_0p02_0008_0014" 7336
"/Engine/EngineMaterials/Substrate/GLints/dict_16_192_64_0p5_0p02_0008_0015" 7337
"/Engine/EngineMaterials/Substrate/GLints/dict_16_192_64_0p5_0p02_0009_0000" 7338
"/Engine/EngineMaterials/Substrate/GLints/dict_16_192_64_0p5_0p02_0009_0001" 7339
"../../../Engine/Content/EngineMaterials/Substrate/GLints/dict_16_192_64_0p5_0p02_0007_0001.uasset" 7340
"/Engine/EngineMaterials/Substrate/GLints/dict_16_192_64_0p5_0p02_0007_0002" 7341
"../../../Engine/Content/EngineMaterials/Substrate/GLints/dict_16_192_64_0p5_0p02_0006_0010.uasset" 7342
"../../../Engine/Content/EngineMaterials/Substrate/GLints/dict_16_192_64_0p5_0p02_0006_0013.uasset" 7343
"../../../Engine/Content/EngineMaterials/Substrate/GLints/dict_16_192_64_0p5_0p02_0006_0009.uasset" 7344
"../../../Engine/Content/EngineMaterials/Substrate/GLints/dict_16_192_64_0p5_0p02_0007_0000.uasset" 7345
"/Engine/EngineMaterials/Substrate/GLints/dict_16_192_64_0p5_0p02_0007_0003" 7346
"../../../Engine/Content/EngineMaterials/Substrate/GLints/dict_16_192_64_0p5_0p02_0006_0015.uasset" 7347
"../../../Engine/Content/EngineMaterials/Substrate/GLints/dict_16_192_64_0p5_0p02_0006_0011.uasset" 7348
"../../../Engine/Content/EngineMaterials/Substrate/GLints/dict_16_192_64_0p5_0p02_0006_0014.uasset" 7349
"../../../Engine/Content/EngineMaterials/Substrate/GLints/dict_16_192_64_0p5_0p02_0006_0008.uasset" 7350
"../../../Engine/Content/EngineMaterials/Substrate/GLints/dict_16_192_64_0p5_0p02_0006_0012.uasset" 7351
"../../../Engine/Content/EngineMaterials/Substrate/GLints/dict_16_192_64_0p5_0p02_0006_0006.uasset" 7352
"../../../Engine/Content/EngineMaterials/Substrate/GLints/dict_16_192_64_0p5_0p02_0006_0007.uasset" 7353
"/Engine/EngineMaterials/Substrate/GLints/dict_16_192_64_0p5_0p02_0007_0004" 7354
"/Engine/EngineMaterials/Substrate/GLints/dict_16_192_64_0p5_0p02_0007_0005" 7355
"/Engine/EngineMaterials/Substrate/GLints/dict_16_192_64_0p5_0p02_0007_0006" 7356
"/Engine/EngineMaterials/Substrate/GLints/dict_16_192_64_0p5_0p02_0007_0007" 7357
"/Engine/EngineMaterials/Substrate/GLints/dict_16_192_64_0p5_0p02_0007_0008" 7358
"/Engine/EngineMaterials/Substrate/GLints/dict_16_192_64_0p5_0p02_0007_0009" 7359
"/Engine/EngineMaterials/Substrate/GLints/dict_16_192_64_0p5_0p02_0007_0010" 7360
"/Engine/EngineMaterials/Substrate/GLints/dict_16_192_64_0p5_0p02_0007_0011" 7361
"/Engine/EngineMaterials/Substrate/GLints/dict_16_192_64_0p5_0p02_0007_0012" 7362
"/Engine/EngineMaterials/Substrate/GLints/dict_16_192_64_0p5_0p02_0007_0013" 7363
"/Engine/EngineMaterials/Substrate/GLints/dict_16_192_64_0p5_0p02_0007_0014" 7364
"/Engine/EngineMaterials/Substrate/GLints/dict_16_192_64_0p5_0p02_0007_0015" 7365
"/Engine/EngineMaterials/Substrate/GLints/dict_16_192_64_0p5_0p02_0008_0000" 7366
"/Engine/EngineMaterials/Substrate/GLints/dict_16_192_64_0p5_0p02_0008_0001" 7367
"/Engine/EngineMaterials/Substrate/GLints/dict_16_192_64_0p5_0p02_0008_0002" 7368
"/Engine/EngineMaterials/Substrate/GLints/dict_16_192_64_0p5_0p02_0008_0003" 7369
"/Engine/EngineMaterials/Substrate/GLints/dict_16_192_64_0p5_0p02_0008_0004" 7370
"/Engine/EngineMaterials/Substrate/GLints/dict_16_192_64_0p5_0p02_0008_0005" 7371
"../../../Engine/Content/EngineMaterials/Substrate/GLints/dict_16_192_64_0p5_0p02_0006_0005.uasset" 7372
"/Engine/EngineMaterials/Substrate/GLints/dict_16_192_64_0p5_0p02_0006_0006" 7373
"../../../Engine/Content/EngineMaterials/Substrate/GLints/dict_16_192_64_0p5_0p02_0006_0003.uasset" 7374
"../../../Engine/Content/EngineMaterials/Substrate/GLints/dict_16_192_64_0p5_0p02_0006_0001.uasset" 7375
"../../../Engine/Content/EngineMaterials/Substrate/GLints/dict_16_192_64_0p5_0p02_0006_0002.uasset" 7376
"../../../Engine/Content/EngineMaterials/Substrate/GLints/dict_16_192_64_0p5_0p02_0006_0004.uasset" 7377
"/Engine/EngineMaterials/Substrate/GLints/dict_16_192_64_0p5_0p02_0006_0007" 7378
"../../../Engine/Content/EngineMaterials/Substrate/GLints/dict_16_192_64_0p5_0p02_0005_0013.uasset" 7379
"../../../Engine/Content/EngineMaterials/Substrate/GLints/dict_16_192_64_0p5_0p02_0006_0000.uasset" 7380
"../../../Engine/Content/EngineMaterials/Substrate/GLints/dict_16_192_64_0p5_0p02_0005_0015.uasset" 7381
"../../../Engine/Content/EngineMaterials/Substrate/GLints/dict_16_192_64_0p5_0p02_0005_0012.uasset" 7382
"../../../Engine/Content/EngineMaterials/Substrate/GLints/dict_16_192_64_0p5_0p02_0005_0010.uasset" 7383
"/Engine/EngineMaterials/Substrate/GLints/dict_16_192_64_0p5_0p02_0006_0008" 7384
"../../../Engine/Content/EngineMaterials/Substrate/GLints/dict_16_192_64_0p5_0p02_0005_0014.uasset" 7385
"../../../Engine/Content/EngineMaterials/Substrate/GLints/dict_16_192_64_0p5_0p02_0005_0011.uasset" 7386
"../../../Engine/Content/EngineMaterials/Substrate/GLints/dict_16_192_64_0p5_0p02_0005_0009.uasset" 7387
"../../../Engine/Content/EngineMaterials/Substrate/GLints/dict_16_192_64_0p5_0p02_0005_0008.uasset" 7388
"../../../Engine/Content/EngineMaterials/Substrate/GLints/dict_16_192_64_0p5_0p02_0005_0005.uasset" 7389
"/Engine/EngineMaterials/Substrate/GLints/dict_16_192_64_0p5_0p02_0006_0009" 7390
"../../../Engine/Content/EngineMaterials/Substrate/GLints/dict_16_192_64_0p5_0p02_0005_0004.uasset" 7391
"../../../Engine/Content/EngineMaterials/Substrate/GLints/dict_16_192_64_0p5_0p02_0005_0003.uasset" 7392
"../../../Engine/Content/EngineMaterials/Substrate/GLints/dict_16_192_64_0p5_0p02_0005_0007.uasset" 7393
"../../../Engine/Content/EngineMaterials/Substrate/GLints/dict_16_192_64_0p5_0p02_0005_0002.uasset" 7394
"../../../Engine/Content/EngineMaterials/Substrate/GLints/dict_16_192_64_0p5_0p02_0005_0006.uasset" 7395
"/Engine/EngineMaterials/Substrate/GLints/dict_16_192_64_0p5_0p02_0006_0010" 7396
"/Engine/EngineMaterials/Substrate/GLints/dict_16_192_64_0p5_0p02_0006_0011" 7397
"/Engine/EngineMaterials/Substrate/GLints/dict_16_192_64_0p5_0p02_0006_0012" 7398
"/Engine/EngineMaterials/Substrate/GLints/dict_16_192_64_0p5_0p02_0006_0013" 7399
"/Engine/EngineMaterials/Substrate/GLints/dict_16_192_64_0p5_0p02_0006_0014" 7400
"/Engine/EngineMaterials/Substrate/GLints/dict_16_192_64_0p5_0p02_0006_0015" 7401
"/Engine/EngineMaterials/Substrate/GLints/dict_16_192_64_0p5_0p02_0007_0000" 7402
"/Engine/EngineMaterials/Substrate/GLints/dict_16_192_64_0p5_0p02_0007_0001" 7403
"../../../Engine/Content/EngineMaterials/Substrate/GLints/dict_16_192_64_0p5_0p02_0005_0001.uasset" 7404
"../../../Engine/Content/EngineMaterials/Substrate/GLints/dict_16_192_64_0p5_0p02_0004_0014.uasset" 7405
"../../../Engine/Content/EngineMaterials/Substrate/GLints/dict_16_192_64_0p5_0p02_0004_0013.uasset" 7406
"../../../Engine/Content/EngineMaterials/Substrate/GLints/dict_16_192_64_0p5_0p02_0005_0000.uasset" 7407
"../../../Engine/Content/EngineMaterials/Substrate/GLints/dict_16_192_64_0p5_0p02_0004_0015.uasset" 7408
"/Engine/EngineMaterials/Substrate/GLints/dict_16_192_64_0p5_0p02_0005_0002" 7409
"../../../Engine/Content/EngineMaterials/Substrate/GLints/dict_16_192_64_0p5_0p02_0004_0012.uasset" 7410
"../../../Engine/Content/EngineMaterials/Substrate/GLints/dict_16_192_64_0p5_0p02_0004_0008.uasset" 7411
"../../../Engine/Content/EngineMaterials/Substrate/GLints/dict_16_192_64_0p5_0p02_0004_0009.uasset" 7412
"/Engine/EngineMaterials/Substrate/GLints/dict_16_192_64_0p5_0p02_0005_0003" 7413
"../../../Engine/Content/EngineMaterials/Substrate/GLints/dict_16_192_64_0p5_0p02_0004_0006.uasset" 7414
"../../../Engine/Content/EngineMaterials/Substrate/GLints/dict_16_192_64_0p5_0p02_0004_0011.uasset" 7415
"../../../Engine/Content/EngineMaterials/Substrate/GLints/dict_16_192_64_0p5_0p02_0004_0007.uasset" 7416
"../../../Engine/Content/EngineMaterials/Substrate/GLints/dict_16_192_64_0p5_0p02_0004_0010.uasset" 7417
"/Engine/EngineMaterials/Substrate/GLints/dict_16_192_64_0p5_0p02_0005_0004" 7418
"/Engine/EngineMaterials/Substrate/GLints/dict_16_192_64_0p5_0p02_0005_0005" 7419
"/Engine/EngineMaterials/Substrate/GLints/dict_16_192_64_0p5_0p02_0005_0006" 7420
"/Engine/EngineMaterials/Substrate/GLints/dict_16_192_64_0p5_0p02_0005_0007" 7421
"/Engine/EngineMaterials/Substrate/GLints/dict_16_192_64_0p5_0p02_0005_0008" 7422
"/Engine/EngineMaterials/Substrate/GLints/dict_16_192_64_0p5_0p02_0005_0009" 7423
"/Engine/EngineMaterials/Substrate/GLints/dict_16_192_64_0p5_0p02_0005_0010" 7424
"/Engine/EngineMaterials/Substrate/GLints/dict_16_192_64_0p5_0p02_0005_0011" 7425
"/Engine/EngineMaterials/Substrate/GLints/dict_16_192_64_0p5_0p02_0005_0012" 7426
"/Engine/EngineMaterials/Substrate/GLints/dict_16_192_64_0p5_0p02_0005_0013" 7427
"/Engine/EngineMaterials/Substrate/GLints/dict_16_192_64_0p5_0p02_0005_0014" 7428
"/Engine/EngineMaterials/Substrate/GLints/dict_16_192_64_0p5_0p02_0005_0015" 7429
"/Engine/EngineMaterials/Substrate/GLints/dict_16_192_64_0p5_0p02_0006_0000" 7430
"/Engine/EngineMaterials/Substrate/GLints/dict_16_192_64_0p5_0p02_0006_0001" 7431
"/Engine/EngineMaterials/Substrate/GLints/dict_16_192_64_0p5_0p02_0006_0002" 7432
"/Engine/EngineMaterials/Substrate/GLints/dict_16_192_64_0p5_0p02_0006_0003" 7433
"/Engine/EngineMaterials/Substrate/GLints/dict_16_192_64_0p5_0p02_0006_0004" 7434
"/Engine/EngineMaterials/Substrate/GLints/dict_16_192_64_0p5_0p02_0006_0005" 7435
"../../../Engine/Content/EngineMaterials/Substrate/GLints/dict_16_192_64_0p5_0p02_0004_0001.uasset" 7436
"../../../Engine/Content/EngineMaterials/Substrate/GLints/dict_16_192_64_0p5_0p02_0004_0003.uasset" 7437
"/Engine/EngineMaterials/Substrate/GLints/dict_16_192_64_0p5_0p02_0004_0006" 7438
"../../../Engine/Content/EngineMaterials/Substrate/GLints/dict_16_192_64_0p5_0p02_0004_0002.uasset" 7439
"../../../Engine/Content/EngineMaterials/Substrate/GLints/dict_16_192_64_0p5_0p02_0004_0005.uasset" 7440
"../../../Engine/Content/EngineMaterials/Substrate/GLints/dict_16_192_64_0p5_0p02_0003_0015.uasset" 7441
"../../../Engine/Content/EngineMaterials/Substrate/GLints/dict_16_192_64_0p5_0p02_0003_0014.uasset" 7442
"../../../Engine/Content/EngineMaterials/Substrate/GLints/dict_16_192_64_0p5_0p02_0004_0004.uasset" 7443
"../../../Engine/Content/EngineMaterials/Substrate/GLints/dict_16_192_64_0p5_0p02_0004_0000.uasset" 7444
"../../../Engine/Content/EngineMaterials/Substrate/GLints/dict_16_192_64_0p5_0p02_0003_0013.uasset" 7445
"../../../Engine/Content/EngineMaterials/Substrate/GLints/dict_16_192_64_0p5_0p02_0003_0012.uasset" 7446
"../../../Engine/Content/EngineMaterials/Substrate/GLints/dict_16_192_64_0p5_0p02_0003_0007.uasset" 7447
"../../../Engine/Content/EngineMaterials/Substrate/GLints/dict_16_192_64_0p5_0p02_0003_0010.uasset" 7448
"/Engine/EngineMaterials/Substrate/GLints/dict_16_192_64_0p5_0p02_0004_0007" 7449
"../../../Engine/Content/EngineMaterials/Substrate/GLints/dict_16_192_64_0p5_0p02_0003_0011.uasset" 7450
"../../../Engine/Content/EngineMaterials/Substrate/GLints/dict_16_192_64_0p5_0p02_0003_0006.uasset" 7451
"../../../Engine/Content/EngineMaterials/Substrate/GLints/dict_16_192_64_0p5_0p02_0003_0009.uasset" 7452
"../../../Engine/Content/EngineMaterials/Substrate/GLints/dict_16_192_64_0p5_0p02_0003_0005.uasset" 7453
"../../../Engine/Content/EngineMaterials/Substrate/GLints/dict_16_192_64_0p5_0p02_0003_0008.uasset" 7454
"/Engine/EngineMaterials/Substrate/GLints/dict_16_192_64_0p5_0p02_0004_0008" 7455
"../../../Engine/Content/EngineMaterials/Substrate/GLints/dict_16_192_64_0p5_0p02_0003_0004.uasset" 7456
"../../../Engine/Content/EngineMaterials/Substrate/GLints/dict_16_192_64_0p5_0p02_0003_0002.uasset" 7457
"../../../Engine/Content/EngineMaterials/Substrate/GLints/dict_16_192_64_0p5_0p02_0003_0003.uasset" 7458
"/Engine/EngineMaterials/Substrate/GLints/dict_16_192_64_0p5_0p02_0004_0009" 7459
"/Engine/EngineMaterials/Substrate/GLints/dict_16_192_64_0p5_0p02_0004_0010" 7460
"/Engine/EngineMaterials/Substrate/GLints/dict_16_192_64_0p5_0p02_0004_0011" 7461
"/Engine/EngineMaterials/Substrate/GLints/dict_16_192_64_0p5_0p02_0004_0012" 7462
"/Engine/EngineMaterials/Substrate/GLints/dict_16_192_64_0p5_0p02_0004_0013" 7463
"/Engine/EngineMaterials/Substrate/GLints/dict_16_192_64_0p5_0p02_0004_0014" 7464
"/Engine/EngineMaterials/Substrate/GLints/dict_16_192_64_0p5_0p02_0004_0015" 7465
"/Engine/EngineMaterials/Substrate/GLints/dict_16_192_64_0p5_0p02_0005_0000" 7466
"/Engine/EngineMaterials/Substrate/GLints/dict_16_192_64_0p5_0p02_0005_0001" 7467
"../../../Engine/Content/EngineMaterials/Substrate/GLints/dict_16_192_64_0p5_0p02_0002_0009.uasset" 7468
"../../../Engine/Content/EngineMaterials/Substrate/GLints/dict_16_192_64_0p5_0p02_0002_0013.uasset" 7469
"../../../Engine/Content/EngineMaterials/Substrate/GLints/dict_16_192_64_0p5_0p02_0002_0014.uasset" 7470
"../../../Engine/Content/EngineMaterials/Substrate/GLints/dict_16_192_64_0p5_0p02_0002_0010.uasset" 7471
"../../../Engine/Content/EngineMaterials/Substrate/GLints/dict_16_192_64_0p5_0p02_0002_0011.uasset" 7472
"../../../Engine/Content/EngineMaterials/Substrate/GLints/dict_16_192_64_0p5_0p02_0003_0000.uasset" 7473
"../../../Engine/Content/EngineMaterials/Substrate/GLints/dict_16_192_64_0p5_0p02_0002_0012.uasset" 7474
"../../../Engine/Content/EngineMaterials/Substrate/GLints/dict_16_192_64_0p5_0p02_0002_0015.uasset" 7475
"/Engine/EngineMaterials/Substrate/GLints/dict_16_192_64_0p5_0p02_0003_0002" 7476
"../../../Engine/Content/EngineMaterials/Substrate/GLints/dict_16_192_64_0p5_0p02_0003_0001.uasset" 7477
"../../../Engine/Content/EngineMaterials/Substrate/GLints/dict_16_192_64_0p5_0p02_0002_0006.uasset" 7478
"../../../Engine/Content/EngineMaterials/Substrate/GLints/dict_16_192_64_0p5_0p02_0002_0008.uasset" 7479
"../../../Engine/Content/EngineMaterials/Substrate/GLints/dict_16_192_64_0p5_0p02_0002_0007.uasset" 7480
"/Engine/EngineMaterials/Substrate/GLints/dict_16_192_64_0p5_0p02_0003_0003" 7481
"/Engine/EngineMaterials/Substrate/GLints/dict_16_192_64_0p5_0p02_0003_0004" 7482
"/Engine/EngineMaterials/Substrate/GLints/dict_16_192_64_0p5_0p02_0003_0005" 7483
"/Engine/EngineMaterials/Substrate/GLints/dict_16_192_64_0p5_0p02_0003_0006" 7484
"/Engine/EngineMaterials/Substrate/GLints/dict_16_192_64_0p5_0p02_0003_0007" 7485
"/Engine/EngineMaterials/Substrate/GLints/dict_16_192_64_0p5_0p02_0003_0008" 7486
"/Engine/EngineMaterials/Substrate/GLints/dict_16_192_64_0p5_0p02_0003_0009" 7487
"/Engine/EngineMaterials/Substrate/GLints/dict_16_192_64_0p5_0p02_0003_0010" 7488
"/Engine/EngineMaterials/Substrate/GLints/dict_16_192_64_0p5_0p02_0003_0011" 7489
"/Engine/EngineMaterials/Substrate/GLints/dict_16_192_64_0p5_0p02_0003_0012" 7490
"/Engine/EngineMaterials/Substrate/GLints/dict_16_192_64_0p5_0p02_0003_0013" 7491
"/Engine/EngineMaterials/Substrate/GLints/dict_16_192_64_0p5_0p02_0003_0014" 7492
"/Engine/EngineMaterials/Substrate/GLints/dict_16_192_64_0p5_0p02_0003_0015" 7493
"/Engine/EngineMaterials/Substrate/GLints/dict_16_192_64_0p5_0p02_0004_0000" 7494
"/Engine/EngineMaterials/Substrate/GLints/dict_16_192_64_0p5_0p02_0004_0001" 7495
"/Engine/EngineMaterials/Substrate/GLints/dict_16_192_64_0p5_0p02_0004_0002" 7496
"/Engine/EngineMaterials/Substrate/GLints/dict_16_192_64_0p5_0p02_0004_0003" 7497
"/Engine/EngineMaterials/Substrate/GLints/dict_16_192_64_0p5_0p02_0004_0004" 7498
"/Engine/EngineMaterials/Substrate/GLints/dict_16_192_64_0p5_0p02_0004_0005" 7499
"../../../Engine/Content/EngineMaterials/Substrate/GLints/dict_16_192_64_0p5_0p02_0002_0004.uasset" 7500
"../../../Engine/Content/EngineMaterials/Substrate/GLints/dict_16_192_64_0p5_0p02_0001_0015.uasset" 7501
"../../../Engine/Content/EngineMaterials/Substrate/GLints/dict_16_192_64_0p5_0p02_0001_0014.uasset" 7502
"../../../Engine/Content/EngineMaterials/Substrate/GLints/dict_16_192_64_0p5_0p02_0002_0002.uasset" 7503
"../../../Engine/Content/EngineMaterials/Substrate/GLints/dict_16_192_64_0p5_0p02_0002_0000.uasset" 7504
"../../../Engine/Content/EngineMaterials/Substrate/GLints/dict_16_192_64_0p5_0p02_0001_0013.uasset" 7505
"../../../Engine/Content/EngineMaterials/Substrate/GLints/dict_16_192_64_0p5_0p02_0002_0001.uasset" 7506
"../../../Engine/Content/EngineMaterials/Substrate/GLints/dict_16_192_64_0p5_0p02_0002_0003.uasset" 7507
"../../../Engine/Content/EngineMaterials/Substrate/GLints/dict_16_192_64_0p5_0p02_0001_0011.uasset" 7508
"../../../Engine/Content/EngineMaterials/Substrate/GLints/dict_16_192_64_0p5_0p02_0002_0005.uasset" 7509
"../../../Engine/Content/EngineMaterials/Substrate/GLints/dict_16_192_64_0p5_0p02_0001_0012.uasset" 7510
"/Engine/EngineMaterials/Substrate/GLints/dict_16_192_64_0p5_0p02_0002_0006" 7511
"../../../Engine/Content/EngineMaterials/Substrate/GLints/dict_16_192_64_0p5_0p02_0001_0010.uasset" 7512
"../../../Engine/Content/EngineMaterials/Substrate/GLints/dict_16_192_64_0p5_0p02_0001_0009.uasset" 7513
"../../../Engine/Content/EngineMaterials/Substrate/GLints/dict_16_192_64_0p5_0p02_0001_0008.uasset" 7514
"../../../Engine/Content/EngineMaterials/Substrate/GLints/dict_16_192_64_0p5_0p02_0001_0007.uasset" 7515
"../../../Engine/Content/EngineMaterials/Substrate/GLints/dict_16_192_64_0p5_0p02_0001_0006.uasset" 7516
"/Engine/EngineMaterials/Substrate/GLints/dict_16_192_64_0p5_0p02_0002_0007" 7517
"../../../Engine/Content/EngineMaterials/Substrate/GLints/dict_16_192_64_0p5_0p02_0001_0005.uasset" 7518
"../../../Engine/Content/EngineMaterials/Substrate/GLints/dict_16_192_64_0p5_0p02_0001_0003.uasset" 7519
"../../../Engine/Content/EngineMaterials/Substrate/GLints/dict_16_192_64_0p5_0p02_0001_0004.uasset" 7520
"../../../Engine/Content/EngineMaterials/Substrate/GLints/dict_16_192_64_0p5_0p02_0001_0002.uasset" 7521
"/Engine/EngineMaterials/Substrate/GLints/dict_16_192_64_0p5_0p02_0002_0008" 7522
"/Engine/EngineMaterials/Substrate/GLints/dict_16_192_64_0p5_0p02_0002_0009" 7523
"/Engine/EngineMaterials/Substrate/GLints/dict_16_192_64_0p5_0p02_0002_0010" 7524
"/Engine/EngineMaterials/Substrate/GLints/dict_16_192_64_0p5_0p02_0002_0011" 7525
"/Engine/EngineMaterials/Substrate/GLints/dict_16_192_64_0p5_0p02_0002_0012" 7526
"/Engine/EngineMaterials/Substrate/GLints/dict_16_192_64_0p5_0p02_0002_0013" 7527
"/Engine/EngineMaterials/Substrate/GLints/dict_16_192_64_0p5_0p02_0002_0014" 7528
"/Engine/EngineMaterials/Substrate/GLints/dict_16_192_64_0p5_0p02_0002_0015" 7529
"/Engine/EngineMaterials/Substrate/GLints/dict_16_192_64_0p5_0p02_0003_0000" 7530
"/Engine/EngineMaterials/Substrate/GLints/dict_16_192_64_0p5_0p02_0003_0001" 7531
"../../../Engine/Content/EngineMaterials/Substrate/GLints/dict_16_192_64_0p5_0p02_0001_0001.uasset" 7532
"/Engine/EngineMaterials/Substrate/GLints/dict_16_192_64_0p5_0p02_0001_0002" 7533
"../../../Engine/Content/EngineMaterials/Substrate/GLints/dict_16_192_64_0p5_0p02_0001_0000.uasset" 7534
"../../../Engine/Content/EngineMaterials/Substrate/GLints/dict_16_192_64_0p5_0p02_0000_0013.uasset" 7535
"../../../Engine/Content/EngineMaterials/Substrate/GLints/dict_16_192_64_0p5_0p02_0000_0012.uasset" 7536
"../../../Engine/Content/EngineMaterials/Substrate/GLints/dict_16_192_64_0p5_0p02_0000_0011.uasset" 7537
"../../../Engine/Content/EngineMaterials/Substrate/GLints/dict_16_192_64_0p5_0p02_0000_0015.uasset" 7538
"../../../Engine/Content/EngineMaterials/Substrate/GLints/dict_16_192_64_0p5_0p02_0000_0014.uasset" 7539
"../../../Engine/Content/EngineMaterials/Substrate/GLints/dict_16_192_64_0p5_0p02_0000_0010.uasset" 7540
"../../../Engine/Content/EngineMaterials/Substrate/GLints/dict_16_192_64_0p5_0p02_0000_0009.uasset" 7541
"../../../Engine/Content/EngineMaterials/Substrate/GLints/dict_16_192_64_0p5_0p02_0000_0007.uasset" 7542
"/Engine/EngineMaterials/Substrate/GLints/dict_16_192_64_0p5_0p02_0001_0003" 7543
"../../../Engine/Content/EngineMaterials/Substrate/GLints/dict_16_192_64_0p5_0p02_0000_0008.uasset" 7544
"../../../Engine/Content/EngineMaterials/Substrate/GLints/dict_16_192_64_0p5_0p02_0000_0006.uasset" 7545
"/Engine/EngineMaterials/Substrate/GLints/dict_16_192_64_0p5_0p02_0001_0004" 7546
"/Engine/EngineMaterials/Substrate/GLints/dict_16_192_64_0p5_0p02_0001_0005" 7547
"/Engine/EngineMaterials/Substrate/GLints/dict_16_192_64_0p5_0p02_0001_0006" 7548
"/Engine/EngineMaterials/Substrate/GLints/dict_16_192_64_0p5_0p02_0001_0007" 7549
"/Engine/EngineMaterials/Substrate/GLints/dict_16_192_64_0p5_0p02_0001_0008" 7550
"/Engine/EngineMaterials/Substrate/GLints/dict_16_192_64_0p5_0p02_0001_0009" 7551
"/Engine/EngineMaterials/Substrate/GLints/dict_16_192_64_0p5_0p02_0001_0010" 7552
"/Engine/EngineMaterials/Substrate/GLints/dict_16_192_64_0p5_0p02_0001_0011" 7553
"/Engine/EngineMaterials/Substrate/GLints/dict_16_192_64_0p5_0p02_0001_0012" 7554
"/Engine/EngineMaterials/Substrate/GLints/dict_16_192_64_0p5_0p02_0001_0013" 7555
"/Engine/EngineMaterials/Substrate/GLints/dict_16_192_64_0p5_0p02_0001_0014" 7556
"/Engine/EngineMaterials/Substrate/GLints/dict_16_192_64_0p5_0p02_0001_0015" 7557
"/Engine/EngineMaterials/Substrate/GLints/dict_16_192_64_0p5_0p02_0002_0000" 7558
"/Engine/EngineMaterials/Substrate/GLints/dict_16_192_64_0p5_0p02_0002_0001" 7559
"/Engine/EngineMaterials/Substrate/GLints/dict_16_192_64_0p5_0p02_0002_0002" 7560
"/Engine/EngineMaterials/Substrate/GLints/dict_16_192_64_0p5_0p02_0002_0003" 7561
"/Engine/EngineMaterials/Substrate/GLints/dict_16_192_64_0p5_0p02_0002_0004" 7562
"/Engine/EngineMaterials/Substrate/GLints/dict_16_192_64_0p5_0p02_0002_0005" 7563
"/Engine/EngineMaterials/Substrate/GLints/dict_16_192_64_0p5_0p02_0000_0006" 7564
"../../../Engine/Content/EngineMaterials/Substrate/GLints/dict_16_192_64_0p5_0p02_0000_0005.uasset" 7565
"../../../Engine/Content/EngineMaterials/Substrate/GLints/dict_16_192_64_0p5_0p02_0000_0002.uasset" 7566
"../../../Engine/Content/EngineMaterials/Substrate/GLints/dict_16_192_64_0p5_0p02_0000_0003.uasset" 7567
"../../../Engine/Content/EngineMaterials/Substrate/GLints/dict_16_192_64_0p5_0p02_0000_0004.uasset" 7568
"../../../Engine/Content/EngineMaterials/Substrate/GLints/AGlintTex2dArray.uasset" 7569
"../../../Engine/Content/EngineMaterials/Substrate/GLints/dict_16_192_64_0p5_0p02_0000_0001.uasset" 7570
"/Engine/EngineMaterials/Substrate/GLints/dict_16_192_64_0p5_0p02_0000_0007" 7571
"../../../Engine/Content/EngineMaterials/Substrate/GLints/dict_16_192_64_0p5_0p02_0000_0000.uasset" 7572
"../../../Engine/Content/EngineMaterials/Substrate/Glints2/dict_0007_0247.uasset" 7573
"../../../Engine/Content/EngineMaterials/Substrate/Glints2/dict_0007_0250.uasset" 7574
"../../../Engine/Content/EngineMaterials/Substrate/Glints2/dict_0007_0251.uasset" 7575
"../../../Engine/Content/EngineMaterials/Substrate/Glints2/dict_0007_0248.uasset" 7576
"../../../Engine/Content/EngineMaterials/Substrate/Glints2/dict_0007_0254.uasset" 7577
"../../../Engine/Content/EngineMaterials/Substrate/Glints2/dict_0007_0255.uasset" 7578
"../../../Engine/Content/EngineMaterials/Substrate/Glints2/dict_0007_0253.uasset" 7579
"../../../Engine/Content/EngineMaterials/Substrate/Glints2/dict_0007_0249.uasset" 7580
"../../../Engine/Content/EngineMaterials/Substrate/Glints2/dict_0007_0252.uasset" 7581
"../../../Engine/Content/EngineMaterials/Substrate/Glints2/dict_0007_0245.uasset" 7582
"../../../Engine/Content/EngineMaterials/Substrate/Glints2/dict_0007_0246.uasset" 7583
"/Engine/EngineMaterials/Substrate/GLints/dict_16_192_64_0p5_0p02_0000_0008" 7584
"../../../Engine/Content/EngineMaterials/Substrate/Glints2/dict_0007_0244.uasset" 7585
"/Engine/EngineMaterials/Substrate/GLints/dict_16_192_64_0p5_0p02_0000_0009" 7586
"/Engine/EngineMaterials/Substrate/GLints/dict_16_192_64_0p5_0p02_0000_0010" 7587
"../../../Engine/Content/EngineMaterials/Substrate/Glints2/dict_0007_0243.uasset" 7588
"/Engine/EngineMaterials/Substrate/GLints/dict_16_192_64_0p5_0p02_0000_0011" 7589
"/Engine/EngineMaterials/Substrate/GLints/dict_16_192_64_0p5_0p02_0000_0012" 7590
"/Engine/EngineMaterials/Substrate/GLints/dict_16_192_64_0p5_0p02_0000_0013" 7591
"/Engine/EngineMaterials/Substrate/GLints/dict_16_192_64_0p5_0p02_0000_0014" 7592
"/Engine/EngineMaterials/Substrate/GLints/dict_16_192_64_0p5_0p02_0000_0015" 7593
"/Engine/EngineMaterials/Substrate/GLints/dict_16_192_64_0p5_0p02_0001_0000" 7594
"/Engine/EngineMaterials/Substrate/GLints/dict_16_192_64_0p5_0p02_0001_0001" 7595
"../../../Engine/Content/EngineMaterials/Substrate/Glints2/dict_0007_0237.uasset" 7596
"../../../Engine/Content/EngineMaterials/Substrate/Glints2/dict_0007_0240.uasset" 7597
"../../../Engine/Content/EngineMaterials/Substrate/Glints2/dict_0007_0241.uasset" 7598
"../../../Engine/Content/EngineMaterials/Substrate/Glints2/dict_0007_0231.uasset" 7599
"../../../Engine/Content/EngineMaterials/Substrate/Glints2/dict_0007_0242.uasset" 7600
"../../../Engine/Content/EngineMaterials/Substrate/Glints2/dict_0007_0239.uasset" 7601
"../../../Engine/Content/EngineMaterials/Substrate/Glints2/dict_0007_0235.uasset" 7602
"/Engine/EngineMaterials/Substrate/Glints2/dict_0007_0243" 7603
"../../../Engine/Content/EngineMaterials/Substrate/Glints2/dict_0007_0233.uasset" 7604
"../../../Engine/Content/EngineMaterials/Substrate/Glints2/dict_0007_0234.uasset" 7605
"../../../Engine/Content/EngineMaterials/Substrate/Glints2/dict_0007_0232.uasset" 7606
"../../../Engine/Content/EngineMaterials/Substrate/Glints2/dict_0007_0238.uasset" 7607
"../../../Engine/Content/EngineMaterials/Substrate/Glints2/dict_0007_0236.uasset" 7608
"/Engine/EngineMaterials/Substrate/Glints2/dict_0007_0244" 7609
"/Engine/EngineMaterials/Substrate/Glints2/dict_0007_0245" 7610
"/Engine/EngineMaterials/Substrate/Glints2/dict_0007_0246" 7611
"/Engine/EngineMaterials/Substrate/Glints2/dict_0007_0247" 7612
"/Engine/EngineMaterials/Substrate/Glints2/dict_0007_0248" 7613
"/Engine/EngineMaterials/Substrate/Glints2/dict_0007_0249" 7614
"/Engine/EngineMaterials/Substrate/Glints2/dict_0007_0250" 7615
"/Engine/EngineMaterials/Substrate/Glints2/dict_0007_0251" 7616
"/Engine/EngineMaterials/Substrate/Glints2/dict_0007_0252" 7617
"/Engine/EngineMaterials/Substrate/Glints2/dict_0007_0253" 7618
"/Engine/EngineMaterials/Substrate/Glints2/dict_0007_0254" 7619
"/Engine/EngineMaterials/Substrate/Glints2/dict_0007_0255" 7620
"/Engine/EngineMaterials/Substrate/GLints/AGlintTex2dArray" 7621
"../../../Engine/Content/EngineMaterials/Substrate/Glints2/dict_0007_0230.uasset" 7622
"../../../Engine/Content/EngineMaterials/Substrate/Glints2/dict_0007_0227.uasset" 7623
"../../../Engine/Content/EngineMaterials/Substrate/Glints2/dict_0007_0225.uasset" 7624
"../../../Engine/Content/EngineMaterials/Substrate/Glints2/dict_0007_0222.uasset" 7625
"../../../Engine/Content/EngineMaterials/Substrate/Glints2/dict_0007_0228.uasset" 7626
"../../../Engine/Content/EngineMaterials/Substrate/Glints2/dict_0007_0221.uasset" 7627
"/Engine/EngineMaterials/Substrate/Glints2/dict_0007_0231" 7628
"../../../Engine/Content/EngineMaterials/Substrate/Glints2/dict_0007_0224.uasset" 7629
"../../../Engine/Content/EngineMaterials/Substrate/Glints2/dict_0007_0220.uasset" 7630
"../../../Engine/Content/EngineMaterials/Substrate/Glints2/dict_0007_0219.uasset" 7631
"../../../Engine/Content/EngineMaterials/Substrate/Glints2/dict_0007_0229.uasset" 7632
"../../../Engine/Content/EngineMaterials/Substrate/Glints2/dict_0007_0226.uasset" 7633
"/Engine/EngineMaterials/Substrate/Glints2/dict_0007_0232" 7634
"../../../Engine/Content/EngineMaterials/Substrate/Glints2/dict_0007_0216.uasset" 7635
"../../../Engine/Content/EngineMaterials/Substrate/Glints2/dict_0007_0215.uasset" 7636
"../../../Engine/Content/EngineMaterials/Substrate/Glints2/dict_0007_0214.uasset" 7637
"../../../Engine/Content/EngineMaterials/Substrate/Glints2/dict_0007_0223.uasset" 7638
"/Engine/EngineMaterials/Substrate/Glints2/dict_0007_0233" 7639
"../../../Engine/Content/EngineMaterials/Substrate/Glints2/dict_0007_0218.uasset" 7640
"../../../Engine/Content/EngineMaterials/Substrate/Glints2/dict_0007_0217.uasset" 7641
"../../../Engine/Content/EngineMaterials/Substrate/Glints2/dict_0007_0213.uasset" 7642
"../../../Engine/Content/EngineMaterials/Substrate/Glints2/dict_0007_0211.uasset" 7643
"../../../Engine/Content/EngineMaterials/Substrate/Glints2/dict_0007_0212.uasset" 7644
"/Engine/EngineMaterials/Substrate/Glints2/dict_0007_0234" 7645
"/Engine/EngineMaterials/Substrate/Glints2/dict_0007_0235" 7646
"/Engine/EngineMaterials/Substrate/Glints2/dict_0007_0236" 7647
"/Engine/EngineMaterials/Substrate/Glints2/dict_0007_0237" 7648
"/Engine/EngineMaterials/Substrate/Glints2/dict_0007_0238" 7649
"/Engine/EngineMaterials/Substrate/Glints2/dict_0007_0239" 7650
"/Engine/EngineMaterials/Substrate/Glints2/dict_0007_0240" 7651
"/Engine/EngineMaterials/Substrate/Glints2/dict_0007_0241" 7652
"/Engine/EngineMaterials/Substrate/Glints2/dict_0007_0242" 7653
"../../../Engine/Content/EngineMaterials/Substrate/Glints2/dict_0007_0210.uasset" 7654
"../../../Engine/Content/EngineMaterials/Substrate/Glints2/dict_0007_0203.uasset" 7655
"../../../Engine/Content/EngineMaterials/Substrate/Glints2/dict_0007_0209.uasset" 7656
"../../../Engine/Content/EngineMaterials/Substrate/Glints2/dict_0007_0204.uasset" 7657
"../../../Engine/Content/EngineMaterials/Substrate/Glints2/dict_0007_0206.uasset" 7658
"../../../Engine/Content/EngineMaterials/Substrate/Glints2/dict_0007_0199.uasset" 7659
"../../../Engine/Content/EngineMaterials/Substrate/Glints2/dict_0007_0208.uasset" 7660
"../../../Engine/Content/EngineMaterials/Substrate/Glints2/dict_0007_0207.uasset" 7661
"../../../Engine/Content/EngineMaterials/Substrate/Glints2/dict_0007_0201.uasset" 7662
"../../../Engine/Content/EngineMaterials/Substrate/Glints2/dict_0007_0205.uasset" 7663
"../../../Engine/Content/EngineMaterials/Substrate/Glints2/dict_0007_0202.uasset" 7664
"../../../Engine/Content/EngineMaterials/Substrate/Glints2/dict_0007_0200.uasset" 7665
"/Engine/EngineMaterials/Substrate/Glints2/dict_0007_0211" 7666
"/Engine/EngineMaterials/Substrate/Glints2/dict_0007_0212" 7667
"/Engine/EngineMaterials/Substrate/Glints2/dict_0007_0213" 7668
"/Engine/EngineMaterials/Substrate/Glints2/dict_0007_0214" 7669
"/Engine/EngineMaterials/Substrate/Glints2/dict_0007_0215" 7670
"/Engine/EngineMaterials/Substrate/Glints2/dict_0007_0216" 7671
"/Engine/EngineMaterials/Substrate/Glints2/dict_0007_0217" 7672
"/Engine/EngineMaterials/Substrate/Glints2/dict_0007_0218" 7673
"/Engine/EngineMaterials/Substrate/Glints2/dict_0007_0219" 7674
"/Engine/EngineMaterials/Substrate/Glints2/dict_0007_0220" 7675
"/Engine/EngineMaterials/Substrate/Glints2/dict_0007_0221" 7676
"/Engine/EngineMaterials/Substrate/Glints2/dict_0007_0222" 7677
"/Engine/EngineMaterials/Substrate/Glints2/dict_0007_0223" 7678
"/Engine/EngineMaterials/Substrate/Glints2/dict_0007_0224" 7679
"/Engine/EngineMaterials/Substrate/Glints2/dict_0007_0225" 7680
"/Engine/EngineMaterials/Substrate/Glints2/dict_0007_0226" 7681
"/Engine/EngineMaterials/Substrate/Glints2/dict_0007_0227" 7682
"/Engine/EngineMaterials/Substrate/Glints2/dict_0007_0228" 7683
"/Engine/EngineMaterials/Substrate/Glints2/dict_0007_0229" 7684
"/Engine/EngineMaterials/Substrate/Glints2/dict_0007_0230" 7685
"../../../Engine/Content/EngineMaterials/Substrate/Glints2/dict_0007_0198.uasset" 7686
"/Engine/EngineMaterials/Substrate/Glints2/dict_0007_0199" 7687
"../../../Engine/Content/EngineMaterials/Substrate/Glints2/dict_0007_0197.uasset" 7688
"../../../Engine/Content/EngineMaterials/Substrate/Glints2/dict_0007_0195.uasset" 7689
"../../../Engine/Content/EngineMaterials/Substrate/Glints2/dict_0007_0196.uasset" 7690
"/Engine/EngineMaterials/Substrate/Glints2/dict_0007_0200" 7691
"../../../Engine/Content/EngineMaterials/Substrate/Glints2/dict_0007_0193.uasset" 7692
"../../../Engine/Content/EngineMaterials/Substrate/Glints2/dict_0007_0191.uasset" 7693
"../../../Engine/Content/EngineMaterials/Substrate/Glints2/dict_0007_0194.uasset" 7694
"../../../Engine/Content/EngineMaterials/Substrate/Glints2/dict_0007_0184.uasset" 7695
"../../../Engine/Content/EngineMaterials/Substrate/Glints2/dict_0007_0192.uasset" 7696
"../../../Engine/Content/EngineMaterials/Substrate/Glints2/dict_0007_0189.uasset" 7697
"../../../Engine/Content/EngineMaterials/Substrate/Glints2/dict_0007_0183.uasset" 7698
"../../../Engine/Content/EngineMaterials/Substrate/Glints2/dict_0007_0190.uasset" 7699
"/Engine/EngineMaterials/Substrate/Glints2/dict_0007_0201" 7700
"../../../Engine/Content/EngineMaterials/Substrate/Glints2/dict_0007_0188.uasset" 7701
"../../../Engine/Content/EngineMaterials/Substrate/Glints2/dict_0007_0187.uasset" 7702
"../../../Engine/Content/EngineMaterials/Substrate/Glints2/dict_0007_0182.uasset" 7703
"../../../Engine/Content/EngineMaterials/Substrate/Glints2/dict_0007_0185.uasset" 7704
"../../../Engine/Content/EngineMaterials/Substrate/Glints2/dict_0007_0186.uasset" 7705
"/Engine/EngineMaterials/Substrate/Glints2/dict_0007_0202" 7706
"../../../Engine/Content/EngineMaterials/Substrate/Glints2/dict_0007_0179.uasset" 7707
"../../../Engine/Content/EngineMaterials/Substrate/Glints2/dict_0007_0181.uasset" 7708
"/Engine/EngineMaterials/Substrate/Glints2/dict_0007_0203" 7709
"../../../Engine/Content/EngineMaterials/Substrate/Glints2/dict_0007_0180.uasset" 7710
"/Engine/EngineMaterials/Substrate/Glints2/dict_0007_0204" 7711
"/Engine/EngineMaterials/Substrate/Glints2/dict_0007_0205" 7712
"/Engine/EngineMaterials/Substrate/Glints2/dict_0007_0206" 7713
"/Engine/EngineMaterials/Substrate/Glints2/dict_0007_0207" 7714
"/Engine/EngineMaterials/Substrate/Glints2/dict_0007_0208" 7715
"/Engine/EngineMaterials/Substrate/Glints2/dict_0007_0209" 7716
"/Engine/EngineMaterials/Substrate/Glints2/dict_0007_0210" 7717
"../../../Engine/Content/EngineMaterials/Substrate/Glints2/dict_0007_0176.uasset" 7718
"../../../Engine/Content/EngineMaterials/Substrate/Glints2/dict_0007_0171.uasset" 7719
"../../../Engine/Content/EngineMaterials/Substrate/Glints2/dict_0007_0170.uasset" 7720
"../../../Engine/Content/EngineMaterials/Substrate/Glints2/dict_0007_0175.uasset" 7721
"../../../Engine/Content/EngineMaterials/Substrate/Glints2/dict_0007_0172.uasset" 7722
"../../../Engine/Content/EngineMaterials/Substrate/Glints2/dict_0007_0174.uasset" 7723
"../../../Engine/Content/EngineMaterials/Substrate/Glints2/dict_0007_0177.uasset" 7724
"../../../Engine/Content/EngineMaterials/Substrate/Glints2/dict_0007_0178.uasset" 7725
"../../../Engine/Content/EngineMaterials/Substrate/Glints2/dict_0007_0167.uasset" 7726
"../../../Engine/Content/EngineMaterials/Substrate/Glints2/dict_0007_0169.uasset" 7727
"../../../Engine/Content/EngineMaterials/Substrate/Glints2/dict_0007_0168.uasset" 7728
"/Engine/EngineMaterials/Substrate/Glints2/dict_0007_0179" 7729
"../../../Engine/Content/EngineMaterials/Substrate/Glints2/dict_0007_0173.uasset" 7730
"/Engine/EngineMaterials/Substrate/Glints2/dict_0007_0180" 7731
"/Engine/EngineMaterials/Substrate/Glints2/dict_0007_0181" 7732
"/Engine/EngineMaterials/Substrate/Glints2/dict_0007_0182" 7733
"/Engine/EngineMaterials/Substrate/Glints2/dict_0007_0183" 7734
"/Engine/EngineMaterials/Substrate/Glints2/dict_0007_0184" 7735
"/Engine/EngineMaterials/Substrate/Glints2/dict_0007_0185" 7736
"/Engine/EngineMaterials/Substrate/Glints2/dict_0007_0186" 7737
"/Engine/EngineMaterials/Substrate/Glints2/dict_0007_0187" 7738
"/Engine/EngineMaterials/Substrate/Glints2/dict_0007_0188" 7739
"/Engine/EngineMaterials/Substrate/Glints2/dict_0007_0189" 7740
"/Engine/EngineMaterials/Substrate/Glints2/dict_0007_0190" 7741
"/Engine/EngineMaterials/Substrate/Glints2/dict_0007_0191" 7742
"/Engine/EngineMaterials/Substrate/Glints2/dict_0007_0192" 7743
"/Engine/EngineMaterials/Substrate/Glints2/dict_0007_0193" 7744
"/Engine/EngineMaterials/Substrate/Glints2/dict_0007_0194" 7745
"/Engine/EngineMaterials/Substrate/Glints2/dict_0007_0195" 7746
"/Engine/EngineMaterials/Substrate/Glints2/dict_0007_0196" 7747
"/Engine/EngineMaterials/Substrate/Glints2/dict_0007_0197" 7748
"/Engine/EngineMaterials/Substrate/Glints2/dict_0007_0198" 7749
"../../../Engine/Content/EngineMaterials/Substrate/Glints2/dict_0007_0166.uasset" 7750
"/Engine/EngineMaterials/Substrate/Glints2/dict_0007_0167" 7751
"../../../Engine/Content/EngineMaterials/Substrate/Glints2/dict_0007_0160.uasset" 7752
"../../../Engine/Content/EngineMaterials/Substrate/Glints2/dict_0007_0163.uasset" 7753
"../../../Engine/Content/EngineMaterials/Substrate/Glints2/dict_0007_0161.uasset" 7754
"/Engine/EngineMaterials/Substrate/Glints2/dict_0007_0168" 7755
"../../../Engine/Content/EngineMaterials/Substrate/Glints2/dict_0007_0157.uasset" 7756
"../../../Engine/Content/EngineMaterials/Substrate/Glints2/dict_0007_0164.uasset" 7757
"../../../Engine/Content/EngineMaterials/Substrate/Glints2/dict_0007_0162.uasset" 7758
"../../../Engine/Content/EngineMaterials/Substrate/Glints2/dict_0007_0159.uasset" 7759
"../../../Engine/Content/EngineMaterials/Substrate/Glints2/dict_0007_0158.uasset" 7760
"../../../Engine/Content/EngineMaterials/Substrate/Glints2/dict_0007_0154.uasset" 7761
"../../../Engine/Content/EngineMaterials/Substrate/Glints2/dict_0007_0165.uasset" 7762
"/Engine/EngineMaterials/Substrate/Glints2/dict_0007_0169" 7763
"../../../Engine/Content/EngineMaterials/Substrate/Glints2/dict_0007_0152.uasset" 7764
"../../../Engine/Content/EngineMaterials/Substrate/Glints2/dict_0007_0156.uasset" 7765
"../../../Engine/Content/EngineMaterials/Substrate/Glints2/dict_0007_0155.uasset" 7766
"../../../Engine/Content/EngineMaterials/Substrate/Glints2/dict_0007_0151.uasset" 7767
"../../../Engine/Content/EngineMaterials/Substrate/Glints2/dict_0007_0153.uasset" 7768
"../../../Engine/Content/EngineMaterials/Substrate/Glints2/dict_0007_0150.uasset" 7769
"/Engine/EngineMaterials/Substrate/Glints2/dict_0007_0170" 7770
"../../../Engine/Content/EngineMaterials/Substrate/Glints2/dict_0007_0149.uasset" 7771
"/Engine/EngineMaterials/Substrate/Glints2/dict_0007_0171" 7772
"../../../Engine/Content/EngineMaterials/Substrate/Glints2/dict_0007_0148.uasset" 7773
"../../../Engine/Content/EngineMaterials/Substrate/Glints2/dict_0007_0147.uasset" 7774
"/Engine/EngineMaterials/Substrate/Glints2/dict_0007_0172" 7775
"/Engine/EngineMaterials/Substrate/Glints2/dict_0007_0173" 7776
"/Engine/EngineMaterials/Substrate/Glints2/dict_0007_0174" 7777
"/Engine/EngineMaterials/Substrate/Glints2/dict_0007_0175" 7778
"/Engine/EngineMaterials/Substrate/Glints2/dict_0007_0176" 7779
"/Engine/EngineMaterials/Substrate/Glints2/dict_0007_0177" 7780
"/Engine/EngineMaterials/Substrate/Glints2/dict_0007_0178" 7781
"../../../Engine/Content/EngineMaterials/Substrate/Glints2/dict_0007_0143.uasset" 7782
"../../../Engine/Content/EngineMaterials/Substrate/Glints2/dict_0007_0141.uasset" 7783
"../../../Engine/Content/EngineMaterials/Substrate/Glints2/dict_0007_0146.uasset" 7784
"../../../Engine/Content/EngineMaterials/Substrate/Glints2/dict_0007_0138.uasset" 7785
"../../../Engine/Content/EngineMaterials/Substrate/Glints2/dict_0007_0140.uasset" 7786
"../../../Engine/Content/EngineMaterials/Substrate/Glints2/dict_0007_0136.uasset" 7787
"../../../Engine/Content/EngineMaterials/Substrate/Glints2/dict_0007_0139.uasset" 7788
"../../../Engine/Content/EngineMaterials/Substrate/Glints2/dict_0007_0144.uasset" 7789
"/Engine/EngineMaterials/Substrate/Glints2/dict_0007_0147" 7790
"../../../Engine/Content/EngineMaterials/Substrate/Glints2/dict_0007_0145.uasset" 7791
"../../../Engine/Content/EngineMaterials/Substrate/Glints2/dict_0007_0137.uasset" 7792
"../../../Engine/Content/EngineMaterials/Substrate/Glints2/dict_0007_0135.uasset" 7793
"../../../Engine/Content/EngineMaterials/Substrate/Glints2/dict_0007_0142.uasset" 7794
"/Engine/EngineMaterials/Substrate/Glints2/dict_0007_0148" 7795
"/Engine/EngineMaterials/Substrate/Glints2/dict_0007_0149" 7796
"/Engine/EngineMaterials/Substrate/Glints2/dict_0007_0150" 7797
"/Engine/EngineMaterials/Substrate/Glints2/dict_0007_0151" 7798
"/Engine/EngineMaterials/Substrate/Glints2/dict_0007_0152" 7799
"/Engine/EngineMaterials/Substrate/Glints2/dict_0007_0153" 7800
"/Engine/EngineMaterials/Substrate/Glints2/dict_0007_0154" 7801
"/Engine/EngineMaterials/Substrate/Glints2/dict_0007_0155" 7802
"/Engine/EngineMaterials/Substrate/Glints2/dict_0007_0156" 7803
"/Engine/EngineMaterials/Substrate/Glints2/dict_0007_0157" 7804
"/Engine/EngineMaterials/Substrate/Glints2/dict_0007_0158" 7805
"/Engine/EngineMaterials/Substrate/Glints2/dict_0007_0159" 7806
"/Engine/EngineMaterials/Substrate/Glints2/dict_0007_0160" 7807
"/Engine/EngineMaterials/Substrate/Glints2/dict_0007_0161" 7808
"/Engine/EngineMaterials/Substrate/Glints2/dict_0007_0162" 7809
"/Engine/EngineMaterials/Substrate/Glints2/dict_0007_0163" 7810
"/Engine/EngineMaterials/Substrate/Glints2/dict_0007_0164" 7811
"/Engine/EngineMaterials/Substrate/Glints2/dict_0007_0165" 7812
"/Engine/EngineMaterials/Substrate/Glints2/dict_0007_0166" 7813
"../../../Engine/Content/EngineMaterials/Substrate/Glints2/dict_0007_0134.uasset" 7814
"/Engine/EngineMaterials/Substrate/Glints2/dict_0007_0135" 7815
"../../../Engine/Content/EngineMaterials/Substrate/Glints2/dict_0007_0131.uasset" 7816
"../../../Engine/Content/EngineMaterials/Substrate/Glints2/dict_0007_0126.uasset" 7817
"../../../Engine/Content/EngineMaterials/Substrate/Glints2/dict_0007_0129.uasset" 7818
"../../../Engine/Content/EngineMaterials/Substrate/Glints2/dict_0007_0133.uasset" 7819
"../../../Engine/Content/EngineMaterials/Substrate/Glints2/dict_0007_0127.uasset" 7820
"../../../Engine/Content/EngineMaterials/Substrate/Glints2/dict_0007_0128.uasset" 7821
"/Engine/EngineMaterials/Substrate/Glints2/dict_0007_0136" 7822
"../../../Engine/Content/EngineMaterials/Substrate/Glints2/dict_0007_0124.uasset" 7823
"../../../Engine/Content/EngineMaterials/Substrate/Glints2/dict_0007_0123.uasset" 7824
"../../../Engine/Content/EngineMaterials/Substrate/Glints2/dict_0007_0125.uasset" 7825
"../../../Engine/Content/EngineMaterials/Substrate/Glints2/dict_0007_0130.uasset" 7826
"../../../Engine/Content/EngineMaterials/Substrate/Glints2/dict_0007_0132.uasset" 7827
"../../../Engine/Content/EngineMaterials/Substrate/Glints2/dict_0007_0120.uasset" 7828
"../../../Engine/Content/EngineMaterials/Substrate/Glints2/dict_0007_0122.uasset" 7829
"/Engine/EngineMaterials/Substrate/Glints2/dict_0007_0137" 7830
"../../../Engine/Content/EngineMaterials/Substrate/Glints2/dict_0007_0121.uasset" 7831
"../../../Engine/Content/EngineMaterials/Substrate/Glints2/dict_0007_0119.uasset" 7832
"../../../Engine/Content/EngineMaterials/Substrate/Glints2/dict_0007_0118.uasset" 7833
"/Engine/EngineMaterials/Substrate/Glints2/dict_0007_0138" 7834
"/Engine/EngineMaterials/Substrate/Glints2/dict_0007_0139" 7835
"../../../Engine/Content/EngineMaterials/Substrate/Glints2/dict_0007_0117.uasset" 7836
"/Engine/EngineMaterials/Substrate/Glints2/dict_0007_0140" 7837
"../../../Engine/Content/EngineMaterials/Substrate/Glints2/dict_0007_0115.uasset" 7838
"../../../Engine/Content/EngineMaterials/Substrate/Glints2/dict_0007_0116.uasset" 7839
"/Engine/EngineMaterials/Substrate/Glints2/dict_0007_0141" 7840
"/Engine/EngineMaterials/Substrate/Glints2/dict_0007_0142" 7841
"/Engine/EngineMaterials/Substrate/Glints2/dict_0007_0143" 7842
"/Engine/EngineMaterials/Substrate/Glints2/dict_0007_0144" 7843
"/Engine/EngineMaterials/Substrate/Glints2/dict_0007_0145" 7844
"/Engine/EngineMaterials/Substrate/Glints2/dict_0007_0146" 7845
"../../../Engine/Content/EngineMaterials/Substrate/Glints2/dict_0007_0110.uasset" 7846
"../../../Engine/Content/EngineMaterials/Substrate/Glints2/dict_0007_0107.uasset" 7847
"../../../Engine/Content/EngineMaterials/Substrate/Glints2/dict_0007_0112.uasset" 7848
"../../../Engine/Content/EngineMaterials/Substrate/Glints2/dict_0007_0109.uasset" 7849
"/Engine/EngineMaterials/Substrate/Glints2/dict_0007_0115" 7850
"../../../Engine/Content/EngineMaterials/Substrate/Glints2/dict_0007_0113.uasset" 7851
"../../../Engine/Content/EngineMaterials/Substrate/Glints2/dict_0007_0106.uasset" 7852
"../../../Engine/Content/EngineMaterials/Substrate/Glints2/dict_0007_0111.uasset" 7853
"../../../Engine/Content/EngineMaterials/Substrate/Glints2/dict_0007_0108.uasset" 7854
"../../../Engine/Content/EngineMaterials/Substrate/Glints2/dict_0007_0104.uasset" 7855
"../../../Engine/Content/EngineMaterials/Substrate/Glints2/dict_0007_0105.uasset" 7856
"../../../Engine/Content/EngineMaterials/Substrate/Glints2/dict_0007_0114.uasset" 7857
"../../../Engine/Content/EngineMaterials/Substrate/Glints2/dict_0007_0103.uasset" 7858
"/Engine/EngineMaterials/Substrate/Glints2/dict_0007_0116" 7859
"/Engine/EngineMaterials/Substrate/Glints2/dict_0007_0117" 7860
"/Engine/EngineMaterials/Substrate/Glints2/dict_0007_0118" 7861
"/Engine/EngineMaterials/Substrate/Glints2/dict_0007_0119" 7862
"/Engine/EngineMaterials/Substrate/Glints2/dict_0007_0120" 7863
"/Engine/EngineMaterials/Substrate/Glints2/dict_0007_0121" 7864
"/Engine/EngineMaterials/Substrate/Glints2/dict_0007_0122" 7865
"/Engine/EngineMaterials/Substrate/Glints2/dict_0007_0123" 7866
"/Engine/EngineMaterials/Substrate/Glints2/dict_0007_0124" 7867
"/Engine/EngineMaterials/Substrate/Glints2/dict_0007_0125" 7868
"/Engine/EngineMaterials/Substrate/Glints2/dict_0007_0126" 7869
"/Engine/EngineMaterials/Substrate/Glints2/dict_0007_0127" 7870
"/Engine/EngineMaterials/Substrate/Glints2/dict_0007_0128" 7871
"/Engine/EngineMaterials/Substrate/Glints2/dict_0007_0129" 7872
"/Engine/EngineMaterials/Substrate/Glints2/dict_0007_0130" 7873
"/Engine/EngineMaterials/Substrate/Glints2/dict_0007_0131" 7874
"/Engine/EngineMaterials/Substrate/Glints2/dict_0007_0132" 7875
"/Engine/EngineMaterials/Substrate/Glints2/dict_0007_0133" 7876
"/Engine/EngineMaterials/Substrate/Glints2/dict_0007_0134" 7877
"../../../Engine/Content/EngineMaterials/Substrate/Glints2/dict_0007_0102.uasset" 7878
"/Engine/EngineMaterials/Substrate/Glints2/dict_0007_0103" 7879
"../../../Engine/Content/EngineMaterials/Substrate/Glints2/dict_0007_0099.uasset" 7880
"../../../Engine/Content/EngineMaterials/Substrate/Glints2/dict_0007_0101.uasset" 7881
"../../../Engine/Content/EngineMaterials/Substrate/Glints2/dict_0007_0100.uasset" 7882
"../../../Engine/Content/EngineMaterials/Substrate/Glints2/dict_0007_0098.uasset" 7883
"../../../Engine/Content/EngineMaterials/Substrate/Glints2/dict_0007_0095.uasset" 7884
"../../../Engine/Content/EngineMaterials/Substrate/Glints2/dict_0007_0094.uasset" 7885
"/Engine/EngineMaterials/Substrate/Glints2/dict_0007_0104" 7886
"../../../Engine/Content/EngineMaterials/Substrate/Glints2/dict_0007_0097.uasset" 7887
"../../../Engine/Content/EngineMaterials/Substrate/Glints2/dict_0007_0096.uasset" 7888
"../../../Engine/Content/EngineMaterials/Substrate/Glints2/dict_0007_0092.uasset" 7889
"../../../Engine/Content/EngineMaterials/Substrate/Glints2/dict_0007_0088.uasset" 7890
"../../../Engine/Content/EngineMaterials/Substrate/Glints2/dict_0007_0093.uasset" 7891
"../../../Engine/Content/EngineMaterials/Substrate/Glints2/dict_0007_0090.uasset" 7892
"../../../Engine/Content/EngineMaterials/Substrate/Glints2/dict_0007_0087.uasset" 7893
"../../../Engine/Content/EngineMaterials/Substrate/Glints2/dict_0007_0091.uasset" 7894
"../../../Engine/Content/EngineMaterials/Substrate/Glints2/dict_0007_0089.uasset" 7895
"/Engine/EngineMaterials/Substrate/Glints2/dict_0007_0105" 7896
"../../../Engine/Content/EngineMaterials/Substrate/Glints2/dict_0007_0086.uasset" 7897
"/Engine/EngineMaterials/Substrate/Glints2/dict_0007_0106" 7898
"/Engine/EngineMaterials/Substrate/Glints2/dict_0007_0107" 7899
"/Engine/EngineMaterials/Substrate/Glints2/dict_0007_0108" 7900
"../../../Engine/Content/EngineMaterials/Substrate/Glints2/dict_0007_0085.uasset" 7901
"../../../Engine/Content/EngineMaterials/Substrate/Glints2/dict_0007_0084.uasset" 7902
"../../../Engine/Content/EngineMaterials/Substrate/Glints2/dict_0007_0083.uasset" 7903
"/Engine/EngineMaterials/Substrate/Glints2/dict_0007_0109" 7904
"/Engine/EngineMaterials/Substrate/Glints2/dict_0007_0110" 7905
"/Engine/EngineMaterials/Substrate/Glints2/dict_0007_0111" 7906
"/Engine/EngineMaterials/Substrate/Glints2/dict_0007_0112" 7907
"/Engine/EngineMaterials/Substrate/Glints2/dict_0007_0113" 7908
"/Engine/EngineMaterials/Substrate/Glints2/dict_0007_0114" 7909
"../../../Engine/Content/EngineMaterials/Substrate/Glints2/dict_0007_0079.uasset" 7910
"../../../Engine/Content/EngineMaterials/Substrate/Glints2/dict_0007_0082.uasset" 7911
"../../../Engine/Content/EngineMaterials/Substrate/Glints2/dict_0007_0074.uasset" 7912
"../../../Engine/Content/EngineMaterials/Substrate/Glints2/dict_0007_0071.uasset" 7913
"../../../Engine/Content/EngineMaterials/Substrate/Glints2/dict_0007_0072.uasset" 7914
"/Engine/EngineMaterials/Substrate/Glints2/dict_0007_0083" 7915
"../../../Engine/Content/EngineMaterials/Substrate/Glints2/dict_0007_0073.uasset" 7916
"../../../Engine/Content/EngineMaterials/Substrate/Glints2/dict_0007_0081.uasset" 7917
"../../../Engine/Content/EngineMaterials/Substrate/Glints2/dict_0007_0076.uasset" 7918
"../../../Engine/Content/EngineMaterials/Substrate/Glints2/dict_0007_0078.uasset" 7919
"../../../Engine/Content/EngineMaterials/Substrate/Glints2/dict_0007_0075.uasset" 7920
"../../../Engine/Content/EngineMaterials/Substrate/Glints2/dict_0007_0080.uasset" 7921
"../../../Engine/Content/EngineMaterials/Substrate/Glints2/dict_0007_0077.uasset" 7922
"/Engine/EngineMaterials/Substrate/Glints2/dict_0007_0084" 7923
"/Engine/EngineMaterials/Substrate/Glints2/dict_0007_0085" 7924
"/Engine/EngineMaterials/Substrate/Glints2/dict_0007_0086" 7925
"/Engine/EngineMaterials/Substrate/Glints2/dict_0007_0087" 7926
"/Engine/EngineMaterials/Substrate/Glints2/dict_0007_0088" 7927
"/Engine/EngineMaterials/Substrate/Glints2/dict_0007_0089" 7928
"/Engine/EngineMaterials/Substrate/Glints2/dict_0007_0090" 7929
"/Engine/EngineMaterials/Substrate/Glints2/dict_0007_0091" 7930
"/Engine/EngineMaterials/Substrate/Glints2/dict_0007_0092" 7931
"/Engine/EngineMaterials/Substrate/Glints2/dict_0007_0093" 7932
"/Engine/EngineMaterials/Substrate/Glints2/dict_0007_0094" 7933
"/Engine/EngineMaterials/Substrate/Glints2/dict_0007_0095" 7934
"/Engine/EngineMaterials/Substrate/Glints2/dict_0007_0096" 7935
"/Engine/EngineMaterials/Substrate/Glints2/dict_0007_0097" 7936
"/Engine/EngineMaterials/Substrate/Glints2/dict_0007_0098" 7937
"/Engine/EngineMaterials/Substrate/Glints2/dict_0007_0099" 7938
"/Engine/EngineMaterials/Substrate/Glints2/dict_0007_0100" 7939
"/Engine/EngineMaterials/Substrate/Glints2/dict_0007_0101" 7940
"/Engine/EngineMaterials/Substrate/Glints2/dict_0007_0102" 7941
"../../../Engine/Content/EngineMaterials/Substrate/Glints2/dict_0007_0070.uasset" 7942
"/Engine/EngineMaterials/Substrate/Glints2/dict_0007_0071" 7943
"../../../Engine/Content/EngineMaterials/Substrate/Glints2/dict_0007_0066.uasset" 7944
"../../../Engine/Content/EngineMaterials/Substrate/Glints2/dict_0007_0062.uasset" 7945
"../../../Engine/Content/EngineMaterials/Substrate/Glints2/dict_0007_0065.uasset" 7946
"../../../Engine/Content/EngineMaterials/Substrate/Glints2/dict_0007_0069.uasset" 7947
"/Engine/EngineMaterials/Substrate/Glints2/dict_0007_0072" 7948
"../../../Engine/Content/EngineMaterials/Substrate/Glints2/dict_0007_0067.uasset" 7949
"../../../Engine/Content/EngineMaterials/Substrate/Glints2/dict_0007_0061.uasset" 7950
"../../../Engine/Content/EngineMaterials/Substrate/Glints2/dict_0007_0060.uasset" 7951
"../../../Engine/Content/EngineMaterials/Substrate/Glints2/dict_0007_0056.uasset" 7952
"../../../Engine/Content/EngineMaterials/Substrate/Glints2/dict_0007_0055.uasset" 7953
"../../../Engine/Content/EngineMaterials/Substrate/Glints2/dict_0007_0064.uasset" 7954
"../../../Engine/Content/EngineMaterials/Substrate/Glints2/dict_0007_0063.uasset" 7955
"../../../Engine/Content/EngineMaterials/Substrate/Glints2/dict_0007_0059.uasset" 7956
"../../../Engine/Content/EngineMaterials/Substrate/Glints2/dict_0007_0054.uasset" 7957
"../../../Engine/Content/EngineMaterials/Substrate/Glints2/dict_0007_0058.uasset" 7958
"/Engine/EngineMaterials/Substrate/Glints2/dict_0007_0073" 7959
"../../../Engine/Content/EngineMaterials/Substrate/Glints2/dict_0007_0068.uasset" 7960
"../../../Engine/Content/EngineMaterials/Substrate/Glints2/dict_0007_0057.uasset" 7961
"/Engine/EngineMaterials/Substrate/Glints2/dict_0007_0074" 7962
"/Engine/EngineMaterials/Substrate/Glints2/dict_0007_0075" 7963
"../../../Engine/Content/EngineMaterials/Substrate/Glints2/dict_0007_0053.uasset" 7964
"/Engine/EngineMaterials/Substrate/Glints2/dict_0007_0076" 7965
"/Engine/EngineMaterials/Substrate/Glints2/dict_0007_0077" 7966
"/Engine/EngineMaterials/Substrate/Glints2/dict_0007_0078" 7967
"/Engine/EngineMaterials/Substrate/Glints2/dict_0007_0079" 7968
"../../../Engine/Content/EngineMaterials/Substrate/Glints2/dict_0007_0052.uasset" 7969
"../../../Engine/Content/EngineMaterials/Substrate/Glints2/dict_0007_0051.uasset" 7970
"/Engine/EngineMaterials/Substrate/Glints2/dict_0007_0080" 7971
"/Engine/EngineMaterials/Substrate/Glints2/dict_0007_0081" 7972
"/Engine/EngineMaterials/Substrate/Glints2/dict_0007_0082" 7973
"../../../Engine/Content/EngineMaterials/Substrate/Glints2/dict_0007_0050.uasset" 7974
"../../../Engine/Content/EngineMaterials/Substrate/Glints2/dict_0007_0048.uasset" 7975
"../../../Engine/Content/EngineMaterials/Substrate/Glints2/dict_0007_0045.uasset" 7976
"../../../Engine/Content/EngineMaterials/Substrate/Glints2/dict_0007_0046.uasset" 7977
"../../../Engine/Content/EngineMaterials/Substrate/Glints2/dict_0007_0044.uasset" 7978
"../../../Engine/Content/EngineMaterials/Substrate/Glints2/dict_0007_0040.uasset" 7979
"/Engine/EngineMaterials/Substrate/Glints2/dict_0007_0051" 7980
"../../../Engine/Content/EngineMaterials/Substrate/Glints2/dict_0007_0047.uasset" 7981
"../../../Engine/Content/EngineMaterials/Substrate/Glints2/dict_0007_0042.uasset" 7982
"../../../Engine/Content/EngineMaterials/Substrate/Glints2/dict_0007_0043.uasset" 7983
"../../../Engine/Content/EngineMaterials/Substrate/Glints2/dict_0007_0039.uasset" 7984
"../../../Engine/Content/EngineMaterials/Substrate/Glints2/dict_0007_0041.uasset" 7985
"../../../Engine/Content/EngineMaterials/Substrate/Glints2/dict_0007_0049.uasset" 7986
"/Engine/EngineMaterials/Substrate/Glints2/dict_0007_0052" 7987
"/Engine/EngineMaterials/Substrate/Glints2/dict_0007_0053" 7988
"/Engine/EngineMaterials/Substrate/Glints2/dict_0007_0054" 7989
"/Engine/EngineMaterials/Substrate/Glints2/dict_0007_0055" 7990
"/Engine/EngineMaterials/Substrate/Glints2/dict_0007_0056" 7991
"/Engine/EngineMaterials/Substrate/Glints2/dict_0007_0057" 7992
"/Engine/EngineMaterials/Substrate/Glints2/dict_0007_0058" 7993
"/Engine/EngineMaterials/Substrate/Glints2/dict_0007_0059" 7994
"/Engine/EngineMaterials/Substrate/Glints2/dict_0007_0060" 7995
"/Engine/EngineMaterials/Substrate/Glints2/dict_0007_0061" 7996
"/Engine/EngineMaterials/Substrate/Glints2/dict_0007_0062" 7997
"/Engine/EngineMaterials/Substrate/Glints2/dict_0007_0063" 7998
"/Engine/EngineMaterials/Substrate/Glints2/dict_0007_0064" 7999
"/Engine/EngineMaterials/Substrate/Glints2/dict_0007_0065" 8000
"/Engine/EngineMaterials/Substrate/Glints2/dict_0007_0066" 8001
"/Engine/EngineMaterials/Substrate/Glints2/dict_0007_0067" 8002
"/Engine/EngineMaterials/Substrate/Glints2/dict_0007_0068" 8003
"/Engine/EngineMaterials/Substrate/Glints2/dict_0007_0069" 8004
"/Engine/EngineMaterials/Substrate/Glints2/dict_0007_0070" 8005
"/Engine/EngineMaterials/Substrate/Glints2/dict_0007_0039" 8006
"../../../Engine/Content/EngineMaterials/Substrate/Glints2/dict_0007_0038.uasset" 8007
"../../../Engine/Content/EngineMaterials/Substrate/Glints2/dict_0007_0037.uasset" 8008
"../../../Engine/Content/EngineMaterials/Substrate/Glints2/dict_0007_0035.uasset" 8009
"../../../Engine/Content/EngineMaterials/Substrate/Glints2/dict_0007_0034.uasset" 8010
"../../../Engine/Content/EngineMaterials/Substrate/Glints2/dict_0007_0036.uasset" 8011
"../../../Engine/Content/EngineMaterials/Substrate/Glints2/dict_0007_0033.uasset" 8012
"/Engine/EngineMaterials/Substrate/Glints2/dict_0007_0040" 8013
"../../../Engine/Content/EngineMaterials/Substrate/Glints2/dict_0007_0031.uasset" 8014
"../../../Engine/Content/EngineMaterials/Substrate/Glints2/dict_0007_0032.uasset" 8015
"../../../Engine/Content/EngineMaterials/Substrate/Glints2/dict_0007_0028.uasset" 8016
"../../../Engine/Content/EngineMaterials/Substrate/Glints2/dict_0007_0030.uasset" 8017
"../../../Engine/Content/EngineMaterials/Substrate/Glints2/dict_0007_0029.uasset" 8018
"../../../Engine/Content/EngineMaterials/Substrate/Glints2/dict_0007_0026.uasset" 8019
"../../../Engine/Content/EngineMaterials/Substrate/Glints2/dict_0007_0024.uasset" 8020
"/Engine/EngineMaterials/Substrate/Glints2/dict_0007_0041" 8021
"../../../Engine/Content/EngineMaterials/Substrate/Glints2/dict_0007_0025.uasset" 8022
"../../../Engine/Content/EngineMaterials/Substrate/Glints2/dict_0007_0027.uasset" 8023
"../../../Engine/Content/EngineMaterials/Substrate/Glints2/dict_0007_0023.uasset" 8024
"../../../Engine/Content/EngineMaterials/Substrate/Glints2/dict_0007_0022.uasset" 8025
"/Engine/EngineMaterials/Substrate/Glints2/dict_0007_0042" 8026
"/Engine/EngineMaterials/Substrate/Glints2/dict_0007_0043" 8027
"/Engine/EngineMaterials/Substrate/Glints2/dict_0007_0044" 8028
"../../../Engine/Content/EngineMaterials/Substrate/Glints2/dict_0007_0021.uasset" 8029
"../../../Engine/Content/EngineMaterials/Substrate/Glints2/dict_0007_0020.uasset" 8030
"../../../Engine/Content/EngineMaterials/Substrate/Glints2/dict_0007_0019.uasset" 8031
"/Engine/EngineMaterials/Substrate/Glints2/dict_0007_0045" 8032
"/Engine/EngineMaterials/Substrate/Glints2/dict_0007_0046" 8033
"/Engine/EngineMaterials/Substrate/Glints2/dict_0007_0047" 8034
"/Engine/EngineMaterials/Substrate/Glints2/dict_0007_0048" 8035
"/Engine/EngineMaterials/Substrate/Glints2/dict_0007_0049" 8036
"/Engine/EngineMaterials/Substrate/Glints2/dict_0007_0050" 8037
"../../../Engine/Content/EngineMaterials/Substrate/Glints2/dict_0007_0012.uasset" 8038
"../../../Engine/Content/EngineMaterials/Substrate/Glints2/dict_0007_0015.uasset" 8039
"../../../Engine/Content/EngineMaterials/Substrate/Glints2/dict_0007_0008.uasset" 8040
"../../../Engine/Content/EngineMaterials/Substrate/Glints2/dict_0007_0010.uasset" 8041
"../../../Engine/Content/EngineMaterials/Substrate/Glints2/dict_0007_0007.uasset" 8042
"../../../Engine/Content/EngineMaterials/Substrate/Glints2/dict_0007_0017.uasset" 8043
"../../../Engine/Content/EngineMaterials/Substrate/Glints2/dict_0007_0018.uasset" 8044
"../../../Engine/Content/EngineMaterials/Substrate/Glints2/dict_0007_0011.uasset" 8045
"/Engine/EngineMaterials/Substrate/Glints2/dict_0007_0019" 8046
"../../../Engine/Content/EngineMaterials/Substrate/Glints2/dict_0007_0014.uasset" 8047
"../../../Engine/Content/EngineMaterials/Substrate/Glints2/dict_0007_0013.uasset" 8048
"../../../Engine/Content/EngineMaterials/Substrate/Glints2/dict_0007_0016.uasset" 8049
"../../../Engine/Content/EngineMaterials/Substrate/Glints2/dict_0007_0009.uasset" 8050
"/Engine/EngineMaterials/Substrate/Glints2/dict_0007_0020" 8051
"/Engine/EngineMaterials/Substrate/Glints2/dict_0007_0021" 8052
"/Engine/EngineMaterials/Substrate/Glints2/dict_0007_0022" 8053
"/Engine/EngineMaterials/Substrate/Glints2/dict_0007_0023" 8054
"/Engine/EngineMaterials/Substrate/Glints2/dict_0007_0024" 8055
"/Engine/EngineMaterials/Substrate/Glints2/dict_0007_0025" 8056
"/Engine/EngineMaterials/Substrate/Glints2/dict_0007_0026" 8057
"/Engine/EngineMaterials/Substrate/Glints2/dict_0007_0027" 8058
"/Engine/EngineMaterials/Substrate/Glints2/dict_0007_0028" 8059
"/Engine/EngineMaterials/Substrate/Glints2/dict_0007_0029" 8060
"/Engine/EngineMaterials/Substrate/Glints2/dict_0007_0030" 8061
"/Engine/EngineMaterials/Substrate/Glints2/dict_0007_0031" 8062
"/Engine/EngineMaterials/Substrate/Glints2/dict_0007_0032" 8063
"/Engine/EngineMaterials/Substrate/Glints2/dict_0007_0033" 8064
"/Engine/EngineMaterials/Substrate/Glints2/dict_0007_0034" 8065
"/Engine/EngineMaterials/Substrate/Glints2/dict_0007_0035" 8066
"/Engine/EngineMaterials/Substrate/Glints2/dict_0007_0036" 8067
"/Engine/EngineMaterials/Substrate/Glints2/dict_0007_0037" 8068
"/Engine/EngineMaterials/Substrate/Glints2/dict_0007_0038" 8069
"../../../Engine/Content/EngineMaterials/Substrate/Glints2/dict_0007_0006.uasset" 8070
"/Engine/EngineMaterials/Substrate/Glints2/dict_0007_0007" 8071
"../../../Engine/Content/EngineMaterials/Substrate/Glints2/dict_0007_0000.uasset" 8072
"../../../Engine/Content/EngineMaterials/Substrate/Glints2/dict_0006_0252.uasset" 8073
"/Engine/EngineMaterials/Substrate/Glints2/dict_0007_0008" 8074
"../../../Engine/Content/EngineMaterials/Substrate/Glints2/dict_0006_0255.uasset" 8075
"../../../Engine/Content/EngineMaterials/Substrate/Glints2/dict_0007_0003.uasset" 8076
"../../../Engine/Content/EngineMaterials/Substrate/Glints2/dict_0007_0004.uasset" 8077
"../../../Engine/Content/EngineMaterials/Substrate/Glints2/dict_0007_0002.uasset" 8078
"../../../Engine/Content/EngineMaterials/Substrate/Glints2/dict_0007_0005.uasset" 8079
"../../../Engine/Content/EngineMaterials/Substrate/Glints2/dict_0006_0253.uasset" 8080
"/Engine/EngineMaterials/Substrate/Glints2/dict_0007_0009" 8081
"../../../Engine/Content/EngineMaterials/Substrate/Glints2/dict_0007_0001.uasset" 8082
"../../../Engine/Content/EngineMaterials/Substrate/Glints2/dict_0006_0251.uasset" 8083
"../../../Engine/Content/EngineMaterials/Substrate/Glints2/dict_0006_0254.uasset" 8084
"../../../Engine/Content/EngineMaterials/Substrate/Glints2/dict_0006_0250.uasset" 8085
"/Engine/EngineMaterials/Substrate/Glints2/dict_0007_0010" 8086
"../../../Engine/Content/EngineMaterials/Substrate/Glints2/dict_0006_0249.uasset" 8087
"../../../Engine/Content/EngineMaterials/Substrate/Glints2/dict_0006_0247.uasset" 8088
"../../../Engine/Content/EngineMaterials/Substrate/Glints2/dict_0006_0248.uasset" 8089
"../../../Engine/Content/EngineMaterials/Substrate/Glints2/dict_0006_0246.uasset" 8090
"/Engine/EngineMaterials/Substrate/Glints2/dict_0007_0011" 8091
"../../../Engine/Content/EngineMaterials/Substrate/Glints2/dict_0006_0245.uasset" 8092
"/Engine/EngineMaterials/Substrate/Glints2/dict_0007_0012" 8093
"../../../Engine/Content/EngineMaterials/Substrate/Glints2/dict_0006_0243.uasset" 8094
"../../../Engine/Content/EngineMaterials/Substrate/Glints2/dict_0006_0244.uasset" 8095
"/Engine/EngineMaterials/Substrate/Glints2/dict_0007_0013" 8096
"/Engine/EngineMaterials/Substrate/Glints2/dict_0007_0014" 8097
"/Engine/EngineMaterials/Substrate/Glints2/dict_0007_0015" 8098
"/Engine/EngineMaterials/Substrate/Glints2/dict_0007_0016" 8099
"/Engine/EngineMaterials/Substrate/Glints2/dict_0007_0017" 8100
"/Engine/EngineMaterials/Substrate/Glints2/dict_0007_0018" 8101
"../../../Engine/Content/EngineMaterials/Substrate/Glints2/dict_0006_0242.uasset" 8102
"../../../Engine/Content/EngineMaterials/Substrate/Glints2/dict_0006_0237.uasset" 8103
"../../../Engine/Content/EngineMaterials/Substrate/Glints2/dict_0006_0240.uasset" 8104
"../../../Engine/Content/EngineMaterials/Substrate/Glints2/dict_0006_0233.uasset" 8105
"../../../Engine/Content/EngineMaterials/Substrate/Glints2/dict_0006_0239.uasset" 8106
"../../../Engine/Content/EngineMaterials/Substrate/Glints2/dict_0006_0234.uasset" 8107
"../../../Engine/Content/EngineMaterials/Substrate/Glints2/dict_0006_0241.uasset" 8108
"../../../Engine/Content/EngineMaterials/Substrate/Glints2/dict_0006_0236.uasset" 8109
"/Engine/EngineMaterials/Substrate/Glints2/dict_0006_0243" 8110
"../../../Engine/Content/EngineMaterials/Substrate/Glints2/dict_0006_0231.uasset" 8111
"../../../Engine/Content/EngineMaterials/Substrate/Glints2/dict_0006_0238.uasset" 8112
"../../../Engine/Content/EngineMaterials/Substrate/Glints2/dict_0006_0235.uasset" 8113
"../../../Engine/Content/EngineMaterials/Substrate/Glints2/dict_0006_0232.uasset" 8114
"/Engine/EngineMaterials/Substrate/Glints2/dict_0006_0244" 8115
"/Engine/EngineMaterials/Substrate/Glints2/dict_0006_0245" 8116
"/Engine/EngineMaterials/Substrate/Glints2/dict_0006_0246" 8117
"/Engine/EngineMaterials/Substrate/Glints2/dict_0006_0247" 8118
"/Engine/EngineMaterials/Substrate/Glints2/dict_0006_0248" 8119
"/Engine/EngineMaterials/Substrate/Glints2/dict_0006_0249" 8120
"/Engine/EngineMaterials/Substrate/Glints2/dict_0006_0250" 8121
"/Engine/EngineMaterials/Substrate/Glints2/dict_0006_0251" 8122
"/Engine/EngineMaterials/Substrate/Glints2/dict_0006_0252" 8123
"/Engine/EngineMaterials/Substrate/Glints2/dict_0006_0253" 8124
"/Engine/EngineMaterials/Substrate/Glints2/dict_0006_0254" 8125
"/Engine/EngineMaterials/Substrate/Glints2/dict_0006_0255" 8126
"/Engine/EngineMaterials/Substrate/Glints2/dict_0007_0000" 8127
"/Engine/EngineMaterials/Substrate/Glints2/dict_0007_0001" 8128
"/Engine/EngineMaterials/Substrate/Glints2/dict_0007_0002" 8129
"/Engine/EngineMaterials/Substrate/Glints2/dict_0007_0003" 8130
"/Engine/EngineMaterials/Substrate/Glints2/dict_0007_0004" 8131
"/Engine/EngineMaterials/Substrate/Glints2/dict_0007_0005" 8132
"/Engine/EngineMaterials/Substrate/Glints2/dict_0007_0006" 8133
"../../../Engine/Content/EngineMaterials/Substrate/Glints2/dict_0006_0230.uasset" 8134
"/Engine/EngineMaterials/Substrate/Glints2/dict_0006_0231" 8135
"../../../Engine/Content/EngineMaterials/Substrate/Glints2/dict_0006_0224.uasset" 8136
"../../../Engine/Content/EngineMaterials/Substrate/Glints2/dict_0006_0227.uasset" 8137
"../../../Engine/Content/EngineMaterials/Substrate/Glints2/dict_0006_0229.uasset" 8138
"../../../Engine/Content/EngineMaterials/Substrate/Glints2/dict_0006_0226.uasset" 8139
"/Engine/EngineMaterials/Substrate/Glints2/dict_0006_0232" 8140
"../../../Engine/Content/EngineMaterials/Substrate/Glints2/dict_0006_0225.uasset" 8141
"../../../Engine/Content/EngineMaterials/Substrate/Glints2/dict_0006_0223.uasset" 8142
"../../../Engine/Content/EngineMaterials/Substrate/Glints2/dict_0006_0228.uasset" 8143
"../../../Engine/Content/EngineMaterials/Substrate/Glints2/dict_0006_0222.uasset" 8144
"../../../Engine/Content/EngineMaterials/Substrate/Glints2/dict_0006_0220.uasset" 8145
"../../../Engine/Content/EngineMaterials/Substrate/Glints2/dict_0006_0219.uasset" 8146
"../../../Engine/Content/EngineMaterials/Substrate/Glints2/dict_0006_0216.uasset" 8147
"/Engine/EngineMaterials/Substrate/Glints2/dict_0006_0233" 8148
"../../../Engine/Content/EngineMaterials/Substrate/Glints2/dict_0006_0218.uasset" 8149
"../../../Engine/Content/EngineMaterials/Substrate/Glints2/dict_0006_0217.uasset" 8150
"../../../Engine/Content/EngineMaterials/Substrate/Glints2/dict_0006_0221.uasset" 8151
"../../../Engine/Content/EngineMaterials/Substrate/Glints2/dict_0006_0215.uasset" 8152
"../../../Engine/Content/EngineMaterials/Substrate/Glints2/dict_0006_0214.uasset" 8153
"/Engine/EngineMaterials/Substrate/Glints2/dict_0006_0234" 8154
"../../../Engine/Content/EngineMaterials/Substrate/Glints2/dict_0006_0213.uasset" 8155
"/Engine/EngineMaterials/Substrate/Glints2/dict_0006_0235" 8156
"../../../Engine/Content/EngineMaterials/Substrate/Glints2/dict_0006_0212.uasset" 8157
"../../../Engine/Content/EngineMaterials/Substrate/Glints2/dict_0006_0211.uasset" 8158
"/Engine/EngineMaterials/Substrate/Glints2/dict_0006_0236" 8159
"/Engine/EngineMaterials/Substrate/Glints2/dict_0006_0237" 8160
"/Engine/EngineMaterials/Substrate/Glints2/dict_0006_0238" 8161
"/Engine/EngineMaterials/Substrate/Glints2/dict_0006_0239" 8162
"/Engine/EngineMaterials/Substrate/Glints2/dict_0006_0240" 8163
"/Engine/EngineMaterials/Substrate/Glints2/dict_0006_0241" 8164
"/Engine/EngineMaterials/Substrate/Glints2/dict_0006_0242" 8165
"../../../Engine/Content/EngineMaterials/Substrate/Glints2/dict_0006_0210.uasset" 8166
"../../../Engine/Content/EngineMaterials/Substrate/Glints2/dict_0006_0209.uasset" 8167
"../../../Engine/Content/EngineMaterials/Substrate/Glints2/dict_0006_0204.uasset" 8168
"../../../Engine/Content/EngineMaterials/Substrate/Glints2/dict_0006_0200.uasset" 8169
"../../../Engine/Content/EngineMaterials/Substrate/Glints2/dict_0006_0207.uasset" 8170
"../../../Engine/Content/EngineMaterials/Substrate/Glints2/dict_0006_0206.uasset" 8171
"../../../Engine/Content/EngineMaterials/Substrate/Glints2/dict_0006_0205.uasset" 8172
"../../../Engine/Content/EngineMaterials/Substrate/Glints2/dict_0006_0203.uasset" 8173
"../../../Engine/Content/EngineMaterials/Substrate/Glints2/dict_0006_0208.uasset" 8174
"/Engine/EngineMaterials/Substrate/Glints2/dict_0006_0211" 8175
"../../../Engine/Content/EngineMaterials/Substrate/Glints2/dict_0006_0201.uasset" 8176
"../../../Engine/Content/EngineMaterials/Substrate/Glints2/dict_0006_0202.uasset" 8177
"../../../Engine/Content/EngineMaterials/Substrate/Glints2/dict_0006_0199.uasset" 8178
"/Engine/EngineMaterials/Substrate/Glints2/dict_0006_0212" 8179
"/Engine/EngineMaterials/Substrate/Glints2/dict_0006_0213" 8180
"/Engine/EngineMaterials/Substrate/Glints2/dict_0006_0214" 8181
"/Engine/EngineMaterials/Substrate/Glints2/dict_0006_0215" 8182
"/Engine/EngineMaterials/Substrate/Glints2/dict_0006_0216" 8183
"/Engine/EngineMaterials/Substrate/Glints2/dict_0006_0217" 8184
"/Engine/EngineMaterials/Substrate/Glints2/dict_0006_0218" 8185
"/Engine/EngineMaterials/Substrate/Glints2/dict_0006_0219" 8186
"/Engine/EngineMaterials/Substrate/Glints2/dict_0006_0220" 8187
"/Engine/EngineMaterials/Substrate/Glints2/dict_0006_0221" 8188
"/Engine/EngineMaterials/Substrate/Glints2/dict_0006_0222" 8189
"/Engine/EngineMaterials/Substrate/Glints2/dict_0006_0223" 8190
"/Engine/EngineMaterials/Substrate/Glints2/dict_0006_0224" 8191
"/Engine/EngineMaterials/Substrate/Glints2/dict_0006_0225" 8192
"/Engine/EngineMaterials/Substrate/Glints2/dict_0006_0226" 8193
"/Engine/EngineMaterials/Substrate/Glints2/dict_0006_0227" 8194
"/Engine/EngineMaterials/Substrate/Glints2/dict_0006_0228" 8195
"/Engine/EngineMaterials/Substrate/Glints2/dict_0006_0229" 8196
"/Engine/EngineMaterials/Substrate/Glints2/dict_0006_0230" 8197
"/Engine/EngineMaterials/Substrate/Glints2/dict_0006_0199" 8198
"../../../Engine/Content/EngineMaterials/Substrate/Glints2/dict_0006_0198.uasset" 8199
"../../../Engine/Content/EngineMaterials/Substrate/Glints2/dict_0006_0197.uasset" 8200
"../../../Engine/Content/EngineMaterials/Substrate/Glints2/dict_0006_0191.uasset" 8201
"../../../Engine/Content/EngineMaterials/Substrate/Glints2/dict_0006_0193.uasset" 8202
"/Engine/EngineMaterials/Substrate/Glints2/dict_0006_0200" 8203
"../../../Engine/Content/EngineMaterials/Substrate/Glints2/dict_0006_0192.uasset" 8204
"../../../Engine/Content/EngineMaterials/Substrate/Glints2/dict_0006_0189.uasset" 8205
"../../../Engine/Content/EngineMaterials/Substrate/Glints2/dict_0006_0196.uasset" 8206
"../../../Engine/Content/EngineMaterials/Substrate/Glints2/dict_0006_0195.uasset" 8207
"/Engine/EngineMaterials/Substrate/Glints2/dict_0006_0201" 8208
"../../../Engine/Content/EngineMaterials/Substrate/Glints2/dict_0006_0190.uasset" 8209
"../../../Engine/Content/EngineMaterials/Substrate/Glints2/dict_0006_0188.uasset" 8210
"../../../Engine/Content/EngineMaterials/Substrate/Glints2/dict_0006_0184.uasset" 8211
"../../../Engine/Content/EngineMaterials/Substrate/Glints2/dict_0006_0187.uasset" 8212
"../../../Engine/Content/EngineMaterials/Substrate/Glints2/dict_0006_0183.uasset" 8213
"/Engine/EngineMaterials/Substrate/Glints2/dict_0006_0202" 8214
"../../../Engine/Content/EngineMaterials/Substrate/Glints2/dict_0006_0194.uasset" 8215
"../../../Engine/Content/EngineMaterials/Substrate/Glints2/dict_0006_0182.uasset" 8216
"../../../Engine/Content/EngineMaterials/Substrate/Glints2/dict_0006_0186.uasset" 8217
"../../../Engine/Content/EngineMaterials/Substrate/Glints2/dict_0006_0185.uasset" 8218
"/Engine/EngineMaterials/Substrate/Glints2/dict_0006_0203" 8219
"/Engine/EngineMaterials/Substrate/Glints2/dict_0006_0204" 8220
"/Engine/EngineMaterials/Substrate/Glints2/dict_0006_0205" 8221
"../../../Engine/Content/EngineMaterials/Substrate/Glints2/dict_0006_0181.uasset" 8222
"/Engine/EngineMaterials/Substrate/Glints2/dict_0006_0206" 8223
"../../../Engine/Content/EngineMaterials/Substrate/Glints2/dict_0006_0180.uasset" 8224
"../../../Engine/Content/EngineMaterials/Substrate/Glints2/dict_0006_0179.uasset" 8225
"/Engine/EngineMaterials/Substrate/Glints2/dict_0006_0207" 8226
"/Engine/EngineMaterials/Substrate/Glints2/dict_0006_0208" 8227
"/Engine/EngineMaterials/Substrate/Glints2/dict_0006_0209" 8228
"/Engine/EngineMaterials/Substrate/Glints2/dict_0006_0210" 8229
"../../../Engine/Content/EngineMaterials/Substrate/Glints2/dict_0006_0178.uasset" 8230
"../../../Engine/Content/EngineMaterials/Substrate/Glints2/dict_0006_0175.uasset" 8231
"../../../Engine/Content/EngineMaterials/Substrate/Glints2/dict_0006_0172.uasset" 8232
"../../../Engine/Content/EngineMaterials/Substrate/Glints2/dict_0006_0168.uasset" 8233
"../../../Engine/Content/EngineMaterials/Substrate/Glints2/dict_0006_0169.uasset" 8234
"../../../Engine/Content/EngineMaterials/Substrate/Glints2/dict_0006_0170.uasset" 8235
"../../../Engine/Content/EngineMaterials/Substrate/Glints2/dict_0006_0173.uasset" 8236
"/Engine/EngineMaterials/Substrate/Glints2/dict_0006_0179" 8237
"../../../Engine/Content/EngineMaterials/Substrate/Glints2/dict_0006_0174.uasset" 8238
"../../../Engine/Content/EngineMaterials/Substrate/Glints2/dict_0006_0167.uasset" 8239
"../../../Engine/Content/EngineMaterials/Substrate/Glints2/dict_0006_0171.uasset" 8240
"../../../Engine/Content/EngineMaterials/Substrate/Glints2/dict_0006_0176.uasset" 8241
"../../../Engine/Content/EngineMaterials/Substrate/Glints2/dict_0006_0177.uasset" 8242
"/Engine/EngineMaterials/Substrate/Glints2/dict_0006_0180" 8243
"/Engine/EngineMaterials/Substrate/Glints2/dict_0006_0181" 8244
"/Engine/EngineMaterials/Substrate/Glints2/dict_0006_0182" 8245
"/Engine/EngineMaterials/Substrate/Glints2/dict_0006_0183" 8246
"/Engine/EngineMaterials/Substrate/Glints2/dict_0006_0184" 8247
"/Engine/EngineMaterials/Substrate/Glints2/dict_0006_0185" 8248
"/Engine/EngineMaterials/Substrate/Glints2/dict_0006_0186" 8249
"/Engine/EngineMaterials/Substrate/Glints2/dict_0006_0187" 8250
"/Engine/EngineMaterials/Substrate/Glints2/dict_0006_0188" 8251
"/Engine/EngineMaterials/Substrate/Glints2/dict_0006_0189" 8252
"/Engine/EngineMaterials/Substrate/Glints2/dict_0006_0190" 8253
"/Engine/EngineMaterials/Substrate/Glints2/dict_0006_0191" 8254
"/Engine/EngineMaterials/Substrate/Glints2/dict_0006_0192" 8255
"/Engine/EngineMaterials/Substrate/Glints2/dict_0006_0193" 8256
"/Engine/EngineMaterials/Substrate/Glints2/dict_0006_0194" 8257
"/Engine/EngineMaterials/Substrate/Glints2/dict_0006_0195" 8258
"/Engine/EngineMaterials/Substrate/Glints2/dict_0006_0196" 8259
"/Engine/EngineMaterials/Substrate/Glints2/dict_0006_0197" 8260
"/Engine/EngineMaterials/Substrate/Glints2/dict_0006_0198" 8261
"/Engine/EngineMaterials/Substrate/Glints2/dict_0006_0167" 8262
"../../../Engine/Content/EngineMaterials/Substrate/Glints2/dict_0006_0166.uasset" 8263
"../../../Engine/Content/EngineMaterials/Substrate/Glints2/dict_0006_0160.uasset" 8264
"../../../Engine/Content/EngineMaterials/Substrate/Glints2/dict_0006_0162.uasset" 8265
"../../../Engine/Content/EngineMaterials/Substrate/Glints2/dict_0006_0158.uasset" 8266
"../../../Engine/Content/EngineMaterials/Substrate/Glints2/dict_0006_0163.uasset" 8267
"/Engine/EngineMaterials/Substrate/Glints2/dict_0006_0168" 8268
"../../../Engine/Content/EngineMaterials/Substrate/Glints2/dict_0006_0164.uasset" 8269
"../../../Engine/Content/EngineMaterials/Substrate/Glints2/dict_0006_0165.uasset" 8270
"../../../Engine/Content/EngineMaterials/Substrate/Glints2/dict_0006_0159.uasset" 8271
"../../../Engine/Content/EngineMaterials/Substrate/Glints2/dict_0006_0157.uasset" 8272
"/Engine/EngineMaterials/Substrate/Glints2/dict_0006_0169" 8273
"../../../Engine/Content/EngineMaterials/Substrate/Glints2/dict_0006_0161.uasset" 8274
"../../../Engine/Content/EngineMaterials/Substrate/Glints2/dict_0006_0152.uasset" 8275
"../../../Engine/Content/EngineMaterials/Substrate/Glints2/dict_0006_0156.uasset" 8276
"../../../Engine/Content/EngineMaterials/Substrate/Glints2/dict_0006_0155.uasset" 8277
"../../../Engine/Content/EngineMaterials/Substrate/Glints2/dict_0006_0151.uasset" 8278
"../../../Engine/Content/EngineMaterials/Substrate/Glints2/dict_0006_0150.uasset" 8279
"../../../Engine/Content/EngineMaterials/Substrate/Glints2/dict_0006_0154.uasset" 8280
"/Engine/EngineMaterials/Substrate/Glints2/dict_0006_0170" 8281
"../../../Engine/Content/EngineMaterials/Substrate/Glints2/dict_0006_0153.uasset" 8282
"/Engine/EngineMaterials/Substrate/Glints2/dict_0006_0171" 8283
"/Engine/EngineMaterials/Substrate/Glints2/dict_0006_0172" 8284
"/Engine/EngineMaterials/Substrate/Glints2/dict_0006_0173" 8285
"/Engine/EngineMaterials/Substrate/Glints2/dict_0006_0174" 8286
"../../../Engine/Content/EngineMaterials/Substrate/Glints2/dict_0006_0149.uasset" 8287
"../../../Engine/Content/EngineMaterials/Substrate/Glints2/dict_0006_0148.uasset" 8288
"../../../Engine/Content/EngineMaterials/Substrate/Glints2/dict_0006_0147.uasset" 8289
"/Engine/EngineMaterials/Substrate/Glints2/dict_0006_0175" 8290
"/Engine/EngineMaterials/Substrate/Glints2/dict_0006_0176" 8291
"/Engine/EngineMaterials/Substrate/Glints2/dict_0006_0177" 8292
"/Engine/EngineMaterials/Substrate/Glints2/dict_0006_0178" 8293
"../../../Engine/Content/EngineMaterials/Substrate/Glints2/dict_0006_0146.uasset" 8294
"../../../Engine/Content/EngineMaterials/Substrate/Glints2/dict_0006_0145.uasset" 8295
"../../../Engine/Content/EngineMaterials/Substrate/Glints2/dict_0006_0144.uasset" 8296
"../../../Engine/Content/EngineMaterials/Substrate/Glints2/dict_0006_0140.uasset" 8297
"../../../Engine/Content/EngineMaterials/Substrate/Glints2/dict_0006_0142.uasset" 8298
"../../../Engine/Content/EngineMaterials/Substrate/Glints2/dict_0006_0143.uasset" 8299
"../../../Engine/Content/EngineMaterials/Substrate/Glints2/dict_0006_0141.uasset" 8300
"../../../Engine/Content/EngineMaterials/Substrate/Glints2/dict_0006_0138.uasset" 8301
"/Engine/EngineMaterials/Substrate/Glints2/dict_0006_0147" 8302
"../../../Engine/Content/EngineMaterials/Substrate/Glints2/dict_0006_0139.uasset" 8303
"../../../Engine/Content/EngineMaterials/Substrate/Glints2/dict_0006_0136.uasset" 8304
"../../../Engine/Content/EngineMaterials/Substrate/Glints2/dict_0006_0135.uasset" 8305
"../../../Engine/Content/EngineMaterials/Substrate/Glints2/dict_0006_0137.uasset" 8306
"/Engine/EngineMaterials/Substrate/Glints2/dict_0006_0148" 8307
"/Engine/EngineMaterials/Substrate/Glints2/dict_0006_0149" 8308
"/Engine/EngineMaterials/Substrate/Glints2/dict_0006_0150" 8309
"/Engine/EngineMaterials/Substrate/Glints2/dict_0006_0151" 8310
"/Engine/EngineMaterials/Substrate/Glints2/dict_0006_0152" 8311
"/Engine/EngineMaterials/Substrate/Glints2/dict_0006_0153" 8312
"/Engine/EngineMaterials/Substrate/Glints2/dict_0006_0154" 8313
"/Engine/EngineMaterials/Substrate/Glints2/dict_0006_0155" 8314
"/Engine/EngineMaterials/Substrate/Glints2/dict_0006_0156" 8315
"/Engine/EngineMaterials/Substrate/Glints2/dict_0006_0157" 8316
"/Engine/EngineMaterials/Substrate/Glints2/dict_0006_0158" 8317
"/Engine/EngineMaterials/Substrate/Glints2/dict_0006_0159" 8318
"/Engine/EngineMaterials/Substrate/Glints2/dict_0006_0160" 8319
"/Engine/EngineMaterials/Substrate/Glints2/dict_0006_0161" 8320
"/Engine/EngineMaterials/Substrate/Glints2/dict_0006_0162" 8321
"/Engine/EngineMaterials/Substrate/Glints2/dict_0006_0163" 8322
"/Engine/EngineMaterials/Substrate/Glints2/dict_0006_0164" 8323
"/Engine/EngineMaterials/Substrate/Glints2/dict_0006_0165" 8324
"/Engine/EngineMaterials/Substrate/Glints2/dict_0006_0166" 8325
"/Engine/EngineMaterials/Substrate/Glints2/dict_0006_0135" 8326
"../../../Engine/Content/EngineMaterials/Substrate/Glints2/dict_0006_0134.uasset" 8327
"../../../Engine/Content/EngineMaterials/Substrate/Glints2/dict_0006_0129.uasset" 8328
"../../../Engine/Content/EngineMaterials/Substrate/Glints2/dict_0006_0132.uasset" 8329
"../../../Engine/Content/EngineMaterials/Substrate/Glints2/dict_0006_0127.uasset" 8330
"../../../Engine/Content/EngineMaterials/Substrate/Glints2/dict_0006_0133.uasset" 8331
"/Engine/EngineMaterials/Substrate/Glints2/dict_0006_0136" 8332
"../../../Engine/Content/EngineMaterials/Substrate/Glints2/dict_0006_0131.uasset" 8333
"../../../Engine/Content/EngineMaterials/Substrate/Glints2/dict_0006_0130.uasset" 8334
"../../../Engine/Content/EngineMaterials/Substrate/Glints2/dict_0006_0128.uasset" 8335
"../../../Engine/Content/EngineMaterials/Substrate/Glints2/dict_0006_0120.uasset" 8336
"../../../Engine/Content/EngineMaterials/Substrate/Glints2/dict_0006_0125.uasset" 8337
"../../../Engine/Content/EngineMaterials/Substrate/Glints2/dict_0006_0126.uasset" 8338
"/Engine/EngineMaterials/Substrate/Glints2/dict_0006_0137" 8339
"../../../Engine/Content/EngineMaterials/Substrate/Glints2/dict_0006_0124.uasset" 8340
"../../../Engine/Content/EngineMaterials/Substrate/Glints2/dict_0006_0119.uasset" 8341
"../../../Engine/Content/EngineMaterials/Substrate/Glints2/dict_0006_0123.uasset" 8342
"../../../Engine/Content/EngineMaterials/Substrate/Glints2/dict_0006_0122.uasset" 8343
"../../../Engine/Content/EngineMaterials/Substrate/Glints2/dict_0006_0121.uasset" 8344
"../../../Engine/Content/EngineMaterials/Substrate/Glints2/dict_0006_0118.uasset" 8345
"/Engine/EngineMaterials/Substrate/Glints2/dict_0006_0138" 8346
"/Engine/EngineMaterials/Substrate/Glints2/dict_0006_0139" 8347
"../../../Engine/Content/EngineMaterials/Substrate/Glints2/dict_0006_0117.uasset" 8348
"/Engine/EngineMaterials/Substrate/Glints2/dict_0006_0140" 8349
"../../../Engine/Content/EngineMaterials/Substrate/Glints2/dict_0006_0116.uasset" 8350
"/Engine/EngineMaterials/Substrate/Glints2/dict_0006_0141" 8351
"/Engine/EngineMaterials/Substrate/Glints2/dict_0006_0142" 8352
"../../../Engine/Content/EngineMaterials/Substrate/Glints2/dict_0006_0115.uasset" 8353
"/Engine/EngineMaterials/Substrate/Glints2/dict_0006_0143" 8354
"/Engine/EngineMaterials/Substrate/Glints2/dict_0006_0144" 8355
"/Engine/EngineMaterials/Substrate/Glints2/dict_0006_0145" 8356
"/Engine/EngineMaterials/Substrate/Glints2/dict_0006_0146" 8357
"../../../Engine/Content/EngineMaterials/Substrate/Glints2/dict_0006_0113.uasset" 8358
"../../../Engine/Content/EngineMaterials/Substrate/Glints2/dict_0006_0114.uasset" 8359
"../../../Engine/Content/EngineMaterials/Substrate/Glints2/dict_0006_0108.uasset" 8360
"../../../Engine/Content/EngineMaterials/Substrate/Glints2/dict_0006_0111.uasset" 8361
"../../../Engine/Content/EngineMaterials/Substrate/Glints2/dict_0006_0112.uasset" 8362
"/Engine/EngineMaterials/Substrate/Glints2/dict_0006_0115" 8363
"../../../Engine/Content/EngineMaterials/Substrate/Glints2/dict_0006_0105.uasset" 8364
"../../../Engine/Content/EngineMaterials/Substrate/Glints2/dict_0006_0109.uasset" 8365
"../../../Engine/Content/EngineMaterials/Substrate/Glints2/dict_0006_0103.uasset" 8366
"../../../Engine/Content/EngineMaterials/Substrate/Glints2/dict_0006_0104.uasset" 8367
"../../../Engine/Content/EngineMaterials/Substrate/Glints2/dict_0006_0107.uasset" 8368
"../../../Engine/Content/EngineMaterials/Substrate/Glints2/dict_0006_0106.uasset" 8369
"../../../Engine/Content/EngineMaterials/Substrate/Glints2/dict_0006_0110.uasset" 8370
"/Engine/EngineMaterials/Substrate/Glints2/dict_0006_0116" 8371
"/Engine/EngineMaterials/Substrate/Glints2/dict_0006_0117" 8372
"/Engine/EngineMaterials/Substrate/Glints2/dict_0006_0118" 8373
"/Engine/EngineMaterials/Substrate/Glints2/dict_0006_0119" 8374
"/Engine/EngineMaterials/Substrate/Glints2/dict_0006_0120" 8375
"/Engine/EngineMaterials/Substrate/Glints2/dict_0006_0121" 8376
"/Engine/EngineMaterials/Substrate/Glints2/dict_0006_0122" 8377
"/Engine/EngineMaterials/Substrate/Glints2/dict_0006_0123" 8378
"/Engine/EngineMaterials/Substrate/Glints2/dict_0006_0124" 8379
"/Engine/EngineMaterials/Substrate/Glints2/dict_0006_0125" 8380
"/Engine/EngineMaterials/Substrate/Glints2/dict_0006_0126" 8381
"/Engine/EngineMaterials/Substrate/Glints2/dict_0006_0127" 8382
"/Engine/EngineMaterials/Substrate/Glints2/dict_0006_0128" 8383
"/Engine/EngineMaterials/Substrate/Glints2/dict_0006_0129" 8384
"/Engine/EngineMaterials/Substrate/Glints2/dict_0006_0130" 8385
"/Engine/EngineMaterials/Substrate/Glints2/dict_0006_0131" 8386
"/Engine/EngineMaterials/Substrate/Glints2/dict_0006_0132" 8387
"/Engine/EngineMaterials/Substrate/Glints2/dict_0006_0133" 8388
"/Engine/EngineMaterials/Substrate/Glints2/dict_0006_0134" 8389
"../../../Engine/Content/EngineMaterials/Substrate/Glints2/dict_0006_0102.uasset" 8390
"/Engine/EngineMaterials/Substrate/Glints2/dict_0006_0103" 8391
"../../../Engine/Content/EngineMaterials/Substrate/Glints2/dict_0006_0094.uasset" 8392
"../../../Engine/Content/EngineMaterials/Substrate/Glints2/dict_0006_0096.uasset" 8393
"../../../Engine/Content/EngineMaterials/Substrate/Glints2/dict_0006_0097.uasset" 8394
"/Engine/EngineMaterials/Substrate/Glints2/dict_0006_0104" 8395
"../../../Engine/Content/EngineMaterials/Substrate/Glints2/dict_0006_0095.uasset" 8396
"../../../Engine/Content/EngineMaterials/Substrate/Glints2/dict_0006_0101.uasset" 8397
"../../../Engine/Content/EngineMaterials/Substrate/Glints2/dict_0006_0100.uasset" 8398
"../../../Engine/Content/EngineMaterials/Substrate/Glints2/dict_0006_0098.uasset" 8399
"/Engine/EngineMaterials/Substrate/Glints2/dict_0006_0105" 8400
"../../../Engine/Content/EngineMaterials/Substrate/Glints2/dict_0006_0091.uasset" 8401
"../../../Engine/Content/EngineMaterials/Substrate/Glints2/dict_0006_0099.uasset" 8402
"../../../Engine/Content/EngineMaterials/Substrate/Glints2/dict_0006_0088.uasset" 8403
"../../../Engine/Content/EngineMaterials/Substrate/Glints2/dict_0006_0093.uasset" 8404
"../../../Engine/Content/EngineMaterials/Substrate/Glints2/dict_0006_0087.uasset" 8405
"../../../Engine/Content/EngineMaterials/Substrate/Glints2/dict_0006_0092.uasset" 8406
"../../../Engine/Content/EngineMaterials/Substrate/Glints2/dict_0006_0086.uasset" 8407
"/Engine/EngineMaterials/Substrate/Glints2/dict_0006_0106" 8408
"../../../Engine/Content/EngineMaterials/Substrate/Glints2/dict_0006_0090.uasset" 8409
"../../../Engine/Content/EngineMaterials/Substrate/Glints2/dict_0006_0089.uasset" 8410
"/Engine/EngineMaterials/Substrate/Glints2/dict_0006_0107" 8411
"/Engine/EngineMaterials/Substrate/Glints2/dict_0006_0108" 8412
"/Engine/EngineMaterials/Substrate/Glints2/dict_0006_0109" 8413
"/Engine/EngineMaterials/Substrate/Glints2/dict_0006_0110" 8414
"/Engine/EngineMaterials/Substrate/Glints2/dict_0006_0111" 8415
"/Engine/EngineMaterials/Substrate/Glints2/dict_0006_0112" 8416
"/Engine/EngineMaterials/Substrate/Glints2/dict_0006_0113" 8417
"/Engine/EngineMaterials/Substrate/Glints2/dict_0006_0114" 8418
"/Engine/EngineMaterials/Substrate/Glints2/dict_0006_0086" 8419
"../../../Engine/Content/EngineMaterials/Substrate/Glints2/dict_0006_0085.uasset" 8420
"../../../Engine/Content/EngineMaterials/Substrate/Glints2/dict_0006_0076.uasset" 8421
"/Engine/EngineMaterials/Substrate/Glints2/dict_0006_0087" 8422
"/Engine/EngineMaterials/Substrate/Glints2/dict_0006_0088" 8423
"/Engine/EngineMaterials/Substrate/Glints2/dict_0006_0089" 8424
"/Engine/EngineMaterials/Substrate/Glints2/dict_0006_0090" 8425
"../../../Engine/Content/EngineMaterials/Substrate/Glints2/dict_0006_0084.uasset" 8426
"../../../Engine/Content/EngineMaterials/Substrate/Glints2/dict_0006_0083.uasset" 8427
"/Engine/EngineMaterials/Substrate/Glints2/dict_0006_0091" 8428
"/Engine/EngineMaterials/Substrate/Glints2/dict_0006_0092" 8429
"/Engine/EngineMaterials/Substrate/Glints2/dict_0006_0093" 8430
"/Engine/EngineMaterials/Substrate/Glints2/dict_0006_0094" 8431
"/Engine/EngineMaterials/Substrate/Glints2/dict_0006_0095" 8432
"../../../Engine/Content/EngineMaterials/Substrate/Glints2/dict_0006_0082.uasset" 8433
"../../../Engine/Content/EngineMaterials/Substrate/Glints2/dict_0006_0080.uasset" 8434
"../../../Engine/Content/EngineMaterials/Substrate/Glints2/dict_0006_0081.uasset" 8435
"../../../Engine/Content/EngineMaterials/Substrate/Glints2/dict_0006_0078.uasset" 8436
"../../../Engine/Content/EngineMaterials/Substrate/Glints2/dict_0006_0079.uasset" 8437
"../../../Engine/Content/EngineMaterials/Substrate/Glints2/dict_0006_0077.uasset" 8438
"../../../Engine/Content/EngineMaterials/Substrate/Glints2/dict_0006_0075.uasset" 8439
"/Engine/EngineMaterials/Substrate/Glints2/dict_0006_0096" 8440
"../../../Engine/Content/EngineMaterials/Substrate/Glints2/dict_0006_0074.uasset" 8441
"../../../Engine/Content/EngineMaterials/Substrate/Glints2/dict_0006_0073.uasset" 8442
"../../../Engine/Content/EngineMaterials/Substrate/Glints2/dict_0006_0072.uasset" 8443
"/Engine/EngineMaterials/Substrate/Glints2/dict_0006_0097" 8444
"../../../Engine/Content/EngineMaterials/Substrate/Glints2/dict_0006_0071.uasset" 8445
"/Engine/EngineMaterials/Substrate/Glints2/dict_0006_0098" 8446
"/Engine/EngineMaterials/Substrate/Glints2/dict_0006_0099" 8447
"/Engine/EngineMaterials/Substrate/Glints2/dict_0006_0100" 8448
"/Engine/EngineMaterials/Substrate/Glints2/dict_0006_0101" 8449
"/Engine/EngineMaterials/Substrate/Glints2/dict_0006_0102" 8450
"../../../Engine/Content/EngineMaterials/Substrate/Glints2/dict_0006_0070.uasset" 8451
"/Engine/EngineMaterials/Substrate/Glints2/dict_0006_0083" 8452
"/Engine/EngineMaterials/Substrate/Glints2/dict_0006_0084" 8453
"/Engine/EngineMaterials/Substrate/Glints2/dict_0006_0085" 8454
"/Engine/EngineMaterials/Substrate/Glints2/dict_0006_0071" 8455
"/Engine/EngineMaterials/Substrate/Glints2/dict_0006_0072" 8456
"/Engine/EngineMaterials/Substrate/Glints2/dict_0006_0073" 8457
"/Engine/EngineMaterials/Substrate/Glints2/dict_0006_0074" 8458
"/Engine/EngineMaterials/Substrate/Glints2/dict_0006_0075" 8459
"/Engine/EngineMaterials/Substrate/Glints2/dict_0006_0076" 8460
"/Engine/EngineMaterials/Substrate/Glints2/dict_0006_0077" 8461
"/Engine/EngineMaterials/Substrate/Glints2/dict_0006_0078" 8462
"/Engine/EngineMaterials/Substrate/Glints2/dict_0006_0079" 8463
"/Engine/EngineMaterials/Substrate/Glints2/dict_0006_0080" 8464
"/Engine/EngineMaterials/Substrate/Glints2/dict_0006_0081" 8465
"/Engine/EngineMaterials/Substrate/Glints2/dict_0006_0082" 8466
"../../../Engine/Content/EngineMaterials/Substrate/Glints2/dict_0006_0067.uasset" 8467
"../../../Engine/Content/EngineMaterials/Substrate/Glints2/dict_0006_0066.uasset" 8468
"../../../Engine/Content/EngineMaterials/Substrate/Glints2/dict_0006_0069.uasset" 8469
"../../../Engine/Content/EngineMaterials/Substrate/Glints2/dict_0006_0068.uasset" 8470
"../../../Engine/Content/EngineMaterials/Substrate/Glints2/dict_0006_0065.uasset" 8471
"../../../Engine/Content/EngineMaterials/Substrate/Glints2/dict_0006_0063.uasset" 8472
"../../../Engine/Content/EngineMaterials/Substrate/Glints2/dict_0006_0064.uasset" 8473
"../../../Engine/Content/EngineMaterials/Substrate/Glints2/dict_0006_0062.uasset" 8474
"../../../Engine/Content/EngineMaterials/Substrate/Glints2/dict_0006_0059.uasset" 8475
"../../../Engine/Content/EngineMaterials/Substrate/Glints2/dict_0006_0058.uasset" 8476
"../../../Engine/Content/EngineMaterials/Substrate/Glints2/dict_0006_0061.uasset" 8477
"../../../Engine/Content/EngineMaterials/Substrate/Glints2/dict_0006_0057.uasset" 8478
"../../../Engine/Content/EngineMaterials/Substrate/Glints2/dict_0006_0060.uasset" 8479
"../../../Engine/Content/EngineMaterials/Substrate/Glints2/dict_0006_0056.uasset" 8480
"../../../Engine/Content/EngineMaterials/Substrate/Glints2/dict_0006_0055.uasset" 8481
"../../../Engine/Content/EngineMaterials/Substrate/Glints2/dict_0006_0054.uasset" 8482
"../../../Engine/Content/EngineMaterials/Substrate/Glints2/dict_0006_0053.uasset" 8483
"../../../Engine/Content/EngineMaterials/Substrate/Glints2/dict_0006_0043.uasset" 8484
"../../../Engine/Content/EngineMaterials/Substrate/Glints2/dict_0006_0052.uasset" 8485
"../../../Engine/Content/EngineMaterials/Substrate/Glints2/dict_0006_0051.uasset" 8486
"../../../Engine/Content/EngineMaterials/Substrate/Glints2/dict_0006_0050.uasset" 8487
"../../../Engine/Content/EngineMaterials/Substrate/Glints2/dict_0006_0042.uasset" 8488
"../../../Engine/Content/EngineMaterials/Substrate/Glints2/dict_0006_0049.uasset" 8489
"../../../Engine/Content/EngineMaterials/Substrate/Glints2/dict_0006_0048.uasset" 8490
"../../../Engine/Content/EngineMaterials/Substrate/Glints2/dict_0006_0047.uasset" 8491
"../../../Engine/Content/EngineMaterials/Substrate/Glints2/dict_0006_0045.uasset" 8492
"../../../Engine/Content/EngineMaterials/Substrate/Glints2/dict_0006_0041.uasset" 8493
"../../../Engine/Content/EngineMaterials/Substrate/Glints2/dict_0006_0040.uasset" 8494
"../../../Engine/Content/EngineMaterials/Substrate/Glints2/dict_0006_0044.uasset" 8495
"../../../Engine/Content/EngineMaterials/Substrate/Glints2/dict_0006_0046.uasset" 8496
"../../../Engine/Content/EngineMaterials/Substrate/Glints2/dict_0006_0039.uasset" 8497
"/Engine/EngineMaterials/Substrate/Glints2/dict_0006_0039" 8498
"/Engine/EngineMaterials/Substrate/Glints2/dict_0006_0040" 8499
"/Engine/EngineMaterials/Substrate/Glints2/dict_0006_0041" 8500
"/Engine/EngineMaterials/Substrate/Glints2/dict_0006_0054" 8501
"/Engine/EngineMaterials/Substrate/Glints2/dict_0006_0055" 8502
"/Engine/EngineMaterials/Substrate/Glints2/dict_0006_0056" 8503
"/Engine/EngineMaterials/Substrate/Glints2/dict_0006_0057" 8504
"/Engine/EngineMaterials/Substrate/Glints2/dict_0006_0058" 8505
"/Engine/EngineMaterials/Substrate/Glints2/dict_0006_0042" 8506
"/Engine/EngineMaterials/Substrate/Glints2/dict_0006_0043" 8507
"/Engine/EngineMaterials/Substrate/Glints2/dict_0006_0059" 8508
"/Engine/EngineMaterials/Substrate/Glints2/dict_0006_0044" 8509
"/Engine/EngineMaterials/Substrate/Glints2/dict_0006_0045" 8510
"/Engine/EngineMaterials/Substrate/Glints2/dict_0006_0046" 8511
"/Engine/EngineMaterials/Substrate/Glints2/dict_0006_0047" 8512
"/Engine/EngineMaterials/Substrate/Glints2/dict_0006_0048" 8513
"/Engine/EngineMaterials/Substrate/Glints2/dict_0006_0060" 8514
"/Engine/EngineMaterials/Substrate/Glints2/dict_0006_0049" 8515
"/Engine/EngineMaterials/Substrate/Glints2/dict_0006_0050" 8516
"/Engine/EngineMaterials/Substrate/Glints2/dict_0006_0051" 8517
"/Engine/EngineMaterials/Substrate/Glints2/dict_0006_0052" 8518
"/Engine/EngineMaterials/Substrate/Glints2/dict_0006_0053" 8519
"/Engine/EngineMaterials/Substrate/Glints2/dict_0006_0061" 8520
"/Engine/EngineMaterials/Substrate/Glints2/dict_0006_0062" 8521
"/Engine/EngineMaterials/Substrate/Glints2/dict_0006_0063" 8522
"/Engine/EngineMaterials/Substrate/Glints2/dict_0006_0064" 8523
"/Engine/EngineMaterials/Substrate/Glints2/dict_0006_0065" 8524
"/Engine/EngineMaterials/Substrate/Glints2/dict_0006_0066" 8525
"/Engine/EngineMaterials/Substrate/Glints2/dict_0006_0067" 8526
"/Engine/EngineMaterials/Substrate/Glints2/dict_0006_0068" 8527
"/Engine/EngineMaterials/Substrate/Glints2/dict_0006_0069" 8528
"/Engine/EngineMaterials/Substrate/Glints2/dict_0006_0070" 8529
"../../../Engine/Content/EngineMaterials/Substrate/Glints2/dict_0006_0038.uasset" 8530
"../../../Engine/Content/EngineMaterials/Substrate/Glints2/dict_0006_0036.uasset" 8531
"../../../Engine/Content/EngineMaterials/Substrate/Glints2/dict_0006_0035.uasset" 8532
"../../../Engine/Content/EngineMaterials/Substrate/Glints2/dict_0006_0034.uasset" 8533
"../../../Engine/Content/EngineMaterials/Substrate/Glints2/dict_0006_0037.uasset" 8534
"../../../Engine/Content/EngineMaterials/Substrate/Glints2/dict_0006_0033.uasset" 8535
"../../../Engine/Content/EngineMaterials/Substrate/Glints2/dict_0006_0028.uasset" 8536
"../../../Engine/Content/EngineMaterials/Substrate/Glints2/dict_0006_0029.uasset" 8537
"../../../Engine/Content/EngineMaterials/Substrate/Glints2/dict_0006_0030.uasset" 8538
"../../../Engine/Content/EngineMaterials/Substrate/Glints2/dict_0006_0027.uasset" 8539
"../../../Engine/Content/EngineMaterials/Substrate/Glints2/dict_0006_0031.uasset" 8540
"../../../Engine/Content/EngineMaterials/Substrate/Glints2/dict_0006_0032.uasset" 8541
"../../../Engine/Content/EngineMaterials/Substrate/Glints2/dict_0006_0024.uasset" 8542
"../../../Engine/Content/EngineMaterials/Substrate/Glints2/dict_0006_0023.uasset" 8543
"../../../Engine/Content/EngineMaterials/Substrate/Glints2/dict_0006_0026.uasset" 8544
"../../../Engine/Content/EngineMaterials/Substrate/Glints2/dict_0006_0022.uasset" 8545
"../../../Engine/Content/EngineMaterials/Substrate/Glints2/dict_0006_0025.uasset" 8546
"../../../Engine/Content/EngineMaterials/Substrate/Glints2/dict_0006_0021.uasset" 8547
"../../../Engine/Content/EngineMaterials/Substrate/Glints2/dict_0006_0020.uasset" 8548
"../../../Engine/Content/EngineMaterials/Substrate/Glints2/dict_0006_0010.uasset" 8549
"../../../Engine/Content/EngineMaterials/Substrate/Glints2/dict_0006_0009.uasset" 8550
"../../../Engine/Content/EngineMaterials/Substrate/Glints2/dict_0006_0008.uasset" 8551
"../../../Engine/Content/EngineMaterials/Substrate/Glints2/dict_0006_0019.uasset" 8552
"../../../Engine/Content/EngineMaterials/Substrate/Glints2/dict_0006_0018.uasset" 8553
"../../../Engine/Content/EngineMaterials/Substrate/Glints2/dict_0006_0016.uasset" 8554
"../../../Engine/Content/EngineMaterials/Substrate/Glints2/dict_0006_0007.uasset" 8555
"../../../Engine/Content/EngineMaterials/Substrate/Glints2/dict_0006_0017.uasset" 8556
"../../../Engine/Content/EngineMaterials/Substrate/Glints2/dict_0006_0015.uasset" 8557
"../../../Engine/Content/EngineMaterials/Substrate/Glints2/dict_0006_0014.uasset" 8558
"../../../Engine/Content/EngineMaterials/Substrate/Glints2/dict_0006_0012.uasset" 8559
"../../../Engine/Content/EngineMaterials/Substrate/Glints2/dict_0006_0011.uasset" 8560
"../../../Engine/Content/EngineMaterials/Substrate/Glints2/dict_0006_0013.uasset" 8561
"/Engine/EngineMaterials/Substrate/Glints2/dict_0006_0007" 8562
"/Engine/EngineMaterials/Substrate/Glints2/dict_0006_0008" 8563
"/Engine/EngineMaterials/Substrate/Glints2/dict_0006_0009" 8564
"/Engine/EngineMaterials/Substrate/Glints2/dict_0006_0010" 8565
"/Engine/EngineMaterials/Substrate/Glints2/dict_0006_0011" 8566
"/Engine/EngineMaterials/Substrate/Glints2/dict_0006_0012" 8567
"/Engine/EngineMaterials/Substrate/Glints2/dict_0006_0013" 8568
"/Engine/EngineMaterials/Substrate/Glints2/dict_0006_0014" 8569
"/Engine/EngineMaterials/Substrate/Glints2/dict_0006_0015" 8570
"/Engine/EngineMaterials/Substrate/Glints2/dict_0006_0016" 8571
"/Engine/EngineMaterials/Substrate/Glints2/dict_0006_0017" 8572
"/Engine/EngineMaterials/Substrate/Glints2/dict_0006_0018" 8573
"/Engine/EngineMaterials/Substrate/Glints2/dict_0006_0019" 8574
"/Engine/EngineMaterials/Substrate/Glints2/dict_0006_0020" 8575
"/Engine/EngineMaterials/Substrate/Glints2/dict_0006_0021" 8576
"/Engine/EngineMaterials/Substrate/Glints2/dict_0006_0022" 8577
"/Engine/EngineMaterials/Substrate/Glints2/dict_0006_0023" 8578
"/Engine/EngineMaterials/Substrate/Glints2/dict_0006_0024" 8579
"/Engine/EngineMaterials/Substrate/Glints2/dict_0006_0025" 8580
"/Engine/EngineMaterials/Substrate/Glints2/dict_0006_0026" 8581
"/Engine/EngineMaterials/Substrate/Glints2/dict_0006_0027" 8582
"/Engine/EngineMaterials/Substrate/Glints2/dict_0006_0028" 8583
"/Engine/EngineMaterials/Substrate/Glints2/dict_0006_0029" 8584
"/Engine/EngineMaterials/Substrate/Glints2/dict_0006_0030" 8585
"/Engine/EngineMaterials/Substrate/Glints2/dict_0006_0031" 8586
"/Engine/EngineMaterials/Substrate/Glints2/dict_0006_0032" 8587
"/Engine/EngineMaterials/Substrate/Glints2/dict_0006_0033" 8588
"/Engine/EngineMaterials/Substrate/Glints2/dict_0006_0034" 8589
"/Engine/EngineMaterials/Substrate/Glints2/dict_0006_0035" 8590
"/Engine/EngineMaterials/Substrate/Glints2/dict_0006_0036" 8591
"/Engine/EngineMaterials/Substrate/Glints2/dict_0006_0037" 8592
"/Engine/EngineMaterials/Substrate/Glints2/dict_0006_0038" 8593
"../../../Engine/Content/EngineMaterials/Substrate/Glints2/dict_0006_0006.uasset" 8594
"../../../Engine/Content/EngineMaterials/Substrate/Glints2/dict_0006_0005.uasset" 8595
"../../../Engine/Content/EngineMaterials/Substrate/Glints2/dict_0006_0004.uasset" 8596
"../../../Engine/Content/EngineMaterials/Substrate/Glints2/dict_0006_0003.uasset" 8597
"../../../Engine/Content/EngineMaterials/Substrate/Glints2/dict_0006_0002.uasset" 8598
"../../../Engine/Content/EngineMaterials/Substrate/Glints2/dict_0006_0001.uasset" 8599
"../../../Engine/Content/EngineMaterials/Substrate/Glints2/dict_0006_0000.uasset" 8600
"../../../Engine/Content/EngineMaterials/Substrate/Glints2/dict_0005_0255.uasset" 8601
"../../../Engine/Content/EngineMaterials/Substrate/Glints2/dict_0005_0254.uasset" 8602
"../../../Engine/Content/EngineMaterials/Substrate/Glints2/dict_0005_0253.uasset" 8603
"../../../Engine/Content/EngineMaterials/Substrate/Glints2/dict_0005_0252.uasset" 8604
"../../../Engine/Content/EngineMaterials/Substrate/Glints2/dict_0005_0251.uasset" 8605
"../../../Engine/Content/EngineMaterials/Substrate/Glints2/dict_0005_0250.uasset" 8606
"../../../Engine/Content/EngineMaterials/Substrate/Glints2/dict_0005_0249.uasset" 8607
"../../../Engine/Content/EngineMaterials/Substrate/Glints2/dict_0005_0248.uasset" 8608
"../../../Engine/Content/EngineMaterials/Substrate/Glints2/dict_0005_0247.uasset" 8609
"../../../Engine/Content/EngineMaterials/Substrate/Glints2/dict_0005_0246.uasset" 8610
"../../../Engine/Content/EngineMaterials/Substrate/Glints2/dict_0005_0245.uasset" 8611
"../../../Engine/Content/EngineMaterials/Substrate/Glints2/dict_0005_0244.uasset" 8612
"../../../Engine/Content/EngineMaterials/Substrate/Glints2/dict_0005_0242.uasset" 8613
"../../../Engine/Content/EngineMaterials/Substrate/Glints2/dict_0005_0243.uasset" 8614
"../../../Engine/Content/EngineMaterials/Substrate/Glints2/dict_0005_0241.uasset" 8615
"../../../Engine/Content/EngineMaterials/Substrate/Glints2/dict_0005_0240.uasset" 8616
"../../../Engine/Content/EngineMaterials/Substrate/Glints2/dict_0005_0239.uasset" 8617
"../../../Engine/Content/EngineMaterials/Substrate/Glints2/dict_0005_0238.uasset" 8618
"../../../Engine/Content/EngineMaterials/Substrate/Glints2/dict_0005_0237.uasset" 8619
"../../../Engine/Content/EngineMaterials/Substrate/Glints2/dict_0005_0236.uasset" 8620
"../../../Engine/Content/EngineMaterials/Substrate/Glints2/dict_0005_0235.uasset" 8621
"../../../Engine/Content/EngineMaterials/Substrate/Glints2/dict_0005_0234.uasset" 8622
"../../../Engine/Content/EngineMaterials/Substrate/Glints2/dict_0005_0233.uasset" 8623
"../../../Engine/Content/EngineMaterials/Substrate/Glints2/dict_0005_0232.uasset" 8624
"../../../Engine/Content/EngineMaterials/Substrate/Glints2/dict_0005_0231.uasset" 8625
"/Engine/EngineMaterials/Substrate/Glints2/dict_0005_0231" 8626
"/Engine/EngineMaterials/Substrate/Glints2/dict_0005_0232" 8627
"/Engine/EngineMaterials/Substrate/Glints2/dict_0005_0233" 8628
"/Engine/EngineMaterials/Substrate/Glints2/dict_0005_0234" 8629
"/Engine/EngineMaterials/Substrate/Glints2/dict_0005_0235" 8630
"/Engine/EngineMaterials/Substrate/Glints2/dict_0005_0236" 8631
"/Engine/EngineMaterials/Substrate/Glints2/dict_0005_0237" 8632
"/Engine/EngineMaterials/Substrate/Glints2/dict_0005_0238" 8633
"/Engine/EngineMaterials/Substrate/Glints2/dict_0005_0239" 8634
"/Engine/EngineMaterials/Substrate/Glints2/dict_0005_0240" 8635
"/Engine/EngineMaterials/Substrate/Glints2/dict_0005_0241" 8636
"/Engine/EngineMaterials/Substrate/Glints2/dict_0005_0242" 8637
"/Engine/EngineMaterials/Substrate/Glints2/dict_0005_0243" 8638
"/Engine/EngineMaterials/Substrate/Glints2/dict_0005_0244" 8639
"/Engine/EngineMaterials/Substrate/Glints2/dict_0005_0245" 8640
"/Engine/EngineMaterials/Substrate/Glints2/dict_0005_0246" 8641
"/Engine/EngineMaterials/Substrate/Glints2/dict_0005_0247" 8642
"/Engine/EngineMaterials/Substrate/Glints2/dict_0005_0248" 8643
"/Engine/EngineMaterials/Substrate/Glints2/dict_0005_0249" 8644
"/Engine/EngineMaterials/Substrate/Glints2/dict_0005_0250" 8645
"/Engine/EngineMaterials/Substrate/Glints2/dict_0005_0251" 8646
"/Engine/EngineMaterials/Substrate/Glints2/dict_0005_0252" 8647
"/Engine/EngineMaterials/Substrate/Glints2/dict_0005_0253" 8648
"/Engine/EngineMaterials/Substrate/Glints2/dict_0005_0254" 8649
"/Engine/EngineMaterials/Substrate/Glints2/dict_0005_0255" 8650
"/Engine/EngineMaterials/Substrate/Glints2/dict_0006_0000" 8651
"/Engine/EngineMaterials/Substrate/Glints2/dict_0006_0001" 8652
"/Engine/EngineMaterials/Substrate/Glints2/dict_0006_0002" 8653
"/Engine/EngineMaterials/Substrate/Glints2/dict_0006_0003" 8654
"/Engine/EngineMaterials/Substrate/Glints2/dict_0006_0004" 8655
"/Engine/EngineMaterials/Substrate/Glints2/dict_0006_0005" 8656
"/Engine/EngineMaterials/Substrate/Glints2/dict_0006_0006" 8657
"../../../Engine/Content/EngineMaterials/Substrate/Glints2/dict_0005_0230.uasset" 8658
"../../../Engine/Content/EngineMaterials/Substrate/Glints2/dict_0005_0229.uasset" 8659
"../../../Engine/Content/EngineMaterials/Substrate/Glints2/dict_0005_0228.uasset" 8660
"../../../Engine/Content/EngineMaterials/Substrate/Glints2/dict_0005_0227.uasset" 8661
"../../../Engine/Content/EngineMaterials/Substrate/Glints2/dict_0005_0226.uasset" 8662
"C:/Tidy/TidyPrototype/DerivedDataCache/VT/TEXTURE_7C16439390E24F1F9468894FB4D4BC55_VTCHUNKD2DAB16BFF152507817E734DBB935160EA97A322" 8663
"../../../Engine/Content/EngineMaterials/Substrate/Glints2/dict_0005_0225.uasset" 8664
"../../../Engine/Content/EngineMaterials/Substrate/Glints2/dict_0005_0224.uasset" 8665
"../../../Engine/Content/EngineMaterials/Substrate/Glints2/dict_0005_0223.uasset" 8666
"../../../Engine/Content/EngineMaterials/Substrate/Glints2/dict_0005_0222.uasset" 8667
"../../../Engine/Content/EngineMaterials/Substrate/Glints2/dict_0005_0221.uasset" 8668
"../../../Engine/Content/EngineMaterials/Substrate/Glints2/dict_0005_0220.uasset" 8669
"../../../Engine/Content/EngineMaterials/Substrate/Glints2/dict_0005_0219.uasset" 8670
"../../../Engine/Content/EngineMaterials/Substrate/Glints2/dict_0005_0218.uasset" 8671
"../../../Engine/Content/EngineMaterials/Substrate/Glints2/dict_0005_0217.uasset" 8672
"../../../Engine/Content/EngineMaterials/Substrate/Glints2/dict_0005_0216.uasset" 8673
"../../../Engine/Content/EngineMaterials/Substrate/Glints2/dict_0005_0215.uasset" 8674
"../../../Engine/Content/EngineMaterials/Substrate/Glints2/dict_0005_0214.uasset" 8675
"C:/Tidy/TidyPrototype/DerivedDataCache/VT/TEXTURE_7C16439390E24F1F9468894FB4D4BC55_VTCHUNK38740DBD4108040D6985AA56705D97D46F27920C" 8676
"../../../Engine/Content/EngineMaterials/Substrate/Glints2/dict_0005_0213.uasset" 8677
"../../../Engine/Content/EngineMaterials/Substrate/Glints2/dict_0005_0212.uasset" 8678
"../../../Engine/Content/EngineMaterials/Substrate/Glints2/dict_0005_0211.uasset" 8679
"../../../Engine/Content/EngineMaterials/Substrate/Glints2/dict_0005_0210.uasset" 8680
"../../../Engine/Content/EngineMaterials/Substrate/Glints2/dict_0005_0209.uasset" 8681
"../../../Engine/Content/EngineMaterials/Substrate/Glints2/dict_0005_0208.uasset" 8682
"../../../Engine/Content/EngineMaterials/Substrate/Glints2/dict_0005_0207.uasset" 8683
"../../../Engine/Content/EngineMaterials/Substrate/Glints2/dict_0005_0206.uasset" 8684
"../../../Engine/Content/EngineMaterials/Substrate/Glints2/dict_0005_0204.uasset" 8685
"../../../Engine/Content/EngineMaterials/Substrate/Glints2/dict_0005_0203.uasset" 8686
"../../../Engine/Content/EngineMaterials/Substrate/Glints2/dict_0005_0202.uasset" 8687
"../../../Engine/Content/EngineMaterials/Substrate/Glints2/dict_0005_0205.uasset" 8688
"../../../Engine/Content/EngineMaterials/Substrate/Glints2/dict_0005_0201.uasset" 8689
"../../../Engine/Content/EngineMaterials/Substrate/Glints2/dict_0005_0199.uasset" 8690
"../../../Engine/Content/EngineMaterials/Substrate/Glints2/dict_0005_0200.uasset" 8691
"C:/Tidy/TidyPrototype/DerivedDataCache/VT/TEXTURE_7C16439390E24F1F9468894FB4D4BC55_VTCHUNK84C05FFC339C0CEFE446DED1628C0AFB5362331E" 8692
"C:/Tidy/TidyPrototype/DerivedDataCache/VT/TEXTURE_7C16439390E24F1F9468894FB4D4BC55_VTCHUNKC0393DE8C5B4673D99D1BECB92AA8C1F72FEB491" 8693
"/Engine/EngineMaterials/Substrate/Glints2/dict_0005_0199" 8694
"/Engine/EngineMaterials/Substrate/Glints2/dict_0005_0200" 8695
"/Engine/EngineMaterials/Substrate/Glints2/dict_0005_0201" 8696
"C:/Tidy/TidyPrototype/DerivedDataCache/VT/TEXTURE_7C16439390E24F1F9468894FB4D4BC55_VTCHUNK02D4C3BCAD7DFA48AB32B8281FB06B8B83DB6275" 8697
"/Engine/EngineMaterials/Substrate/Glints2/dict_0005_0202" 8698
"/Engine/EngineMaterials/Substrate/Glints2/dict_0005_0203" 8699
"/Engine/EngineMaterials/Substrate/Glints2/dict_0005_0204" 8700
"/Engine/EngineMaterials/Substrate/Glints2/dict_0005_0205" 8701
"/Engine/EngineMaterials/Substrate/Glints2/dict_0005_0206" 8702
"/Engine/EngineMaterials/Substrate/Glints2/dict_0005_0207" 8703
"/Engine/EngineMaterials/Substrate/Glints2/dict_0005_0208" 8704
"/Engine/EngineMaterials/Substrate/Glints2/dict_0005_0209" 8705
"/Engine/EngineMaterials/Substrate/Glints2/dict_0005_0210" 8706
"/Engine/EngineMaterials/Substrate/Glints2/dict_0005_0211" 8707
"/Engine/EngineMaterials/Substrate/Glints2/dict_0005_0212" 8708
"/Engine/EngineMaterials/Substrate/Glints2/dict_0005_0213" 8709
"/Engine/EngineMaterials/Substrate/Glints2/dict_0005_0214" 8710
"/Engine/EngineMaterials/Substrate/Glints2/dict_0005_0215" 8711
"/Engine/EngineMaterials/Substrate/Glints2/dict_0005_0216" 8712
"/Engine/EngineMaterials/Substrate/Glints2/dict_0005_0217" 8713
"/Engine/EngineMaterials/Substrate/Glints2/dict_0005_0218" 8714
"/Engine/EngineMaterials/Substrate/Glints2/dict_0005_0219" 8715
"/Engine/EngineMaterials/Substrate/Glints2/dict_0005_0220" 8716
"/Engine/EngineMaterials/Substrate/Glints2/dict_0005_0221" 8717
"/Engine/EngineMaterials/Substrate/Glints2/dict_0005_0222" 8718
"/Engine/EngineMaterials/Substrate/Glints2/dict_0005_0223" 8719
"/Engine/EngineMaterials/Substrate/Glints2/dict_0005_0224" 8720
"/Engine/EngineMaterials/Substrate/Glints2/dict_0005_0225" 8721
"/Engine/EngineMaterials/Substrate/Glints2/dict_0005_0226" 8722
"/Engine/EngineMaterials/Substrate/Glints2/dict_0005_0227" 8723
"/Engine/EngineMaterials/Substrate/Glints2/dict_0005_0228" 8724
"/Engine/EngineMaterials/Substrate/Glints2/dict_0005_0229" 8725
"/Engine/EngineMaterials/Substrate/Glints2/dict_0005_0230" 8726
"../../../Engine/Content/EngineMaterials/Substrate/Glints2/dict_0005_0198.uasset" 8727
"../../../Engine/Content/EngineMaterials/Substrate/Glints2/dict_0005_0196.uasset" 8728
"../../../Engine/Content/EngineMaterials/Substrate/Glints2/dict_0005_0191.uasset" 8729
"../../../Engine/Content/EngineMaterials/Substrate/Glints2/dict_0005_0194.uasset" 8730
"../../../Engine/Content/EngineMaterials/Substrate/Glints2/dict_0005_0192.uasset" 8731
"../../../Engine/Content/EngineMaterials/Substrate/Glints2/dict_0005_0195.uasset" 8732
"../../../Engine/Content/EngineMaterials/Substrate/Glints2/dict_0005_0193.uasset" 8733
"../../../Engine/Content/EngineMaterials/Substrate/Glints2/dict_0005_0190.uasset" 8734
"../../../Engine/Content/EngineMaterials/Substrate/Glints2/dict_0005_0189.uasset" 8735
"../../../Engine/Content/EngineMaterials/Substrate/Glints2/dict_0005_0185.uasset" 8736
"../../../Engine/Content/EngineMaterials/Substrate/Glints2/dict_0005_0183.uasset" 8737
"../../../Engine/Content/EngineMaterials/Substrate/Glints2/dict_0005_0197.uasset" 8738
"../../../Engine/Content/EngineMaterials/Substrate/Glints2/dict_0005_0187.uasset" 8739
"../../../Engine/Content/EngineMaterials/Substrate/Glints2/dict_0005_0186.uasset" 8740
"../../../Engine/Content/EngineMaterials/Substrate/Glints2/dict_0005_0188.uasset" 8741
"../../../Engine/Content/EngineMaterials/Substrate/Glints2/dict_0005_0182.uasset" 8742
"../../../Engine/Content/EngineMaterials/Substrate/Glints2/dict_0005_0184.uasset" 8743
"../../../Engine/Content/EngineMaterials/Substrate/Glints2/dict_0005_0181.uasset" 8744
"../../../Engine/Content/EngineMaterials/Substrate/Glints2/dict_0005_0178.uasset" 8745
"../../../Engine/Content/EngineMaterials/Substrate/Glints2/dict_0005_0179.uasset" 8746
"../../../Engine/Content/EngineMaterials/Substrate/Glints2/dict_0005_0177.uasset" 8747
"../../../Engine/Content/EngineMaterials/Substrate/Glints2/dict_0005_0176.uasset" 8748
"../../../Engine/Content/EngineMaterials/Substrate/Glints2/dict_0005_0175.uasset" 8749
"../../../Engine/Content/EngineMaterials/Substrate/Glints2/dict_0005_0174.uasset" 8750
"../../../Engine/Content/EngineMaterials/Substrate/Glints2/dict_0005_0173.uasset" 8751
"../../../Engine/Content/EngineMaterials/Substrate/Glints2/dict_0005_0172.uasset" 8752
"../../../Engine/Content/EngineMaterials/Substrate/Glints2/dict_0005_0171.uasset" 8753
"/Engine/EngineMaterials/Substrate/Glints2/dict_0005_0178" 8754
"../../../Engine/Content/EngineMaterials/Substrate/Glints2/dict_0005_0170.uasset" 8755
"../../../Engine/Content/EngineMaterials/Substrate/Glints2/dict_0005_0169.uasset" 8756
"../../../Engine/Content/EngineMaterials/Substrate/Glints2/dict_0005_0168.uasset" 8757
"../../../Engine/Content/EngineMaterials/Substrate/Glints2/dict_0005_0167.uasset" 8758
"/Engine/EngineMaterials/Substrate/Glints2/dict_0005_0179" 8759
"../../../Engine/Content/EngineMaterials/Substrate/Glints2/dict_0005_0180.uasset" 8760
"/Engine/EngineMaterials/Substrate/Glints2/dict_0005_0181" 8761
"/Engine/EngineMaterials/Substrate/Glints2/dict_0005_0183" 8762
"/Engine/EngineMaterials/Substrate/Glints2/dict_0005_0185" 8763
"/Engine/EngineMaterials/Substrate/Glints2/dict_0005_0187" 8764
"/Engine/EngineMaterials/Substrate/Glints2/dict_0005_0189" 8765
"/Engine/EngineMaterials/Substrate/Glints2/dict_0005_0190" 8766
"/Engine/EngineMaterials/Substrate/Glints2/dict_0005_0191" 8767
"/Engine/EngineMaterials/Substrate/Glints2/dict_0005_0192" 8768
"/Engine/EngineMaterials/Substrate/Glints2/dict_0005_0193" 8769
"/Engine/EngineMaterials/Substrate/Glints2/dict_0005_0194" 8770
"/Engine/EngineMaterials/Substrate/Glints2/dict_0005_0195" 8771
"/Engine/EngineMaterials/Substrate/Glints2/dict_0005_0196" 8772
"/Engine/EngineMaterials/Substrate/Glints2/dict_0005_0197" 8773
"/Engine/EngineMaterials/Substrate/Glints2/dict_0005_0198" 8774
"../../../Engine/Content/EngineMaterials/Substrate/Glints2/dict_0005_0166.uasset" 8775
"/Engine/EngineMaterials/Substrate/Glints2/dict_0005_0167" 8776
"/Engine/EngineMaterials/Substrate/Glints2/dict_0005_0168" 8777
"/Engine/EngineMaterials/Substrate/Glints2/dict_0005_0169" 8778
"/Engine/EngineMaterials/Substrate/Glints2/dict_0005_0170" 8779
"/Engine/EngineMaterials/Substrate/Glints2/dict_0005_0171" 8780
"/Engine/EngineMaterials/Substrate/Glints2/dict_0005_0172" 8781
"/Engine/EngineMaterials/Substrate/Glints2/dict_0005_0173" 8782
"/Engine/EngineMaterials/Substrate/Glints2/dict_0005_0174" 8783
"/Engine/EngineMaterials/Substrate/Glints2/dict_0005_0175" 8784
"/Engine/EngineMaterials/Substrate/Glints2/dict_0005_0176" 8785
"/Engine/EngineMaterials/Substrate/Glints2/dict_0005_0177" 8786
"/Engine/EngineMaterials/Substrate/Glints2/dict_0005_0180" 8787
"/Engine/EngineMaterials/Substrate/Glints2/dict_0005_0182" 8788
"/Engine/EngineMaterials/Substrate/Glints2/dict_0005_0184" 8789
"/Engine/EngineMaterials/Substrate/Glints2/dict_0005_0186" 8790
"/Engine/EngineMaterials/Substrate/Glints2/dict_0005_0188" 8791
"/Engine/EngineMaterials/Substrate/Glints2/dict_0005_0166" 8792
"../../../Engine/Content/EngineMaterials/Substrate/Glints2/dict_0005_0163.uasset" 8793
"../../../Engine/Content/EngineMaterials/Substrate/Glints2/dict_0005_0162.uasset" 8794
"../../../Engine/Content/EngineMaterials/Substrate/Glints2/dict_0005_0161.uasset" 8795
"../../../Engine/Content/EngineMaterials/Substrate/Glints2/dict_0005_0165.uasset" 8796
"../../../Engine/Content/EngineMaterials/Substrate/Glints2/dict_0005_0164.uasset" 8797
"../../../Engine/Content/EngineMaterials/Substrate/Glints2/dict_0005_0152.uasset" 8798
"../../../Engine/Content/EngineMaterials/Substrate/Glints2/dict_0005_0160.uasset" 8799
"../../../Engine/Content/EngineMaterials/Substrate/Glints2/dict_0005_0159.uasset" 8800
"../../../Engine/Content/EngineMaterials/Substrate/Glints2/dict_0005_0158.uasset" 8801
"../../../Engine/Content/EngineMaterials/Substrate/Glints2/dict_0005_0151.uasset" 8802
"../../../Engine/Content/EngineMaterials/Substrate/Glints2/dict_0005_0156.uasset" 8803
"../../../Engine/Content/EngineMaterials/Substrate/Glints2/dict_0005_0155.uasset" 8804
"../../../Engine/Content/EngineMaterials/Substrate/Glints2/dict_0005_0150.uasset" 8805
"../../../Engine/Content/EngineMaterials/Substrate/Glints2/dict_0005_0157.uasset" 8806
"../../../Engine/Content/EngineMaterials/Substrate/Glints2/dict_0005_0154.uasset" 8807
"../../../Engine/Content/EngineMaterials/Substrate/Glints2/dict_0005_0153.uasset" 8808
"../../../Engine/Content/EngineMaterials/Substrate/Glints2/dict_0005_0149.uasset" 8809
"../../../Engine/Content/EngineMaterials/Substrate/Glints2/dict_0005_0144.uasset" 8810
"../../../Engine/Content/EngineMaterials/Substrate/Glints2/dict_0005_0143.uasset" 8811
"../../../Engine/Content/EngineMaterials/Substrate/Glints2/dict_0005_0147.uasset" 8812
"../../../Engine/Content/EngineMaterials/Substrate/Glints2/dict_0005_0148.uasset" 8813
"../../../Engine/Content/EngineMaterials/Substrate/Glints2/dict_0005_0145.uasset" 8814
"../../../Engine/Content/EngineMaterials/Substrate/Glints2/dict_0005_0146.uasset" 8815
"../../../Engine/Content/EngineMaterials/Substrate/Glints2/dict_0005_0142.uasset" 8816
"../../../Engine/Content/EngineMaterials/Substrate/Glints2/dict_0005_0141.uasset" 8817
"/Engine/EngineMaterials/Substrate/Glints2/dict_0005_0151" 8818
"/Engine/EngineMaterials/Substrate/Glints2/dict_0005_0152" 8819
"/Engine/EngineMaterials/Substrate/Glints2/dict_0005_0155" 8820
"/Engine/EngineMaterials/Substrate/Glints2/dict_0005_0149" 8821
"/Engine/EngineMaterials/Substrate/Glints2/dict_0005_0150" 8822
"../../../Engine/Content/EngineMaterials/Substrate/Glints2/dict_0005_0140.uasset" 8823
"/Engine/EngineMaterials/Substrate/Glints2/dict_0005_0158" 8824
"/Engine/EngineMaterials/Substrate/Glints2/dict_0005_0159" 8825
"../../../Engine/Content/EngineMaterials/Substrate/Glints2/dict_0005_0138.uasset" 8826
"../../../Engine/Content/EngineMaterials/Substrate/Glints2/dict_0005_0139.uasset" 8827
"/Engine/EngineMaterials/Substrate/Glints2/dict_0005_0161" 8828
"/Engine/EngineMaterials/Substrate/Glints2/dict_0005_0162" 8829
"../../../Engine/Content/EngineMaterials/Substrate/Glints2/dict_0005_0137.uasset" 8830
"/Engine/EngineMaterials/Substrate/Glints2/dict_0005_0163" 8831
"../../../Engine/Content/EngineMaterials/Substrate/Glints2/dict_0005_0136.uasset" 8832
"/Engine/EngineMaterials/Substrate/Glints2/dict_0005_0164" 8833
"../../../Engine/Content/EngineMaterials/Substrate/Glints2/dict_0005_0135.uasset" 8834
"../../../Engine/Content/EngineMaterials/Substrate/Glints2/dict_0005_0134.uasset" 8835
"/Engine/EngineMaterials/Substrate/Glints2/dict_0005_0165" 8836
"/Engine/EngineMaterials/Substrate/Glints2/dict_0005_0141" 8837
"/Engine/EngineMaterials/Substrate/Glints2/dict_0005_0144" 8838
"/Engine/EngineMaterials/Substrate/Glints2/dict_0005_0146" 8839
"/Engine/EngineMaterials/Substrate/Glints2/dict_0005_0147" 8840
"/Engine/EngineMaterials/Substrate/Glints2/dict_0005_0148" 8841
"/Engine/EngineMaterials/Substrate/Glints2/dict_0005_0156" 8842
"/Engine/EngineMaterials/Substrate/Glints2/dict_0005_0160" 8843
"/Engine/EngineMaterials/Substrate/Glints2/dict_0005_0136" 8844
"/Engine/EngineMaterials/Substrate/Glints2/dict_0005_0137" 8845
"../../../Engine/Content/EngineMaterials/Substrate/Glints2/dict_0005_0133.uasset" 8846
"/Engine/EngineMaterials/Substrate/Glints2/dict_0005_0138" 8847
"/Engine/EngineMaterials/Substrate/Glints2/dict_0005_0139" 8848
"../../../Engine/Content/EngineMaterials/Substrate/Glints2/dict_0005_0128.uasset" 8849
"../../../Engine/Content/EngineMaterials/Substrate/Glints2/dict_0005_0127.uasset" 8850
"/Engine/EngineMaterials/Substrate/Glints2/dict_0005_0145" 8851
"/Engine/EngineMaterials/Substrate/Glints2/dict_0005_0135" 8852
"/Engine/EngineMaterials/Substrate/Glints2/dict_0005_0140" 8853
"../../../Engine/Content/EngineMaterials/Substrate/Glints2/dict_0005_0132.uasset" 8854
"../../../Engine/Content/EngineMaterials/Substrate/Glints2/dict_0005_0131.uasset" 8855
"../../../Engine/Content/EngineMaterials/Substrate/Glints2/dict_0005_0126.uasset" 8856
"../../../Engine/Content/EngineMaterials/Substrate/Glints2/dict_0005_0125.uasset" 8857
"../../../Engine/Content/EngineMaterials/Substrate/Glints2/dict_0005_0130.uasset" 8858
"../../../Engine/Content/EngineMaterials/Substrate/Glints2/dict_0005_0124.uasset" 8859
"../../../Engine/Content/EngineMaterials/Substrate/Glints2/dict_0005_0129.uasset" 8860
"../../../Engine/Content/EngineMaterials/Substrate/Glints2/dict_0005_0123.uasset" 8861
"../../../Engine/Content/EngineMaterials/Substrate/Glints2/dict_0005_0122.uasset" 8862
"../../../Engine/Content/EngineMaterials/Substrate/Glints2/dict_0005_0121.uasset" 8863
"../../../Engine/Content/EngineMaterials/Substrate/Glints2/dict_0005_0120.uasset" 8864
"../../../Engine/Content/EngineMaterials/Substrate/Glints2/dict_0005_0119.uasset" 8865
"../../../Engine/Content/EngineMaterials/Substrate/Glints2/dict_0005_0118.uasset" 8866
"../../../Engine/Content/EngineMaterials/Substrate/Glints2/dict_0005_0117.uasset" 8867
"../../../Engine/Content/EngineMaterials/Substrate/Glints2/dict_0005_0109.uasset" 8868
"../../../Engine/Content/EngineMaterials/Substrate/Glints2/dict_0005_0108.uasset" 8869
"../../../Engine/Content/EngineMaterials/Substrate/Glints2/dict_0005_0116.uasset" 8870
"/Engine/EngineMaterials/Substrate/Glints2/dict_0005_0142" 8871
"../../../Engine/Content/EngineMaterials/Substrate/Glints2/dict_0005_0115.uasset" 8872
"/Engine/EngineMaterials/Substrate/Glints2/dict_0005_0143" 8873
"/Engine/EngineMaterials/Substrate/Glints2/dict_0005_0116" 8874
"/Engine/EngineMaterials/Substrate/Glints2/dict_0005_0122" 8875
"/Engine/EngineMaterials/Substrate/Glints2/dict_0005_0123" 8876
"../../../Engine/Content/EngineMaterials/Substrate/Glints2/dict_0005_0113.uasset" 8877
"../../../Engine/Content/EngineMaterials/Substrate/Glints2/dict_0005_0114.uasset" 8878
"../../../Engine/Content/EngineMaterials/Substrate/Glints2/dict_0005_0112.uasset" 8879
"/Engine/EngineMaterials/Substrate/Glints2/dict_0005_0117" 8880
"../../../Engine/Content/EngineMaterials/Substrate/Glints2/dict_0005_0111.uasset" 8881
"../../../Engine/Content/EngineMaterials/Substrate/Glints2/dict_0005_0110.uasset" 8882
"/Engine/EngineMaterials/Substrate/Glints2/dict_0005_0153" 8883
"/Engine/EngineMaterials/Substrate/Glints2/dict_0005_0118" 8884
"/Engine/EngineMaterials/Substrate/Glints2/dict_0005_0154" 8885
"/Engine/EngineMaterials/Substrate/Glints2/dict_0005_0124" 8886
"/Engine/EngineMaterials/Substrate/Glints2/dict_0005_0125" 8887
"/Engine/EngineMaterials/Substrate/Glints2/dict_0005_0120" 8888
"/Engine/EngineMaterials/Substrate/Glints2/dict_0005_0126" 8889
"/Engine/EngineMaterials/Substrate/Glints2/dict_0005_0157" 8890
"/Engine/EngineMaterials/Substrate/Glints2/dict_0005_0127" 8891
"/Engine/EngineMaterials/Substrate/Glints2/dict_0005_0128" 8892
"/Engine/EngineMaterials/Substrate/Glints2/dict_0005_0121" 8893
"/Engine/EngineMaterials/Substrate/Glints2/dict_0005_0129" 8894
"/Engine/EngineMaterials/Substrate/Glints2/dict_0005_0130" 8895
"/Engine/EngineMaterials/Substrate/Glints2/dict_0005_0131" 8896
"/Engine/EngineMaterials/Substrate/Glints2/dict_0005_0132" 8897
"/Engine/EngineMaterials/Substrate/Glints2/dict_0005_0133" 8898
"/Engine/EngineMaterials/Substrate/Glints2/dict_0005_0134" 8899
"../../../Engine/Content/EngineMaterials/Substrate/Glints2/dict_0005_0107.uasset" 8900
"../../../Engine/Content/EngineMaterials/Substrate/Glints2/dict_0005_0106.uasset" 8901
"/Engine/EngineMaterials/Substrate/Glints2/dict_0005_0108" 8902
"/Engine/EngineMaterials/Substrate/Glints2/dict_0005_0110" 8903
"../../../Engine/Content/EngineMaterials/Substrate/Glints2/dict_0005_0105.uasset" 8904
"../../../Engine/Content/EngineMaterials/Substrate/Glints2/dict_0005_0104.uasset" 8905
"../../../Engine/Content/EngineMaterials/Substrate/Glints2/dict_0005_0103.uasset" 8906
"/Engine/EngineMaterials/Substrate/Glints2/dict_0005_0111" 8907
"../../../Engine/Content/EngineMaterials/Substrate/Glints2/dict_0005_0102.uasset" 8908
"/Engine/EngineMaterials/Substrate/Glints2/dict_0005_0112" 8909
"/Engine/EngineMaterials/Substrate/Glints2/dict_0005_0113" 8910
"/Engine/EngineMaterials/Substrate/Glints2/dict_0005_0109" 8911
"../../../Engine/Content/EngineMaterials/Substrate/Glints2/dict_0005_0101.uasset" 8912
"/Engine/EngineMaterials/Substrate/Glints2/dict_0005_0115" 8913
"../../../Engine/Content/EngineMaterials/Substrate/Glints2/dict_0005_0097.uasset" 8914
"../../../Engine/Content/EngineMaterials/Substrate/Glints2/dict_0005_0100.uasset" 8915
"/Engine/EngineMaterials/Substrate/Glints2/dict_0005_0114" 8916
"../../../Engine/Content/EngineMaterials/Substrate/Glints2/dict_0005_0099.uasset" 8917
"../../../Engine/Content/EngineMaterials/Substrate/Glints2/dict_0005_0098.uasset" 8918
"../../../Engine/Content/EngineMaterials/Substrate/Glints2/dict_0005_0095.uasset" 8919
"../../../Engine/Content/EngineMaterials/Substrate/Glints2/dict_0005_0096.uasset" 8920
"/Engine/EngineMaterials/Substrate/Glints2/dict_0005_0119" 8921
"../../../Engine/Content/EngineMaterials/Substrate/Glints2/dict_0005_0094.uasset" 8922
"/Engine/EngineMaterials/Substrate/Glints2/dict_0005_0097" 8923
"../../../Engine/Content/EngineMaterials/Substrate/Glints2/dict_0005_0093.uasset" 8924
"../../../Engine/Content/EngineMaterials/Substrate/Glints2/dict_0005_0091.uasset" 8925
"/Engine/EngineMaterials/Substrate/Glints2/dict_0005_0100" 8926
"../../../Engine/Content/EngineMaterials/Substrate/Glints2/dict_0005_0090.uasset" 8927
"../../../Engine/Content/EngineMaterials/Substrate/Glints2/dict_0005_0092.uasset" 8928
"/Engine/EngineMaterials/Substrate/Glints2/dict_0005_0101" 8929
"../../../Engine/Content/EngineMaterials/Substrate/Glints2/dict_0005_0089.uasset" 8930
"../../../Engine/Content/EngineMaterials/Substrate/Glints2/dict_0005_0088.uasset" 8931
"/Engine/EngineMaterials/Substrate/Glints2/dict_0005_0102" 8932
"../../../Engine/Content/EngineMaterials/Substrate/Glints2/dict_0005_0087.uasset" 8933
"../../../Engine/Content/EngineMaterials/Substrate/Glints2/dict_0005_0086.uasset" 8934
"/Engine/EngineMaterials/Substrate/Glints2/dict_0005_0103" 8935
"/Engine/EngineMaterials/Substrate/Glints2/dict_0005_0104" 8936
"../../../Engine/Content/EngineMaterials/Substrate/Glints2/dict_0005_0085.uasset" 8937
"../../../Engine/Content/EngineMaterials/Substrate/Glints2/dict_0005_0081.uasset" 8938
"../../../Engine/Content/EngineMaterials/Substrate/Glints2/dict_0005_0084.uasset" 8939
"/Engine/EngineMaterials/Substrate/Glints2/dict_0005_0105" 8940
"../../../Engine/Content/EngineMaterials/Substrate/Glints2/dict_0005_0080.uasset" 8941
"../../../Engine/Content/EngineMaterials/Substrate/Glints2/dict_0005_0083.uasset" 8942
"../../../Engine/Content/EngineMaterials/Substrate/Glints2/dict_0005_0079.uasset" 8943
"../../../Engine/Content/EngineMaterials/Substrate/Glints2/dict_0005_0078.uasset" 8944
"../../../Engine/Content/EngineMaterials/Substrate/Glints2/dict_0005_0077.uasset" 8945
"../../../Engine/Content/EngineMaterials/Substrate/Glints2/dict_0005_0076.uasset" 8946
"../../../Engine/Content/EngineMaterials/Substrate/Glints2/dict_0005_0082.uasset" 8947
"/Engine/EngineMaterials/Substrate/Glints2/dict_0005_0106" 8948
"/Engine/EngineMaterials/Substrate/Glints2/dict_0005_0107" 8949
"../../../Engine/Content/EngineMaterials/Substrate/Glints2/dict_0005_0075.uasset" 8950
"/Engine/EngineMaterials/Substrate/Glints2/dict_0005_0076" 8951
"../../../Engine/Content/EngineMaterials/Substrate/Glints2/dict_0005_0074.uasset" 8952
"../../../Engine/Content/EngineMaterials/Substrate/Glints2/dict_0005_0073.uasset" 8953
"/Engine/EngineMaterials/Substrate/Glints2/dict_0005_0077" 8954
"../../../Engine/Content/EngineMaterials/Substrate/Glints2/dict_0005_0072.uasset" 8955
"../../../Engine/Content/EngineMaterials/Substrate/Glints2/dict_0005_0071.uasset" 8956
"/Engine/EngineMaterials/Substrate/Glints2/dict_0005_0078" 8957
"../../../Engine/Content/EngineMaterials/Substrate/Glints2/dict_0005_0070.uasset" 8958
"../../../Engine/Content/EngineMaterials/Substrate/Glints2/dict_0005_0069.uasset" 8959
"../../../Engine/Content/EngineMaterials/Substrate/Glints2/dict_0005_0068.uasset" 8960
"/Engine/EngineMaterials/Substrate/Glints2/dict_0005_0079" 8961
"../../../Engine/Content/EngineMaterials/Substrate/Glints2/dict_0005_0067.uasset" 8962
"/Engine/EngineMaterials/Substrate/Glints2/dict_0005_0080" 8963
"/Engine/EngineMaterials/Substrate/Glints2/dict_0005_0081" 8964
"/Engine/EngineMaterials/Substrate/Glints2/dict_0005_0082" 8965
"/Engine/EngineMaterials/Substrate/Glints2/dict_0005_0085" 8966
"/Engine/EngineMaterials/Substrate/Glints2/dict_0005_0086" 8967
"/Engine/EngineMaterials/Substrate/Glints2/dict_0005_0087" 8968
"/Engine/EngineMaterials/Substrate/Glints2/dict_0005_0083" 8969
"/Engine/EngineMaterials/Substrate/Glints2/dict_0005_0088" 8970
"/Engine/EngineMaterials/Substrate/Glints2/dict_0005_0089" 8971
"/Engine/EngineMaterials/Substrate/Glints2/dict_0005_0090" 8972
"/Engine/EngineMaterials/Substrate/Glints2/dict_0005_0091" 8973
"/Engine/EngineMaterials/Substrate/Glints2/dict_0005_0092" 8974
"/Engine/EngineMaterials/Substrate/Glints2/dict_0005_0093" 8975
"/Engine/EngineMaterials/Substrate/Glints2/dict_0005_0084" 8976
"/Engine/EngineMaterials/Substrate/Glints2/dict_0005_0094" 8977
"/Engine/EngineMaterials/Substrate/Glints2/dict_0005_0095" 8978
"/Engine/EngineMaterials/Substrate/Glints2/dict_0005_0096" 8979
"/Engine/EngineMaterials/Substrate/Glints2/dict_0005_0098" 8980
"/Engine/EngineMaterials/Substrate/Glints2/dict_0005_0099" 8981
"../../../Engine/Content/EngineMaterials/Substrate/Glints2/dict_0005_0066.uasset" 8982
"/Engine/EngineMaterials/Substrate/Glints2/dict_0005_0067" 8983
"../../../Engine/Content/EngineMaterials/Substrate/Glints2/dict_0005_0065.uasset" 8984
"/Engine/EngineMaterials/Substrate/Glints2/dict_0005_0068" 8985
"/Engine/EngineMaterials/Substrate/Glints2/dict_0005_0069" 8986
"../../../Engine/Content/EngineMaterials/Substrate/Glints2/dict_0005_0064.uasset" 8987
"/Engine/EngineMaterials/Substrate/Glints2/dict_0005_0070" 8988
"/Engine/EngineMaterials/Substrate/Glints2/dict_0005_0071" 8989
"/Engine/EngineMaterials/Substrate/Glints2/dict_0005_0072" 8990
"/Engine/EngineMaterials/Substrate/Glints2/dict_0005_0073" 8991
"../../../Engine/Content/EngineMaterials/Substrate/Glints2/dict_0005_0063.uasset" 8992
"/Engine/EngineMaterials/Substrate/Glints2/dict_0005_0074" 8993
"/Engine/EngineMaterials/Substrate/Glints2/dict_0005_0075" 8994
"../../../Engine/Content/EngineMaterials/Substrate/Glints2/dict_0005_0062.uasset" 8995
"/Engine/EngineMaterials/Substrate/Glints2/dict_0005_0063" 8996
"../../../Engine/Content/EngineMaterials/Substrate/Glints2/dict_0005_0061.uasset" 8997
"../../../Engine/Content/EngineMaterials/Substrate/Glints2/dict_0005_0060.uasset" 8998
"../../../Engine/Content/EngineMaterials/Substrate/Glints2/dict_0005_0059.uasset" 8999
"/Engine/EngineMaterials/Substrate/Glints2/dict_0005_0064" 9000
"../../../Engine/Content/EngineMaterials/Substrate/Glints2/dict_0005_0058.uasset" 9001
"/Engine/EngineMaterials/Substrate/Glints2/dict_0005_0065" 9002
"/Engine/EngineMaterials/Substrate/Glints2/dict_0005_0066" 9003
"../../../Engine/Content/EngineMaterials/Substrate/Glints2/dict_0005_0057.uasset" 9004
"/Engine/EngineMaterials/Substrate/Glints2/dict_0005_0059" 9005
"/Engine/EngineMaterials/Substrate/Glints2/dict_0005_0060" 9006
"../../../Engine/Content/EngineMaterials/Substrate/Glints2/dict_0005_0056.uasset" 9007
"/Engine/EngineMaterials/Substrate/Glints2/dict_0005_0061" 9008
"/Engine/EngineMaterials/Substrate/Glints2/dict_0005_0062" 9009
"../../../Engine/Content/EngineMaterials/Substrate/Glints2/dict_0005_0055.uasset" 9010
"/Engine/EngineMaterials/Substrate/Glints2/dict_0005_0057" 9011
"../../../Engine/Content/EngineMaterials/Substrate/Glints2/dict_0005_0054.uasset" 9012
"/Engine/EngineMaterials/Substrate/Glints2/dict_0005_0058" 9013
"../../../Engine/Content/EngineMaterials/Substrate/Glints2/dict_0005_0053.uasset" 9014
"/Engine/EngineMaterials/Substrate/Glints2/dict_0005_0055" 9015
"../../../Engine/Content/EngineMaterials/Substrate/Glints2/dict_0005_0052.uasset" 9016
"../../../Engine/Content/EngineMaterials/Substrate/Glints2/dict_0005_0051.uasset" 9017
"/Engine/EngineMaterials/Substrate/Glints2/dict_0005_0056" 9018
"../../../Engine/Content/EngineMaterials/Substrate/Glints2/dict_0005_0050.uasset" 9019
"/Engine/EngineMaterials/Substrate/Glints2/dict_0005_0053" 9020
"../../../Engine/Content/EngineMaterials/Substrate/Glints2/dict_0005_0049.uasset" 9021
"../../../Engine/Content/EngineMaterials/Substrate/Glints2/dict_0005_0048.uasset" 9022
"../../../Engine/Content/EngineMaterials/Substrate/Glints2/dict_0005_0047.uasset" 9023
"/Engine/EngineMaterials/Substrate/Glints2/dict_0005_0054" 9024
"../../../Engine/Content/EngineMaterials/Substrate/Glints2/dict_0005_0046.uasset" 9025
"/Engine/EngineMaterials/Substrate/Glints2/dict_0005_0047" 9026
"../../../Engine/Content/EngineMaterials/Substrate/Glints2/dict_0005_0044.uasset" 9027
"../../../Engine/Content/EngineMaterials/Substrate/Glints2/dict_0005_0045.uasset" 9028
"../../../Engine/Content/EngineMaterials/Substrate/Glints2/dict_0005_0043.uasset" 9029
"/Engine/EngineMaterials/Substrate/Glints2/dict_0005_0049" 9030
"../../../Engine/Content/EngineMaterials/Substrate/Glints2/dict_0005_0042.uasset" 9031
"/Engine/EngineMaterials/Substrate/Glints2/dict_0005_0050" 9032
"../../../Engine/Content/EngineMaterials/Substrate/Glints2/dict_0005_0041.uasset" 9033
"../../../Engine/Content/EngineMaterials/Substrate/Glints2/dict_0005_0040.uasset" 9034
"/Engine/EngineMaterials/Substrate/Glints2/dict_0005_0051" 9035
"../../../Engine/Content/EngineMaterials/Substrate/Glints2/dict_0005_0039.uasset" 9036
"/Engine/EngineMaterials/Substrate/Glints2/dict_0005_0052" 9037
"../../../Engine/Content/EngineMaterials/Substrate/Glints2/dict_0005_0038.uasset" 9038
"../../../Engine/Content/EngineMaterials/Substrate/Glints2/dict_0005_0037.uasset" 9039
"../../../Engine/Content/EngineMaterials/Substrate/Glints2/dict_0005_0034.uasset" 9040
"../../../Engine/Content/EngineMaterials/Substrate/Glints2/dict_0005_0036.uasset" 9041
"/Engine/EngineMaterials/Substrate/Glints2/dict_0005_0044" 9042
"../../../Engine/Content/EngineMaterials/Substrate/Glints2/dict_0005_0033.uasset" 9043
"../../../Engine/Content/EngineMaterials/Substrate/Glints2/dict_0005_0035.uasset" 9044
"/Engine/EngineMaterials/Substrate/Glints2/dict_0005_0045" 9045
"../../../Engine/Content/EngineMaterials/Substrate/Glints2/dict_0005_0032.uasset" 9046
"../../../Engine/Content/EngineMaterials/Substrate/Glints2/dict_0005_0031.uasset" 9047
"../../../Engine/Content/EngineMaterials/Substrate/Glints2/dict_0005_0030.uasset" 9048
"../../../Engine/Content/EngineMaterials/Substrate/Glints2/dict_0005_0029.uasset" 9049
"/Engine/EngineMaterials/Substrate/Glints2/dict_0005_0046" 9050
"../../../Engine/Content/EngineMaterials/Substrate/Glints2/dict_0005_0028.uasset" 9051
"../../../Engine/Content/EngineMaterials/Substrate/Glints2/dict_0005_0027.uasset" 9052
"../../../Engine/Content/EngineMaterials/Substrate/Glints2/dict_0005_0026.uasset" 9053
"../../../Engine/Content/EngineMaterials/Substrate/Glints2/dict_0005_0025.uasset" 9054
"/Engine/EngineMaterials/Substrate/Glints2/dict_0005_0048" 9055
"../../../Engine/Content/EngineMaterials/Substrate/Glints2/dict_0005_0024.uasset" 9056
"../../../Engine/Content/EngineMaterials/Substrate/Glints2/dict_0005_0023.uasset" 9057
"../../../Engine/Content/EngineMaterials/Substrate/Glints2/dict_0005_0022.uasset" 9058
"/Engine/EngineMaterials/Substrate/Glints2/dict_0005_0038" 9059
"../../../Engine/Content/EngineMaterials/Substrate/Glints2/dict_0005_0021.uasset" 9060
"../../../Engine/Content/EngineMaterials/Substrate/Glints2/dict_0005_0018.uasset" 9061
"../../../Engine/Content/EngineMaterials/Substrate/Glints2/dict_0005_0019.uasset" 9062
"../../../Engine/Content/EngineMaterials/Substrate/Glints2/dict_0005_0020.uasset" 9063
"../../../Engine/Content/EngineMaterials/Substrate/Glints2/dict_0005_0017.uasset" 9064
"../../../Engine/Content/EngineMaterials/Substrate/Glints2/dict_0005_0016.uasset" 9065
"/Engine/EngineMaterials/Substrate/Glints2/dict_0005_0039" 9066
"/Engine/EngineMaterials/Substrate/Glints2/dict_0005_0040" 9067
"/Engine/EngineMaterials/Substrate/Glints2/dict_0005_0041" 9068
"/Engine/EngineMaterials/Substrate/Glints2/dict_0005_0042" 9069
"/Engine/EngineMaterials/Substrate/Glints2/dict_0005_0043" 9070
"../../../Engine/Content/EngineMaterials/Substrate/Glints2/dict_0005_0015.uasset" 9071
"/Engine/EngineMaterials/Substrate/Glints2/dict_0005_0016" 9072
"/Engine/EngineMaterials/Substrate/Glints2/dict_0005_0017" 9073
"../../../Engine/Content/EngineMaterials/Substrate/Glints2/dict_0005_0013.uasset" 9074
"/Engine/EngineMaterials/Substrate/Glints2/dict_0005_0018" 9075
"/Engine/EngineMaterials/Substrate/Glints2/dict_0005_0019" 9076
"../../../Engine/Content/EngineMaterials/Substrate/Glints2/dict_0005_0012.uasset" 9077
"/Engine/EngineMaterials/Substrate/Glints2/dict_0005_0020" 9078
"../../../Engine/Content/EngineMaterials/Substrate/Glints2/dict_0005_0011.uasset" 9079
"../../../Engine/Content/EngineMaterials/Substrate/Glints2/dict_0005_0010.uasset" 9080
"/Engine/EngineMaterials/Substrate/Glints2/dict_0005_0021" 9081
"../../../Engine/Content/EngineMaterials/Substrate/Glints2/dict_0005_0009.uasset" 9082
"/Engine/EngineMaterials/Substrate/Glints2/dict_0005_0022" 9083
"/Engine/EngineMaterials/Substrate/Glints2/dict_0005_0023" 9084
"../../../Engine/Content/EngineMaterials/Substrate/Glints2/dict_0005_0008.uasset" 9085
"/Engine/EngineMaterials/Substrate/Glints2/dict_0005_0024" 9086
"../../../Engine/Content/EngineMaterials/Substrate/Glints2/dict_0005_0007.uasset" 9087
"/Engine/EngineMaterials/Substrate/Glints2/dict_0005_0025" 9088
"../../../Engine/Content/EngineMaterials/Substrate/Glints2/dict_0005_0006.uasset" 9089
"/Engine/EngineMaterials/Substrate/Glints2/dict_0005_0026" 9090
"/Engine/EngineMaterials/Substrate/Glints2/dict_0005_0027" 9091
"../../../Engine/Content/EngineMaterials/Substrate/Glints2/dict_0005_0014.uasset" 9092
"/Engine/EngineMaterials/Substrate/Glints2/dict_0005_0028" 9093
"/Engine/EngineMaterials/Substrate/Glints2/dict_0005_0029" 9094
"/Engine/EngineMaterials/Substrate/Glints2/dict_0005_0030" 9095
"/Engine/EngineMaterials/Substrate/Glints2/dict_0005_0031" 9096
"/Engine/EngineMaterials/Substrate/Glints2/dict_0005_0032" 9097
"/Engine/EngineMaterials/Substrate/Glints2/dict_0005_0035" 9098
"/Engine/EngineMaterials/Substrate/Glints2/dict_0005_0033" 9099
"/Engine/EngineMaterials/Substrate/Glints2/dict_0005_0034" 9100
"/Engine/EngineMaterials/Substrate/Glints2/dict_0005_0036" 9101
"/Engine/EngineMaterials/Substrate/Glints2/dict_0005_0037" 9102
"/Engine/EngineMaterials/Substrate/Glints2/dict_0005_0006" 9103
"../../../Engine/Content/EngineMaterials/Substrate/Glints2/dict_0005_0005.uasset" 9104
"../../../Engine/Content/EngineMaterials/Substrate/Glints2/dict_0005_0004.uasset" 9105
"/Engine/EngineMaterials/Substrate/Glints2/dict_0005_0007" 9106
"../../../Engine/Content/EngineMaterials/Substrate/Glints2/dict_0005_0003.uasset" 9107
"/Engine/EngineMaterials/Substrate/Glints2/dict_0005_0008" 9108
"../../../Engine/Content/EngineMaterials/Substrate/Glints2/dict_0005_0002.uasset" 9109
"../../../Engine/Content/EngineMaterials/Substrate/Glints2/dict_0005_0001.uasset" 9110
"/Engine/EngineMaterials/Substrate/Glints2/dict_0005_0009" 9111
"../../../Engine/Content/EngineMaterials/Substrate/Glints2/dict_0004_0255.uasset" 9112
"/Engine/EngineMaterials/Substrate/Glints2/dict_0005_0010" 9113
"../../../Engine/Content/EngineMaterials/Substrate/Glints2/dict_0004_0254.uasset" 9114
"/Engine/EngineMaterials/Substrate/Glints2/dict_0005_0011" 9115
"../../../Engine/Content/EngineMaterials/Substrate/Glints2/dict_0005_0000.uasset" 9116
"../../../Engine/Content/EngineMaterials/Substrate/Glints2/dict_0004_0253.uasset" 9117
"/Engine/EngineMaterials/Substrate/Glints2/dict_0005_0012" 9118
"../../../Engine/Content/EngineMaterials/Substrate/Glints2/dict_0004_0252.uasset" 9119
"/Engine/EngineMaterials/Substrate/Glints2/dict_0005_0013" 9120
"../../../Engine/Content/EngineMaterials/Substrate/Glints2/dict_0004_0251.uasset" 9121
"/Engine/EngineMaterials/Substrate/Glints2/dict_0005_0014" 9122
"/Engine/EngineMaterials/Substrate/Glints2/dict_0005_0015" 9123
"/Engine/EngineMaterials/Substrate/Glints2/dict_0004_0253" 9124
"../../../Engine/Content/EngineMaterials/Substrate/Glints2/dict_0004_0250.uasset" 9125
"../../../Engine/Content/EngineMaterials/Substrate/Glints2/dict_0004_0249.uasset" 9126
"../../../Engine/Content/EngineMaterials/Substrate/Glints2/dict_0004_0248.uasset" 9127
"/Engine/EngineMaterials/Substrate/Glints2/dict_0004_0254" 9128
"/Engine/EngineMaterials/Substrate/Glints2/dict_0004_0255" 9129
"../../../Engine/Content/EngineMaterials/Substrate/Glints2/dict_0004_0247.uasset" 9130
"/Engine/EngineMaterials/Substrate/Glints2/dict_0005_0001" 9131
"../../../Engine/Content/EngineMaterials/Substrate/Glints2/dict_0004_0246.uasset" 9132
"/Engine/EngineMaterials/Substrate/Glints2/dict_0005_0002" 9133
"/Engine/EngineMaterials/Substrate/Glints2/dict_0005_0003" 9134
"../../../Engine/Content/EngineMaterials/Substrate/Glints2/dict_0004_0245.uasset" 9135
"../../../Engine/Content/EngineMaterials/Substrate/Glints2/dict_0004_0244.uasset" 9136
"/Engine/EngineMaterials/Substrate/Glints2/dict_0005_0004" 9137
"../../../Engine/Content/EngineMaterials/Substrate/Glints2/dict_0004_0243.uasset" 9138
"/Engine/EngineMaterials/Substrate/Glints2/dict_0005_0005" 9139
"../../../Engine/Content/EngineMaterials/Substrate/Glints2/dict_0004_0242.uasset" 9140
"../../../Engine/Content/EngineMaterials/Substrate/Glints2/dict_0004_0241.uasset" 9141
"../../../Engine/Content/EngineMaterials/Substrate/Glints2/dict_0004_0240.uasset" 9142
"/Engine/EngineMaterials/Substrate/Glints2/dict_0004_0242" 9143
"../../../Engine/Content/EngineMaterials/Substrate/Glints2/dict_0004_0239.uasset" 9144
"/Engine/EngineMaterials/Substrate/Glints2/dict_0004_0243" 9145
"../../../Engine/Content/EngineMaterials/Substrate/Glints2/dict_0004_0238.uasset" 9146
"/Engine/EngineMaterials/Substrate/Glints2/dict_0004_0244" 9147
"../../../Engine/Content/EngineMaterials/Substrate/Glints2/dict_0004_0236.uasset" 9148
"../../../Engine/Content/EngineMaterials/Substrate/Glints2/dict_0004_0237.uasset" 9149
"../../../Engine/Content/EngineMaterials/Substrate/Glints2/dict_0004_0235.uasset" 9150
"/Engine/EngineMaterials/Substrate/Glints2/dict_0004_0245" 9151
"../../../Engine/Content/EngineMaterials/Substrate/Glints2/dict_0004_0234.uasset" 9152
"/Engine/EngineMaterials/Substrate/Glints2/dict_0004_0246" 9153
"../../../Engine/Content/EngineMaterials/Substrate/Glints2/dict_0004_0233.uasset" 9154
"../../../Engine/Content/EngineMaterials/Substrate/Glints2/dict_0004_0232.uasset" 9155
"/Engine/EngineMaterials/Substrate/Glints2/dict_0004_0247" 9156
"../../../Engine/Content/EngineMaterials/Substrate/Glints2/dict_0004_0231.uasset" 9157
"../../../Engine/Content/EngineMaterials/Substrate/Glints2/dict_0004_0230.uasset" 9158
"/Engine/EngineMaterials/Substrate/Glints2/dict_0004_0248" 9159
"../../../Engine/Content/EngineMaterials/Substrate/Glints2/dict_0004_0229.uasset" 9160
"../../../Engine/Content/EngineMaterials/Substrate/Glints2/dict_0004_0227.uasset" 9161
"../../../Engine/Content/EngineMaterials/Substrate/Glints2/dict_0004_0228.uasset" 9162
"/Engine/EngineMaterials/Substrate/Glints2/dict_0004_0250" 9163
"../../../Engine/Content/EngineMaterials/Substrate/Glints2/dict_0004_0225.uasset" 9164
"../../../Engine/Content/EngineMaterials/Substrate/Glints2/dict_0004_0226.uasset" 9165
"../../../Engine/Content/EngineMaterials/Substrate/Glints2/dict_0004_0224.uasset" 9166
"/Engine/EngineMaterials/Substrate/Glints2/dict_0004_0251" 9167
"../../../Engine/Content/EngineMaterials/Substrate/Glints2/dict_0004_0223.uasset" 9168
"../../../Engine/Content/EngineMaterials/Substrate/Glints2/dict_0004_0222.uasset" 9169
"/Engine/EngineMaterials/Substrate/Glints2/dict_0004_0252" 9170
"/Engine/EngineMaterials/Substrate/Glints2/dict_0005_0000" 9171
"../../../Engine/Content/EngineMaterials/Substrate/Glints2/dict_0004_0220.uasset" 9172
"/Engine/EngineMaterials/Substrate/Glints2/dict_0004_0230" 9173
"../../../Engine/Content/EngineMaterials/Substrate/Glints2/dict_0004_0219.uasset" 9174
"../../../Engine/Content/EngineMaterials/Substrate/Glints2/dict_0004_0218.uasset" 9175
"../../../Engine/Content/EngineMaterials/Substrate/Glints2/dict_0004_0221.uasset" 9176
"../../../Engine/Content/EngineMaterials/Substrate/Glints2/dict_0004_0217.uasset" 9177
"../../../Engine/Content/EngineMaterials/Substrate/Glints2/dict_0004_0216.uasset" 9178
"/Engine/EngineMaterials/Substrate/Glints2/dict_0004_0231" 9179
"../../../Engine/Content/EngineMaterials/Substrate/Glints2/dict_0004_0214.uasset" 9180
"../../../Engine/Content/EngineMaterials/Substrate/Glints2/dict_0004_0215.uasset" 9181
"../../../Engine/Content/EngineMaterials/Substrate/Glints2/dict_0004_0213.uasset" 9182
"../../../Engine/Content/EngineMaterials/Substrate/Glints2/dict_0004_0212.uasset" 9183
"/Engine/EngineMaterials/Substrate/Glints2/dict_0004_0232" 9184
"../../../Engine/Content/EngineMaterials/Substrate/Glints2/dict_0004_0211.uasset" 9185
"/Engine/EngineMaterials/Substrate/Glints2/dict_0004_0240" 9186
"/Engine/EngineMaterials/Substrate/Glints2/dict_0004_0233" 9187
"/Engine/EngineMaterials/Substrate/Glints2/dict_0004_0241" 9188
"/Engine/EngineMaterials/Substrate/Glints2/dict_0004_0249" 9189
"/Engine/EngineMaterials/Substrate/Glints2/dict_0004_0222" 9190
"/Engine/EngineMaterials/Substrate/Glints2/dict_0004_0223" 9191
"/Engine/EngineMaterials/Substrate/Glints2/dict_0004_0224" 9192
"/Engine/EngineMaterials/Substrate/Glints2/dict_0004_0225" 9193
"/Engine/EngineMaterials/Substrate/Glints2/dict_0004_0226" 9194
"/Engine/EngineMaterials/Substrate/Glints2/dict_0004_0227" 9195
"/Engine/EngineMaterials/Substrate/Glints2/dict_0004_0228" 9196
"/Engine/EngineMaterials/Substrate/Glints2/dict_0004_0229" 9197
"/Engine/EngineMaterials/Substrate/Glints2/dict_0004_0234" 9198
"/Engine/EngineMaterials/Substrate/Glints2/dict_0004_0235" 9199
"/Engine/EngineMaterials/Substrate/Glints2/dict_0004_0236" 9200
"/Engine/EngineMaterials/Substrate/Glints2/dict_0004_0237" 9201
"/Engine/EngineMaterials/Substrate/Glints2/dict_0004_0238" 9202
"/Engine/EngineMaterials/Substrate/Glints2/dict_0004_0239" 9203
"/Engine/EngineMaterials/Substrate/Glints2/dict_0004_0211" 9204
"../../../Engine/Content/EngineMaterials/Substrate/Glints2/dict_0004_0209.uasset" 9205
"../../../Engine/Content/EngineMaterials/Substrate/Glints2/dict_0004_0210.uasset" 9206
"../../../Engine/Content/EngineMaterials/Substrate/Glints2/dict_0004_0206.uasset" 9207
"../../../Engine/Content/EngineMaterials/Substrate/Glints2/dict_0004_0204.uasset" 9208
"/Engine/EngineMaterials/Substrate/Glints2/dict_0004_0212" 9209
"../../../Engine/Content/EngineMaterials/Substrate/Glints2/dict_0004_0203.uasset" 9210
"/Engine/EngineMaterials/Substrate/Glints2/dict_0004_0213" 9211
"../../../Engine/Content/EngineMaterials/Substrate/Glints2/dict_0004_0202.uasset" 9212
"../../../Engine/Content/EngineMaterials/Substrate/Glints2/dict_0004_0201.uasset" 9213
"../../../Engine/Content/EngineMaterials/Substrate/Glints2/dict_0004_0200.uasset" 9214
"../../../Engine/Content/EngineMaterials/Substrate/Glints2/dict_0004_0199.uasset" 9215
"/Engine/EngineMaterials/Substrate/Glints2/dict_0004_0214" 9216
"../../../Engine/Content/EngineMaterials/Substrate/Glints2/dict_0004_0198.uasset" 9217
"../../../Engine/Content/EngineMaterials/Substrate/Glints2/dict_0004_0205.uasset" 9218
"/Engine/EngineMaterials/Substrate/Glints2/dict_0004_0215" 9219
"../../../Engine/Content/EngineMaterials/Substrate/Glints2/dict_0004_0208.uasset" 9220
"../../../Engine/Content/EngineMaterials/Substrate/Glints2/dict_0004_0207.uasset" 9221
"../../../Engine/Content/EngineMaterials/Substrate/Glints2/dict_0004_0197.uasset" 9222
"../../../Engine/Content/EngineMaterials/Substrate/Glints2/dict_0004_0195.uasset" 9223
"../../../Engine/Content/EngineMaterials/Substrate/Glints2/dict_0004_0196.uasset" 9224
"../../../Engine/Content/EngineMaterials/Substrate/Glints2/dict_0004_0194.uasset" 9225
"/Engine/EngineMaterials/Substrate/Glints2/dict_0004_0216" 9226
"../../../Engine/Content/EngineMaterials/Substrate/Glints2/dict_0004_0193.uasset" 9227
"../../../Engine/Content/EngineMaterials/Substrate/Glints2/dict_0004_0192.uasset" 9228
"../../../Engine/Content/EngineMaterials/Substrate/Glints2/dict_0004_0191.uasset" 9229
"../../../Engine/Content/EngineMaterials/Substrate/Glints2/dict_0004_0190.uasset" 9230
"/Engine/EngineMaterials/Substrate/Glints2/dict_0004_0217" 9231
"/Engine/EngineMaterials/Substrate/Glints2/dict_0004_0218" 9232
"/Engine/EngineMaterials/Substrate/Glints2/dict_0004_0219" 9233
"/Engine/EngineMaterials/Substrate/Glints2/dict_0004_0220" 9234
"/Engine/EngineMaterials/Substrate/Glints2/dict_0004_0221" 9235
"../../../Engine/Content/EngineMaterials/Substrate/Glints2/dict_0004_0189.uasset" 9236
"../../../Engine/Content/EngineMaterials/Substrate/Glints2/dict_0004_0188.uasset" 9237
"../../../Engine/Content/EngineMaterials/Substrate/Glints2/dict_0004_0187.uasset" 9238
"/Engine/EngineMaterials/Substrate/Glints2/dict_0004_0190" 9239
"../../../Engine/Content/EngineMaterials/Substrate/Glints2/dict_0004_0183.uasset" 9240
"../../../Engine/Content/EngineMaterials/Substrate/Glints2/dict_0004_0186.uasset" 9241
"../../../Engine/Content/EngineMaterials/Substrate/Glints2/dict_0004_0182.uasset" 9242
"../../../Engine/Content/EngineMaterials/Substrate/Glints2/dict_0004_0185.uasset" 9243
"../../../Engine/Content/EngineMaterials/Substrate/Glints2/dict_0004_0184.uasset" 9244
"/Engine/EngineMaterials/Substrate/Glints2/dict_0004_0191" 9245
"../../../Engine/Content/EngineMaterials/Substrate/Glints2/dict_0004_0181.uasset" 9246
"../../../Engine/Content/EngineMaterials/Substrate/Glints2/dict_0004_0179.uasset" 9247
"/Engine/EngineMaterials/Substrate/Glints2/dict_0004_0192" 9248
"../../../Engine/Content/EngineMaterials/Substrate/Glints2/dict_0004_0180.uasset" 9249
"/Engine/EngineMaterials/Substrate/Glints2/dict_0004_0193" 9250
"/Engine/EngineMaterials/Substrate/Glints2/dict_0004_0194" 9251
"/Engine/EngineMaterials/Substrate/Glints2/dict_0004_0195" 9252
"/Engine/EngineMaterials/Substrate/Glints2/dict_0004_0196" 9253
"/Engine/EngineMaterials/Substrate/Glints2/dict_0004_0197" 9254
"/Engine/EngineMaterials/Substrate/Glints2/dict_0004_0198" 9255
"/Engine/EngineMaterials/Substrate/Glints2/dict_0004_0199" 9256
"/Engine/EngineMaterials/Substrate/Glints2/dict_0004_0200" 9257
"/Engine/EngineMaterials/Substrate/Glints2/dict_0004_0201" 9258
"/Engine/EngineMaterials/Substrate/Glints2/dict_0004_0202" 9259
"/Engine/EngineMaterials/Substrate/Glints2/dict_0004_0203" 9260
"/Engine/EngineMaterials/Substrate/Glints2/dict_0004_0204" 9261
"/Engine/EngineMaterials/Substrate/Glints2/dict_0004_0205" 9262
"/Engine/EngineMaterials/Substrate/Glints2/dict_0004_0206" 9263
"/Engine/EngineMaterials/Substrate/Glints2/dict_0004_0207" 9264
"/Engine/EngineMaterials/Substrate/Glints2/dict_0004_0208" 9265
"/Engine/EngineMaterials/Substrate/Glints2/dict_0004_0209" 9266
"/Engine/EngineMaterials/Substrate/Glints2/dict_0004_0210" 9267
"../../../Engine/Content/EngineMaterials/Substrate/Glints2/dict_0004_0177.uasset" 9268
"/Engine/EngineMaterials/Substrate/Glints2/dict_0004_0179" 9269
"../../../Engine/Content/EngineMaterials/Substrate/Glints2/dict_0004_0176.uasset" 9270
"../../../Engine/Content/EngineMaterials/Substrate/Glints2/dict_0004_0175.uasset" 9271
"../../../Engine/Content/EngineMaterials/Substrate/Glints2/dict_0004_0178.uasset" 9272
"../../../Engine/Content/EngineMaterials/Substrate/Glints2/dict_0004_0174.uasset" 9273
"../../../Engine/Content/EngineMaterials/Substrate/Glints2/dict_0004_0173.uasset" 9274
"../../../Engine/Content/EngineMaterials/Substrate/Glints2/dict_0004_0172.uasset" 9275
"../../../Engine/Content/EngineMaterials/Substrate/Glints2/dict_0004_0171.uasset" 9276
"../../../Engine/Content/EngineMaterials/Substrate/Glints2/dict_0004_0170.uasset" 9277
"/Engine/EngineMaterials/Substrate/Glints2/dict_0004_0180" 9278
"../../../Engine/Content/EngineMaterials/Substrate/Glints2/dict_0004_0169.uasset" 9279
"../../../Engine/Content/EngineMaterials/Substrate/Glints2/dict_0004_0168.uasset" 9280
"../../../Engine/Content/EngineMaterials/Substrate/Glints2/dict_0004_0167.uasset" 9281
"/Engine/EngineMaterials/Substrate/Glints2/dict_0004_0181" 9282
"../../../Engine/Content/EngineMaterials/Substrate/Glints2/dict_0004_0166.uasset" 9283
"/Engine/EngineMaterials/Substrate/Glints2/dict_0004_0182" 9284
"/Engine/EngineMaterials/Substrate/Glints2/dict_0004_0183" 9285
"/Engine/EngineMaterials/Substrate/Glints2/dict_0004_0184" 9286
"/Engine/EngineMaterials/Substrate/Glints2/dict_0004_0185" 9287
"../../../Engine/Content/EngineMaterials/Substrate/Glints2/dict_0004_0165.uasset" 9288
"/Engine/EngineMaterials/Substrate/Glints2/dict_0004_0186" 9289
"../../../Engine/Content/EngineMaterials/Substrate/Glints2/dict_0004_0163.uasset" 9290
"../../../Engine/Content/EngineMaterials/Substrate/Glints2/dict_0004_0158.uasset" 9291
"../../../Engine/Content/EngineMaterials/Substrate/Glints2/dict_0004_0161.uasset" 9292
"../../../Engine/Content/EngineMaterials/Substrate/Glints2/dict_0004_0164.uasset" 9293
"../../../Engine/Content/EngineMaterials/Substrate/Glints2/dict_0004_0159.uasset" 9294
"/Engine/EngineMaterials/Substrate/Glints2/dict_0004_0187" 9295
"../../../Engine/Content/EngineMaterials/Substrate/Glints2/dict_0004_0162.uasset" 9296
"/Engine/EngineMaterials/Substrate/Glints2/dict_0004_0188" 9297
"/Engine/EngineMaterials/Substrate/Glints2/dict_0004_0189" 9298
"../../../Engine/Content/EngineMaterials/Substrate/Glints2/dict_0004_0160.uasset" 9299
"../../../Engine/Content/EngineMaterials/Substrate/Glints2/dict_0004_0157.uasset" 9300
"../../../Engine/Content/EngineMaterials/Substrate/Glints2/dict_0004_0156.uasset" 9301
"../../../Engine/Content/EngineMaterials/Substrate/Glints2/dict_0004_0155.uasset" 9302
"../../../Engine/Content/EngineMaterials/Substrate/Glints2/dict_0004_0154.uasset" 9303
"../../../Engine/Content/EngineMaterials/Substrate/Glints2/dict_0004_0152.uasset" 9304
"../../../Engine/Content/EngineMaterials/Substrate/Glints2/dict_0004_0151.uasset" 9305
"../../../Engine/Content/EngineMaterials/Substrate/Glints2/dict_0004_0150.uasset" 9306
"../../../Engine/Content/EngineMaterials/Substrate/Glints2/dict_0004_0153.uasset" 9307
"/Engine/EngineMaterials/Substrate/Glints2/dict_0004_0158" 9308
"../../../Engine/Content/EngineMaterials/Substrate/Glints2/dict_0004_0149.uasset" 9309
"../../../Engine/Content/EngineMaterials/Substrate/Glints2/dict_0004_0148.uasset" 9310
"../../../Engine/Content/EngineMaterials/Substrate/Glints2/dict_0004_0147.uasset" 9311
"/Engine/EngineMaterials/Substrate/Glints2/dict_0004_0159" 9312
"/Engine/EngineMaterials/Substrate/Glints2/dict_0004_0161" 9313
"/Engine/EngineMaterials/Substrate/Glints2/dict_0004_0162" 9314
"/Engine/EngineMaterials/Substrate/Glints2/dict_0004_0163" 9315
"/Engine/EngineMaterials/Substrate/Glints2/dict_0004_0164" 9316
"/Engine/EngineMaterials/Substrate/Glints2/dict_0004_0165" 9317
"/Engine/EngineMaterials/Substrate/Glints2/dict_0004_0166" 9318
"/Engine/EngineMaterials/Substrate/Glints2/dict_0004_0167" 9319
"/Engine/EngineMaterials/Substrate/Glints2/dict_0004_0168" 9320
"/Engine/EngineMaterials/Substrate/Glints2/dict_0004_0169" 9321
"/Engine/EngineMaterials/Substrate/Glints2/dict_0004_0170" 9322
"/Engine/EngineMaterials/Substrate/Glints2/dict_0004_0171" 9323
"/Engine/EngineMaterials/Substrate/Glints2/dict_0004_0172" 9324
"/Engine/EngineMaterials/Substrate/Glints2/dict_0004_0173" 9325
"/Engine/EngineMaterials/Substrate/Glints2/dict_0004_0174" 9326
"/Engine/EngineMaterials/Substrate/Glints2/dict_0004_0175" 9327
"/Engine/EngineMaterials/Substrate/Glints2/dict_0004_0176" 9328
"/Engine/EngineMaterials/Substrate/Glints2/dict_0004_0177" 9329
"/Engine/EngineMaterials/Substrate/Glints2/dict_0004_0178" 9330
"/Engine/EngineMaterials/Substrate/Glints2/dict_0004_0160" 9331
"../../../Engine/Content/EngineMaterials/Substrate/Glints2/dict_0004_0142.uasset" 9332
"../../../Engine/Content/EngineMaterials/Substrate/Glints2/dict_0004_0141.uasset" 9333
"../../../Engine/Content/EngineMaterials/Substrate/Glints2/dict_0004_0144.uasset" 9334
"../../../Engine/Content/EngineMaterials/Substrate/Glints2/dict_0004_0146.uasset" 9335
"../../../Engine/Content/EngineMaterials/Substrate/Glints2/dict_0004_0140.uasset" 9336
"../../../Engine/Content/EngineMaterials/Substrate/Glints2/dict_0004_0137.uasset" 9337
"../../../Engine/Content/EngineMaterials/Substrate/Glints2/dict_0004_0139.uasset" 9338
"../../../Engine/Content/EngineMaterials/Substrate/Glints2/dict_0004_0143.uasset" 9339
"../../../Engine/Content/EngineMaterials/Substrate/Glints2/dict_0004_0138.uasset" 9340
"../../../Engine/Content/EngineMaterials/Substrate/Glints2/dict_0004_0145.uasset" 9341
"../../../Engine/Content/EngineMaterials/Substrate/Glints2/dict_0004_0136.uasset" 9342
"../../../Engine/Content/EngineMaterials/Substrate/Glints2/dict_0004_0135.uasset" 9343
"../../../Engine/Content/EngineMaterials/Substrate/Glints2/dict_0004_0134.uasset" 9344
"/Engine/EngineMaterials/Substrate/Glints2/dict_0004_0147" 9345
"/Engine/EngineMaterials/Substrate/Glints2/dict_0004_0148" 9346
"/Engine/EngineMaterials/Substrate/Glints2/dict_0004_0149" 9347
"/Engine/EngineMaterials/Substrate/Glints2/dict_0004_0150" 9348
"../../../Engine/Content/EngineMaterials/Substrate/Glints2/dict_0004_0133.uasset" 9349
"../../../Engine/Content/EngineMaterials/Substrate/Glints2/dict_0004_0132.uasset" 9350
"../../../Engine/Content/EngineMaterials/Substrate/Glints2/dict_0004_0131.uasset" 9351
"/Engine/EngineMaterials/Substrate/Glints2/dict_0004_0151" 9352
"/Engine/EngineMaterials/Substrate/Glints2/dict_0004_0152" 9353
"/Engine/EngineMaterials/Substrate/Glints2/dict_0004_0153" 9354
"../../../Engine/Content/EngineMaterials/Substrate/Glints2/dict_0004_0130.uasset" 9355
"/Engine/EngineMaterials/Substrate/Glints2/dict_0004_0154" 9356
"../../../Engine/Content/EngineMaterials/Substrate/Glints2/dict_0004_0129.uasset" 9357
"../../../Engine/Content/EngineMaterials/Substrate/Glints2/dict_0004_0128.uasset" 9358
"../../../Engine/Content/EngineMaterials/Substrate/Glints2/dict_0004_0127.uasset" 9359
"/Engine/EngineMaterials/Substrate/Glints2/dict_0004_0155" 9360
"/Engine/EngineMaterials/Substrate/Glints2/dict_0004_0156" 9361
"/Engine/EngineMaterials/Substrate/Glints2/dict_0004_0157" 9362
"../../../Engine/Content/EngineMaterials/Substrate/Glints2/dict_0004_0126.uasset" 9363
"../../../Engine/Content/EngineMaterials/Substrate/Glints2/dict_0004_0122.uasset" 9364
"../../../Engine/Content/EngineMaterials/Substrate/Glints2/dict_0004_0125.uasset" 9365
"../../../Engine/Content/EngineMaterials/Substrate/Glints2/dict_0004_0124.uasset" 9366
"../../../Engine/Content/EngineMaterials/Substrate/Glints2/dict_0004_0121.uasset" 9367
"../../../Engine/Content/EngineMaterials/Substrate/Glints2/dict_0004_0120.uasset" 9368
"../../../Engine/Content/EngineMaterials/Substrate/Glints2/dict_0004_0118.uasset" 9369
"../../../Engine/Content/EngineMaterials/Substrate/Glints2/dict_0004_0123.uasset" 9370
"../../../Engine/Content/EngineMaterials/Substrate/Glints2/dict_0004_0119.uasset" 9371
"/Engine/EngineMaterials/Substrate/Glints2/dict_0004_0127" 9372
"../../../Engine/Content/EngineMaterials/Substrate/Glints2/dict_0004_0117.uasset" 9373
"../../../Engine/Content/EngineMaterials/Substrate/Glints2/dict_0004_0116.uasset" 9374
"../../../Engine/Content/EngineMaterials/Substrate/Glints2/dict_0004_0115.uasset" 9375
"/Engine/EngineMaterials/Substrate/Glints2/dict_0004_0129" 9376
"/Engine/EngineMaterials/Substrate/Glints2/dict_0004_0130" 9377
"/Engine/EngineMaterials/Substrate/Glints2/dict_0004_0131" 9378
"/Engine/EngineMaterials/Substrate/Glints2/dict_0004_0132" 9379
"/Engine/EngineMaterials/Substrate/Glints2/dict_0004_0133" 9380
"/Engine/EngineMaterials/Substrate/Glints2/dict_0004_0134" 9381
"/Engine/EngineMaterials/Substrate/Glints2/dict_0004_0135" 9382
"/Engine/EngineMaterials/Substrate/Glints2/dict_0004_0136" 9383
"/Engine/EngineMaterials/Substrate/Glints2/dict_0004_0137" 9384
"/Engine/EngineMaterials/Substrate/Glints2/dict_0004_0138" 9385
"/Engine/EngineMaterials/Substrate/Glints2/dict_0004_0139" 9386
"/Engine/EngineMaterials/Substrate/Glints2/dict_0004_0140" 9387
"/Engine/EngineMaterials/Substrate/Glints2/dict_0004_0141" 9388
"/Engine/EngineMaterials/Substrate/Glints2/dict_0004_0142" 9389
"/Engine/EngineMaterials/Substrate/Glints2/dict_0004_0143" 9390
"/Engine/EngineMaterials/Substrate/Glints2/dict_0004_0144" 9391
"/Engine/EngineMaterials/Substrate/Glints2/dict_0004_0145" 9392
"/Engine/EngineMaterials/Substrate/Glints2/dict_0004_0146" 9393
"/Engine/EngineMaterials/Substrate/Glints2/dict_0004_0128" 9394
"../../../Engine/Content/EngineMaterials/Substrate/Glints2/dict_0004_0108.uasset" 9395
"../../../Engine/Content/EngineMaterials/Substrate/Glints2/dict_0004_0113.uasset" 9396
"../../../Engine/Content/EngineMaterials/Substrate/Glints2/dict_0004_0109.uasset" 9397
"../../../Engine/Content/EngineMaterials/Substrate/Glints2/dict_0004_0104.uasset" 9398
"../../../Engine/Content/EngineMaterials/Substrate/Glints2/dict_0004_0111.uasset" 9399
"../../../Engine/Content/EngineMaterials/Substrate/Glints2/dict_0004_0102.uasset" 9400
"../../../Engine/Content/EngineMaterials/Substrate/Glints2/dict_0004_0105.uasset" 9401
"../../../Engine/Content/EngineMaterials/Substrate/Glints2/dict_0004_0107.uasset" 9402
"../../../Engine/Content/EngineMaterials/Substrate/Glints2/dict_0004_0106.uasset" 9403
"../../../Engine/Content/EngineMaterials/Substrate/Glints2/dict_0004_0110.uasset" 9404
"../../../Engine/Content/EngineMaterials/Substrate/Glints2/dict_0004_0103.uasset" 9405
"../../../Engine/Content/EngineMaterials/Substrate/Glints2/dict_0004_0114.uasset" 9406
"../../../Engine/Content/EngineMaterials/Substrate/Glints2/dict_0004_0112.uasset" 9407
"../../../Engine/Content/EngineMaterials/Substrate/Glints2/dict_0004_0101.uasset" 9408
"/Engine/EngineMaterials/Substrate/Glints2/dict_0004_0115" 9409
"../../../Engine/Content/EngineMaterials/Substrate/Glints2/dict_0004_0100.uasset" 9410
"../../../Engine/Content/EngineMaterials/Substrate/Glints2/dict_0004_0099.uasset" 9411
"../../../Engine/Content/EngineMaterials/Substrate/Glints2/dict_0004_0098.uasset" 9412
"../../../Engine/Content/EngineMaterials/Substrate/Glints2/dict_0004_0097.uasset" 9413
"../../../Engine/Content/EngineMaterials/Substrate/Glints2/dict_0004_0096.uasset" 9414
"/Engine/EngineMaterials/Substrate/Glints2/dict_0004_0116" 9415
"/Engine/EngineMaterials/Substrate/Glints2/dict_0004_0117" 9416
"/Engine/EngineMaterials/Substrate/Glints2/dict_0004_0118" 9417
"/Engine/EngineMaterials/Substrate/Glints2/dict_0004_0119" 9418
"/Engine/EngineMaterials/Substrate/Glints2/dict_0004_0120" 9419
"/Engine/EngineMaterials/Substrate/Glints2/dict_0004_0121" 9420
"/Engine/EngineMaterials/Substrate/Glints2/dict_0004_0122" 9421
"/Engine/EngineMaterials/Substrate/Glints2/dict_0004_0123" 9422
"/Engine/EngineMaterials/Substrate/Glints2/dict_0004_0124" 9423
"/Engine/EngineMaterials/Substrate/Glints2/dict_0004_0125" 9424
"/Engine/EngineMaterials/Substrate/Glints2/dict_0004_0126" 9425
"../../../Engine/Content/EngineMaterials/Substrate/Glints2/dict_0004_0094.uasset" 9426
"../../../Engine/Content/EngineMaterials/Substrate/Glints2/dict_0004_0092.uasset" 9427
"../../../Engine/Content/EngineMaterials/Substrate/Glints2/dict_0004_0090.uasset" 9428
"../../../Engine/Content/EngineMaterials/Substrate/Glints2/dict_0004_0087.uasset" 9429
"../../../Engine/Content/EngineMaterials/Substrate/Glints2/dict_0004_0091.uasset" 9430
"/Engine/EngineMaterials/Substrate/Glints2/dict_0004_0096" 9431
"../../../Engine/Content/EngineMaterials/Substrate/Glints2/dict_0004_0089.uasset" 9432
"../../../Engine/Content/EngineMaterials/Substrate/Glints2/dict_0004_0095.uasset" 9433
"../../../Engine/Content/EngineMaterials/Substrate/Glints2/dict_0004_0088.uasset" 9434
"../../../Engine/Content/EngineMaterials/Substrate/Glints2/dict_0004_0086.uasset" 9435
"../../../Engine/Content/EngineMaterials/Substrate/Glints2/dict_0004_0093.uasset" 9436
"../../../Engine/Content/EngineMaterials/Substrate/Glints2/dict_0004_0085.uasset" 9437
"../../../Engine/Content/EngineMaterials/Substrate/Glints2/dict_0004_0084.uasset" 9438
"../../../Engine/Content/EngineMaterials/Substrate/Glints2/dict_0004_0083.uasset" 9439
"/Engine/EngineMaterials/Substrate/Glints2/dict_0004_0097" 9440
"/Engine/EngineMaterials/Substrate/Glints2/dict_0004_0098" 9441
"/Engine/EngineMaterials/Substrate/Glints2/dict_0004_0099" 9442
"/Engine/EngineMaterials/Substrate/Glints2/dict_0004_0100" 9443
"/Engine/EngineMaterials/Substrate/Glints2/dict_0004_0101" 9444
"/Engine/EngineMaterials/Substrate/Glints2/dict_0004_0102" 9445
"/Engine/EngineMaterials/Substrate/Glints2/dict_0004_0103" 9446
"/Engine/EngineMaterials/Substrate/Glints2/dict_0004_0104" 9447
"/Engine/EngineMaterials/Substrate/Glints2/dict_0004_0105" 9448
"/Engine/EngineMaterials/Substrate/Glints2/dict_0004_0106" 9449
"/Engine/EngineMaterials/Substrate/Glints2/dict_0004_0107" 9450
"/Engine/EngineMaterials/Substrate/Glints2/dict_0004_0108" 9451
"/Engine/EngineMaterials/Substrate/Glints2/dict_0004_0109" 9452
"/Engine/EngineMaterials/Substrate/Glints2/dict_0004_0110" 9453
"/Engine/EngineMaterials/Substrate/Glints2/dict_0004_0111" 9454
"/Engine/EngineMaterials/Substrate/Glints2/dict_0004_0112" 9455
"/Engine/EngineMaterials/Substrate/Glints2/dict_0004_0113" 9456
"/Engine/EngineMaterials/Substrate/Glints2/dict_0004_0114" 9457
"/Engine/EngineMaterials/Substrate/Glints2/dict_0004_0083" 9458
"../../../Engine/Content/EngineMaterials/Substrate/Glints2/dict_0004_0081.uasset" 9459
"../../../Engine/Content/EngineMaterials/Substrate/Glints2/dict_0004_0072.uasset" 9460
"../../../Engine/Content/EngineMaterials/Substrate/Glints2/dict_0004_0071.uasset" 9461
"../../../Engine/Content/EngineMaterials/Substrate/Glints2/dict_0004_0079.uasset" 9462
"../../../Engine/Content/EngineMaterials/Substrate/Glints2/dict_0004_0080.uasset" 9463
"../../../Engine/Content/EngineMaterials/Substrate/Glints2/dict_0004_0074.uasset" 9464
"../../../Engine/Content/EngineMaterials/Substrate/Glints2/dict_0004_0078.uasset" 9465
"../../../Engine/Content/EngineMaterials/Substrate/Glints2/dict_0004_0076.uasset" 9466
"../../../Engine/Content/EngineMaterials/Substrate/Glints2/dict_0004_0075.uasset" 9467
"../../../Engine/Content/EngineMaterials/Substrate/Glints2/dict_0004_0073.uasset" 9468
"../../../Engine/Content/EngineMaterials/Substrate/Glints2/dict_0004_0070.uasset" 9469
"../../../Engine/Content/EngineMaterials/Substrate/Glints2/dict_0004_0077.uasset" 9470
"../../../Engine/Content/EngineMaterials/Substrate/Glints2/dict_0004_0082.uasset" 9471
"../../../Engine/Content/EngineMaterials/Substrate/Glints2/dict_0004_0069.uasset" 9472
"/Engine/EngineMaterials/Substrate/Glints2/dict_0004_0084" 9473
"../../../Engine/Content/EngineMaterials/Substrate/Glints2/dict_0004_0068.uasset" 9474
"../../../Engine/Content/EngineMaterials/Substrate/Glints2/dict_0004_0067.uasset" 9475
"../../../Engine/Content/EngineMaterials/Substrate/Glints2/dict_0004_0064.uasset" 9476
"../../../Engine/Content/EngineMaterials/Substrate/Glints2/dict_0004_0065.uasset" 9477
"/Engine/EngineMaterials/Substrate/Glints2/dict_0004_0085" 9478
"../../../Engine/Content/EngineMaterials/Substrate/Glints2/dict_0004_0066.uasset" 9479
"/Engine/EngineMaterials/Substrate/Glints2/dict_0004_0086" 9480
"/Engine/EngineMaterials/Substrate/Glints2/dict_0004_0087" 9481
"/Engine/EngineMaterials/Substrate/Glints2/dict_0004_0088" 9482
"/Engine/EngineMaterials/Substrate/Glints2/dict_0004_0089" 9483
"/Engine/EngineMaterials/Substrate/Glints2/dict_0004_0090" 9484
"/Engine/EngineMaterials/Substrate/Glints2/dict_0004_0091" 9485
"/Engine/EngineMaterials/Substrate/Glints2/dict_0004_0092" 9486
"/Engine/EngineMaterials/Substrate/Glints2/dict_0004_0093" 9487
"/Engine/EngineMaterials/Substrate/Glints2/dict_0004_0094" 9488
"/Engine/EngineMaterials/Substrate/Glints2/dict_0004_0095" 9489
"../../../Engine/Content/EngineMaterials/Substrate/Glints2/dict_0004_0063.uasset" 9490
"../../../Engine/Content/EngineMaterials/Substrate/Glints2/dict_0004_0062.uasset" 9491
"../../../Engine/Content/EngineMaterials/Substrate/Glints2/dict_0004_0060.uasset" 9492
"../../../Engine/Content/EngineMaterials/Substrate/Glints2/dict_0004_0059.uasset" 9493
"../../../Engine/Content/EngineMaterials/Substrate/Glints2/dict_0004_0057.uasset" 9494
"../../../Engine/Content/EngineMaterials/Substrate/Glints2/dict_0004_0061.uasset" 9495
"../../../Engine/Content/EngineMaterials/Substrate/Glints2/dict_0004_0054.uasset" 9496
"/Engine/EngineMaterials/Substrate/Glints2/dict_0004_0064" 9497
"../../../Engine/Content/EngineMaterials/Substrate/Glints2/dict_0004_0058.uasset" 9498
"../../../Engine/Content/EngineMaterials/Substrate/Glints2/dict_0004_0056.uasset" 9499
"../../../Engine/Content/EngineMaterials/Substrate/Glints2/dict_0004_0055.uasset" 9500
"../../../Engine/Content/EngineMaterials/Substrate/Glints2/dict_0004_0053.uasset" 9501
"../../../Engine/Content/EngineMaterials/Substrate/Glints2/dict_0004_0052.uasset" 9502
"../../../Engine/Content/EngineMaterials/Substrate/Glints2/dict_0004_0051.uasset" 9503
"/Engine/EngineMaterials/Substrate/Glints2/dict_0004_0065" 9504
"/Engine/EngineMaterials/Substrate/Glints2/dict_0004_0066" 9505
"/Engine/EngineMaterials/Substrate/Glints2/dict_0004_0067" 9506
"/Engine/EngineMaterials/Substrate/Glints2/dict_0004_0068" 9507
"/Engine/EngineMaterials/Substrate/Glints2/dict_0004_0069" 9508
"/Engine/EngineMaterials/Substrate/Glints2/dict_0004_0070" 9509
"/Engine/EngineMaterials/Substrate/Glints2/dict_0004_0071" 9510
"/Engine/EngineMaterials/Substrate/Glints2/dict_0004_0072" 9511
"/Engine/EngineMaterials/Substrate/Glints2/dict_0004_0073" 9512
"/Engine/EngineMaterials/Substrate/Glints2/dict_0004_0074" 9513
"/Engine/EngineMaterials/Substrate/Glints2/dict_0004_0075" 9514
"/Engine/EngineMaterials/Substrate/Glints2/dict_0004_0076" 9515
"/Engine/EngineMaterials/Substrate/Glints2/dict_0004_0077" 9516
"/Engine/EngineMaterials/Substrate/Glints2/dict_0004_0078" 9517
"/Engine/EngineMaterials/Substrate/Glints2/dict_0004_0079" 9518
"/Engine/EngineMaterials/Substrate/Glints2/dict_0004_0080" 9519
"/Engine/EngineMaterials/Substrate/Glints2/dict_0004_0081" 9520
"/Engine/EngineMaterials/Substrate/Glints2/dict_0004_0082" 9521
"../../../Engine/Content/EngineMaterials/Substrate/Glints2/dict_0004_0048.uasset" 9522
"../../../Engine/Content/EngineMaterials/Substrate/Glints2/dict_0004_0044.uasset" 9523
"/Engine/EngineMaterials/Substrate/Glints2/dict_0004_0051" 9524
"../../../Engine/Content/EngineMaterials/Substrate/Glints2/dict_0004_0042.uasset" 9525
"../../../Engine/Content/EngineMaterials/Substrate/Glints2/dict_0004_0038.uasset" 9526
"../../../Engine/Content/EngineMaterials/Substrate/Glints2/dict_0004_0046.uasset" 9527
"../../../Engine/Content/EngineMaterials/Substrate/Glints2/dict_0004_0043.uasset" 9528
"../../../Engine/Content/EngineMaterials/Substrate/Glints2/dict_0004_0049.uasset" 9529
"../../../Engine/Content/EngineMaterials/Substrate/Glints2/dict_0004_0045.uasset" 9530
"../../../Engine/Content/EngineMaterials/Substrate/Glints2/dict_0004_0050.uasset" 9531
"../../../Engine/Content/EngineMaterials/Substrate/Glints2/dict_0004_0047.uasset" 9532
"../../../Engine/Content/EngineMaterials/Substrate/Glints2/dict_0004_0039.uasset" 9533
"../../../Engine/Content/EngineMaterials/Substrate/Glints2/dict_0004_0040.uasset" 9534
"../../../Engine/Content/EngineMaterials/Substrate/Glints2/dict_0004_0041.uasset" 9535
"../../../Engine/Content/EngineMaterials/Substrate/Glints2/dict_0004_0037.uasset" 9536
"/Engine/EngineMaterials/Substrate/Glints2/dict_0004_0052" 9537
"../../../Engine/Content/EngineMaterials/Substrate/Glints2/dict_0004_0036.uasset" 9538
"../../../Engine/Content/EngineMaterials/Substrate/Glints2/dict_0004_0035.uasset" 9539
"../../../Engine/Content/EngineMaterials/Substrate/Glints2/dict_0004_0034.uasset" 9540
"../../../Engine/Content/EngineMaterials/Substrate/Glints2/dict_0004_0033.uasset" 9541
"../../../Engine/Content/EngineMaterials/Substrate/Glints2/dict_0004_0032.uasset" 9542
"/Engine/EngineMaterials/Substrate/Glints2/dict_0004_0053" 9543
"/Engine/EngineMaterials/Substrate/Glints2/dict_0004_0054" 9544
"/Engine/EngineMaterials/Substrate/Glints2/dict_0004_0055" 9545
"/Engine/EngineMaterials/Substrate/Glints2/dict_0004_0056" 9546
"/Engine/EngineMaterials/Substrate/Glints2/dict_0004_0057" 9547
"/Engine/EngineMaterials/Substrate/Glints2/dict_0004_0058" 9548
"/Engine/EngineMaterials/Substrate/Glints2/dict_0004_0059" 9549
"/Engine/EngineMaterials/Substrate/Glints2/dict_0004_0060" 9550
"/Engine/EngineMaterials/Substrate/Glints2/dict_0004_0061" 9551
"/Engine/EngineMaterials/Substrate/Glints2/dict_0004_0062" 9552
"/Engine/EngineMaterials/Substrate/Glints2/dict_0004_0063" 9553
"../../../Engine/Content/EngineMaterials/Substrate/Glints2/dict_0004_0030.uasset" 9554
"../../../Engine/Content/EngineMaterials/Substrate/Glints2/dict_0004_0031.uasset" 9555
"../../../Engine/Content/EngineMaterials/Substrate/Glints2/dict_0004_0029.uasset" 9556
"../../../Engine/Content/EngineMaterials/Substrate/Glints2/dict_0004_0026.uasset" 9557
"../../../Engine/Content/EngineMaterials/Substrate/Glints2/dict_0004_0024.uasset" 9558
"../../../Engine/Content/EngineMaterials/Substrate/Glints2/dict_0004_0027.uasset" 9559
"/Engine/EngineMaterials/Substrate/Glints2/dict_0004_0032" 9560
"../../../Engine/Content/EngineMaterials/Substrate/Glints2/dict_0004_0025.uasset" 9561
"../../../Engine/Content/EngineMaterials/Substrate/Glints2/dict_0004_0028.uasset" 9562
"../../../Engine/Content/EngineMaterials/Substrate/Glints2/dict_0004_0022.uasset" 9563
"../../../Engine/Content/EngineMaterials/Substrate/Glints2/dict_0004_0023.uasset" 9564
"../../../Engine/Content/EngineMaterials/Substrate/Glints2/dict_0004_0021.uasset" 9565
"../../../Engine/Content/EngineMaterials/Substrate/Glints2/dict_0004_0020.uasset" 9566
"../../../Engine/Content/EngineMaterials/Substrate/Glints2/dict_0004_0019.uasset" 9567
"/Engine/EngineMaterials/Substrate/Glints2/dict_0004_0033" 9568
"/Engine/EngineMaterials/Substrate/Glints2/dict_0004_0034" 9569
"/Engine/EngineMaterials/Substrate/Glints2/dict_0004_0035" 9570
"/Engine/EngineMaterials/Substrate/Glints2/dict_0004_0036" 9571
"/Engine/EngineMaterials/Substrate/Glints2/dict_0004_0037" 9572
"/Engine/EngineMaterials/Substrate/Glints2/dict_0004_0038" 9573
"/Engine/EngineMaterials/Substrate/Glints2/dict_0004_0039" 9574
"/Engine/EngineMaterials/Substrate/Glints2/dict_0004_0040" 9575
"/Engine/EngineMaterials/Substrate/Glints2/dict_0004_0041" 9576
"/Engine/EngineMaterials/Substrate/Glints2/dict_0004_0042" 9577
"/Engine/EngineMaterials/Substrate/Glints2/dict_0004_0043" 9578
"/Engine/EngineMaterials/Substrate/Glints2/dict_0004_0044" 9579
"/Engine/EngineMaterials/Substrate/Glints2/dict_0004_0045" 9580
"/Engine/EngineMaterials/Substrate/Glints2/dict_0004_0046" 9581
"/Engine/EngineMaterials/Substrate/Glints2/dict_0004_0047" 9582
"/Engine/EngineMaterials/Substrate/Glints2/dict_0004_0048" 9583
"/Engine/EngineMaterials/Substrate/Glints2/dict_0004_0049" 9584
"/Engine/EngineMaterials/Substrate/Glints2/dict_0004_0050" 9585
"../../../Engine/Content/EngineMaterials/Substrate/Glints2/dict_0004_0009.uasset" 9586
"../../../Engine/Content/EngineMaterials/Substrate/Glints2/dict_0004_0013.uasset" 9587
"../../../Engine/Content/EngineMaterials/Substrate/Glints2/dict_0004_0015.uasset" 9588
"/Engine/EngineMaterials/Substrate/Glints2/dict_0004_0019" 9589
"../../../Engine/Content/EngineMaterials/Substrate/Glints2/dict_0004_0008.uasset" 9590
"../../../Engine/Content/EngineMaterials/Substrate/Glints2/dict_0004_0006.uasset" 9591
"../../../Engine/Content/EngineMaterials/Substrate/Glints2/dict_0004_0017.uasset" 9592
"../../../Engine/Content/EngineMaterials/Substrate/Glints2/dict_0004_0011.uasset" 9593
"../../../Engine/Content/EngineMaterials/Substrate/Glints2/dict_0004_0007.uasset" 9594
"../../../Engine/Content/EngineMaterials/Substrate/Glints2/dict_0004_0012.uasset" 9595
"../../../Engine/Content/EngineMaterials/Substrate/Glints2/dict_0004_0014.uasset" 9596
"../../../Engine/Content/EngineMaterials/Substrate/Glints2/dict_0004_0018.uasset" 9597
"../../../Engine/Content/EngineMaterials/Substrate/Glints2/dict_0004_0010.uasset" 9598
"../../../Engine/Content/EngineMaterials/Substrate/Glints2/dict_0004_0016.uasset" 9599
"../../../Engine/Content/EngineMaterials/Substrate/Glints2/dict_0004_0005.uasset" 9600
"/Engine/EngineMaterials/Substrate/Glints2/dict_0004_0020" 9601
"../../../Engine/Content/EngineMaterials/Substrate/Glints2/dict_0004_0004.uasset" 9602
"../../../Engine/Content/EngineMaterials/Substrate/Glints2/dict_0004_0003.uasset" 9603
"../../../Engine/Content/EngineMaterials/Substrate/Glints2/dict_0004_0002.uasset" 9604
"../../../Engine/Content/EngineMaterials/Substrate/Glints2/dict_0004_0001.uasset" 9605
"../../../Engine/Content/EngineMaterials/Substrate/Glints2/dict_0004_0000.uasset" 9606
"/Engine/EngineMaterials/Substrate/Glints2/dict_0004_0021" 9607
"/Engine/EngineMaterials/Substrate/Glints2/dict_0004_0022" 9608
"/Engine/EngineMaterials/Substrate/Glints2/dict_0004_0023" 9609
"/Engine/EngineMaterials/Substrate/Glints2/dict_0004_0024" 9610
"/Engine/EngineMaterials/Substrate/Glints2/dict_0004_0025" 9611
"/Engine/EngineMaterials/Substrate/Glints2/dict_0004_0026" 9612
"/Engine/EngineMaterials/Substrate/Glints2/dict_0004_0027" 9613
"/Engine/EngineMaterials/Substrate/Glints2/dict_0004_0028" 9614
"/Engine/EngineMaterials/Substrate/Glints2/dict_0004_0029" 9615
"/Engine/EngineMaterials/Substrate/Glints2/dict_0004_0030" 9616
"/Engine/EngineMaterials/Substrate/Glints2/dict_0004_0031" 9617
"../../../Engine/Content/EngineMaterials/Substrate/Glints2/dict_0003_0255.uasset" 9618
"../../../Engine/Content/EngineMaterials/Substrate/Glints2/dict_0003_0250.uasset" 9619
"../../../Engine/Content/EngineMaterials/Substrate/Glints2/dict_0003_0253.uasset" 9620
"../../../Engine/Content/EngineMaterials/Substrate/Glints2/dict_0003_0246.uasset" 9621
"../../../Engine/Content/EngineMaterials/Substrate/Glints2/dict_0003_0249.uasset" 9622
"../../../Engine/Content/EngineMaterials/Substrate/Glints2/dict_0003_0254.uasset" 9623
"../../../Engine/Content/EngineMaterials/Substrate/Glints2/dict_0003_0251.uasset" 9624
"/Engine/EngineMaterials/Substrate/Glints2/dict_0004_0000" 9625
"../../../Engine/Content/EngineMaterials/Substrate/Glints2/dict_0003_0247.uasset" 9626
"../../../Engine/Content/EngineMaterials/Substrate/Glints2/dict_0003_0248.uasset" 9627
"../../../Engine/Content/EngineMaterials/Substrate/Glints2/dict_0003_0252.uasset" 9628
"../../../Engine/Content/EngineMaterials/Substrate/Glints2/dict_0003_0244.uasset" 9629
"../../../Engine/Content/EngineMaterials/Substrate/Glints2/dict_0003_0245.uasset" 9630
"../../../Engine/Content/EngineMaterials/Substrate/Glints2/dict_0003_0243.uasset" 9631
"/Engine/EngineMaterials/Substrate/Glints2/dict_0004_0001" 9632
"/Engine/EngineMaterials/Substrate/Glints2/dict_0004_0002" 9633
"/Engine/EngineMaterials/Substrate/Glints2/dict_0004_0003" 9634
"/Engine/EngineMaterials/Substrate/Glints2/dict_0004_0004" 9635
"/Engine/EngineMaterials/Substrate/Glints2/dict_0004_0005" 9636
"/Engine/EngineMaterials/Substrate/Glints2/dict_0004_0006" 9637
"/Engine/EngineMaterials/Substrate/Glints2/dict_0004_0007" 9638
"/Engine/EngineMaterials/Substrate/Glints2/dict_0004_0008" 9639
"/Engine/EngineMaterials/Substrate/Glints2/dict_0004_0009" 9640
"/Engine/EngineMaterials/Substrate/Glints2/dict_0004_0010" 9641
"/Engine/EngineMaterials/Substrate/Glints2/dict_0004_0011" 9642
"/Engine/EngineMaterials/Substrate/Glints2/dict_0004_0012" 9643
"/Engine/EngineMaterials/Substrate/Glints2/dict_0004_0013" 9644
"/Engine/EngineMaterials/Substrate/Glints2/dict_0004_0014" 9645
"/Engine/EngineMaterials/Substrate/Glints2/dict_0004_0015" 9646
"/Engine/EngineMaterials/Substrate/Glints2/dict_0004_0016" 9647
"/Engine/EngineMaterials/Substrate/Glints2/dict_0004_0017" 9648
"/Engine/EngineMaterials/Substrate/Glints2/dict_0004_0018" 9649
"../../../Engine/Content/EngineMaterials/Substrate/Glints2/dict_0003_0240.uasset" 9650
"../../../Engine/Content/EngineMaterials/Substrate/Glints2/dict_0003_0239.uasset" 9651
"../../../Engine/Content/EngineMaterials/Substrate/Glints2/dict_0003_0237.uasset" 9652
"../../../Engine/Content/EngineMaterials/Substrate/Glints2/dict_0003_0242.uasset" 9653
"../../../Engine/Content/EngineMaterials/Substrate/Glints2/dict_0003_0235.uasset" 9654
"../../../Engine/Content/EngineMaterials/Substrate/Glints2/dict_0003_0236.uasset" 9655
"../../../Engine/Content/EngineMaterials/Substrate/Glints2/dict_0003_0241.uasset" 9656
"/Engine/EngineMaterials/Substrate/Glints2/dict_0003_0243" 9657
"../../../Engine/Content/EngineMaterials/Substrate/Glints2/dict_0003_0233.uasset" 9658
"../../../Engine/Content/EngineMaterials/Substrate/Glints2/dict_0003_0238.uasset" 9659
"../../../Engine/Content/EngineMaterials/Substrate/Glints2/dict_0003_0231.uasset" 9660
"../../../Engine/Content/EngineMaterials/Substrate/Glints2/dict_0003_0232.uasset" 9661
"../../../Engine/Content/EngineMaterials/Substrate/Glints2/dict_0003_0234.uasset" 9662
"../../../Engine/Content/EngineMaterials/Substrate/Glints2/dict_0003_0230.uasset" 9663
"../../../Engine/Content/EngineMaterials/Substrate/Glints2/dict_0003_0229.uasset" 9664
"/Engine/EngineMaterials/Substrate/Glints2/dict_0003_0244" 9665
"../../../Engine/Content/EngineMaterials/Substrate/Glints2/dict_0003_0227.uasset" 9666
"../../../Engine/Content/EngineMaterials/Substrate/Glints2/dict_0003_0226.uasset" 9667
"../../../Engine/Content/EngineMaterials/Substrate/Glints2/dict_0003_0225.uasset" 9668
"../../../Engine/Content/EngineMaterials/Substrate/Glints2/dict_0003_0228.uasset" 9669
"../../../Engine/Content/EngineMaterials/Substrate/Glints2/dict_0003_0224.uasset" 9670
"/Engine/EngineMaterials/Substrate/Glints2/dict_0003_0245" 9671
"/Engine/EngineMaterials/Substrate/Glints2/dict_0003_0246" 9672
"/Engine/EngineMaterials/Substrate/Glints2/dict_0003_0247" 9673
"/Engine/EngineMaterials/Substrate/Glints2/dict_0003_0248" 9674
"/Engine/EngineMaterials/Substrate/Glints2/dict_0003_0249" 9675
"/Engine/EngineMaterials/Substrate/Glints2/dict_0003_0250" 9676
"/Engine/EngineMaterials/Substrate/Glints2/dict_0003_0251" 9677
"/Engine/EngineMaterials/Substrate/Glints2/dict_0003_0252" 9678
"/Engine/EngineMaterials/Substrate/Glints2/dict_0003_0253" 9679
"/Engine/EngineMaterials/Substrate/Glints2/dict_0003_0254" 9680
"/Engine/EngineMaterials/Substrate/Glints2/dict_0003_0255" 9681
"../../../Engine/Content/EngineMaterials/Substrate/Glints2/dict_0003_0221.uasset" 9682
"../../../Engine/Content/EngineMaterials/Substrate/Glints2/dict_0003_0223.uasset" 9683
"../../../Engine/Content/EngineMaterials/Substrate/Glints2/dict_0003_0215.uasset" 9684
"../../../Engine/Content/EngineMaterials/Substrate/Glints2/dict_0003_0218.uasset" 9685
"/Engine/EngineMaterials/Substrate/Glints2/dict_0003_0224" 9686
"../../../Engine/Content/EngineMaterials/Substrate/Glints2/dict_0003_0222.uasset" 9687
"../../../Engine/Content/EngineMaterials/Substrate/Glints2/dict_0003_0219.uasset" 9688
"../../../Engine/Content/EngineMaterials/Substrate/Glints2/dict_0003_0214.uasset" 9689
"../../../Engine/Content/EngineMaterials/Substrate/Glints2/dict_0003_0217.uasset" 9690
"../../../Engine/Content/EngineMaterials/Substrate/Glints2/dict_0003_0216.uasset" 9691
"../../../Engine/Content/EngineMaterials/Substrate/Glints2/dict_0003_0220.uasset" 9692
"../../../Engine/Content/EngineMaterials/Substrate/Glints2/dict_0003_0213.uasset" 9693
"../../../Engine/Content/EngineMaterials/Substrate/Glints2/dict_0003_0212.uasset" 9694
"../../../Engine/Content/EngineMaterials/Substrate/Glints2/dict_0003_0211.uasset" 9695
"/Engine/EngineMaterials/Substrate/Glints2/dict_0003_0225" 9696
"/Engine/EngineMaterials/Substrate/Glints2/dict_0003_0226" 9697
"/Engine/EngineMaterials/Substrate/Glints2/dict_0003_0227" 9698
"/Engine/EngineMaterials/Substrate/Glints2/dict_0003_0228" 9699
"/Engine/EngineMaterials/Substrate/Glints2/dict_0003_0229" 9700
"/Engine/EngineMaterials/Substrate/Glints2/dict_0003_0230" 9701
"/Engine/EngineMaterials/Substrate/Glints2/dict_0003_0231" 9702
"/Engine/EngineMaterials/Substrate/Glints2/dict_0003_0232" 9703
"/Engine/EngineMaterials/Substrate/Glints2/dict_0003_0233" 9704
"/Engine/EngineMaterials/Substrate/Glints2/dict_0003_0234" 9705
"/Engine/EngineMaterials/Substrate/Glints2/dict_0003_0235" 9706
"/Engine/EngineMaterials/Substrate/Glints2/dict_0003_0236" 9707
"/Engine/EngineMaterials/Substrate/Glints2/dict_0003_0237" 9708
"/Engine/EngineMaterials/Substrate/Glints2/dict_0003_0238" 9709
"/Engine/EngineMaterials/Substrate/Glints2/dict_0003_0239" 9710
"/Engine/EngineMaterials/Substrate/Glints2/dict_0003_0240" 9711
"/Engine/EngineMaterials/Substrate/Glints2/dict_0003_0241" 9712
"/Engine/EngineMaterials/Substrate/Glints2/dict_0003_0242" 9713
"../../../Engine/Content/EngineMaterials/Substrate/Glints2/dict_0003_0201.uasset" 9714
"../../../Engine/Content/EngineMaterials/Substrate/Glints2/dict_0003_0204.uasset" 9715
"../../../Engine/Content/EngineMaterials/Substrate/Glints2/dict_0003_0199.uasset" 9716
"../../../Engine/Content/EngineMaterials/Substrate/Glints2/dict_0003_0206.uasset" 9717
"../../../Engine/Content/EngineMaterials/Substrate/Glints2/dict_0003_0203.uasset" 9718
"../../../Engine/Content/EngineMaterials/Substrate/Glints2/dict_0003_0208.uasset" 9719
"../../../Engine/Content/EngineMaterials/Substrate/Glints2/dict_0003_0205.uasset" 9720
"../../../Engine/Content/EngineMaterials/Substrate/Glints2/dict_0003_0207.uasset" 9721
"../../../Engine/Content/EngineMaterials/Substrate/Glints2/dict_0003_0209.uasset" 9722
"../../../Engine/Content/EngineMaterials/Substrate/Glints2/dict_0003_0200.uasset" 9723
"../../../Engine/Content/EngineMaterials/Substrate/Glints2/dict_0003_0197.uasset" 9724
"/Engine/EngineMaterials/Substrate/Glints2/dict_0003_0211" 9725
"../../../Engine/Content/EngineMaterials/Substrate/Glints2/dict_0003_0198.uasset" 9726
"../../../Engine/Content/EngineMaterials/Substrate/Glints2/dict_0003_0202.uasset" 9727
"../../../Engine/Content/EngineMaterials/Substrate/Glints2/dict_0003_0210.uasset" 9728
"../../../Engine/Content/EngineMaterials/Substrate/Glints2/dict_0003_0196.uasset" 9729
"/Engine/EngineMaterials/Substrate/Glints2/dict_0003_0212" 9730
"../../../Engine/Content/EngineMaterials/Substrate/Glints2/dict_0003_0195.uasset" 9731
"../../../Engine/Content/EngineMaterials/Substrate/Glints2/dict_0003_0194.uasset" 9732
"../../../Engine/Content/EngineMaterials/Substrate/Glints2/dict_0003_0193.uasset" 9733
"../../../Engine/Content/EngineMaterials/Substrate/Glints2/dict_0003_0192.uasset" 9734
"/Engine/EngineMaterials/Substrate/Glints2/dict_0003_0213" 9735
"/Engine/EngineMaterials/Substrate/Glints2/dict_0003_0214" 9736
"/Engine/EngineMaterials/Substrate/Glints2/dict_0003_0215" 9737
"/Engine/EngineMaterials/Substrate/Glints2/dict_0003_0216" 9738
"/Engine/EngineMaterials/Substrate/Glints2/dict_0003_0217" 9739
"/Engine/EngineMaterials/Substrate/Glints2/dict_0003_0218" 9740
"/Engine/EngineMaterials/Substrate/Glints2/dict_0003_0219" 9741
"/Engine/EngineMaterials/Substrate/Glints2/dict_0003_0220" 9742
"/Engine/EngineMaterials/Substrate/Glints2/dict_0003_0221" 9743
"/Engine/EngineMaterials/Substrate/Glints2/dict_0003_0222" 9744
"/Engine/EngineMaterials/Substrate/Glints2/dict_0003_0223" 9745
"../../../Engine/Content/EngineMaterials/Substrate/Glints2/dict_0003_0190.uasset" 9746
"../../../Engine/Content/EngineMaterials/Substrate/Glints2/dict_0003_0189.uasset" 9747
"../../../Engine/Content/EngineMaterials/Substrate/Glints2/dict_0003_0185.uasset" 9748
"../../../Engine/Content/EngineMaterials/Substrate/Glints2/dict_0003_0183.uasset" 9749
"../../../Engine/Content/EngineMaterials/Substrate/Glints2/dict_0003_0182.uasset" 9750
"../../../Engine/Content/EngineMaterials/Substrate/Glints2/dict_0003_0191.uasset" 9751
"../../../Engine/Content/EngineMaterials/Substrate/Glints2/dict_0003_0187.uasset" 9752
"/Engine/EngineMaterials/Substrate/Glints2/dict_0003_0192" 9753
"../../../Engine/Content/EngineMaterials/Substrate/Glints2/dict_0003_0188.uasset" 9754
"../../../Engine/Content/EngineMaterials/Substrate/Glints2/dict_0003_0186.uasset" 9755
"../../../Engine/Content/EngineMaterials/Substrate/Glints2/dict_0003_0184.uasset" 9756
"../../../Engine/Content/EngineMaterials/Substrate/Glints2/dict_0003_0181.uasset" 9757
"../../../Engine/Content/EngineMaterials/Substrate/Glints2/dict_0003_0180.uasset" 9758
"../../../Engine/Content/EngineMaterials/Substrate/Glints2/dict_0003_0179.uasset" 9759
"/Engine/EngineMaterials/Substrate/Glints2/dict_0003_0193" 9760
"/Engine/EngineMaterials/Substrate/Glints2/dict_0003_0194" 9761
"/Engine/EngineMaterials/Substrate/Glints2/dict_0003_0195" 9762
"/Engine/EngineMaterials/Substrate/Glints2/dict_0003_0196" 9763
"/Engine/EngineMaterials/Substrate/Glints2/dict_0003_0197" 9764
"/Engine/EngineMaterials/Substrate/Glints2/dict_0003_0198" 9765
"/Engine/EngineMaterials/Substrate/Glints2/dict_0003_0199" 9766
"/Engine/EngineMaterials/Substrate/Glints2/dict_0003_0200" 9767
"/Engine/EngineMaterials/Substrate/Glints2/dict_0003_0201" 9768
"/Engine/EngineMaterials/Substrate/Glints2/dict_0003_0202" 9769
"/Engine/EngineMaterials/Substrate/Glints2/dict_0003_0203" 9770
"/Engine/EngineMaterials/Substrate/Glints2/dict_0003_0204" 9771
"/Engine/EngineMaterials/Substrate/Glints2/dict_0003_0205" 9772
"/Engine/EngineMaterials/Substrate/Glints2/dict_0003_0206" 9773
"/Engine/EngineMaterials/Substrate/Glints2/dict_0003_0207" 9774
"/Engine/EngineMaterials/Substrate/Glints2/dict_0003_0208" 9775
"/Engine/EngineMaterials/Substrate/Glints2/dict_0003_0209" 9776
"/Engine/EngineMaterials/Substrate/Glints2/dict_0003_0210" 9777
"../../../Engine/Content/EngineMaterials/Substrate/Glints2/dict_0003_0176.uasset" 9778
"../../../Engine/Content/EngineMaterials/Substrate/Glints2/dict_0003_0169.uasset" 9779
"../../../Engine/Content/EngineMaterials/Substrate/Glints2/dict_0003_0166.uasset" 9780
"../../../Engine/Content/EngineMaterials/Substrate/Glints2/dict_0003_0168.uasset" 9781
"/Engine/EngineMaterials/Substrate/Glints2/dict_0003_0179" 9782
"../../../Engine/Content/EngineMaterials/Substrate/Glints2/dict_0003_0177.uasset" 9783
"../../../Engine/Content/EngineMaterials/Substrate/Glints2/dict_0003_0174.uasset" 9784
"../../../Engine/Content/EngineMaterials/Substrate/Glints2/dict_0003_0172.uasset" 9785
"../../../Engine/Content/EngineMaterials/Substrate/Glints2/dict_0003_0170.uasset" 9786
"../../../Engine/Content/EngineMaterials/Substrate/Glints2/dict_0003_0167.uasset" 9787
"../../../Engine/Content/EngineMaterials/Substrate/Glints2/dict_0003_0175.uasset" 9788
"../../../Engine/Content/EngineMaterials/Substrate/Glints2/dict_0003_0173.uasset" 9789
"../../../Engine/Content/EngineMaterials/Substrate/Glints2/dict_0003_0178.uasset" 9790
"../../../Engine/Content/EngineMaterials/Substrate/Glints2/dict_0003_0171.uasset" 9791
"../../../Engine/Content/EngineMaterials/Substrate/Glints2/dict_0003_0165.uasset" 9792
"/Engine/EngineMaterials/Substrate/Glints2/dict_0003_0180" 9793
"../../../Engine/Content/EngineMaterials/Substrate/Glints2/dict_0003_0164.uasset" 9794
"../../../Engine/Content/EngineMaterials/Substrate/Glints2/dict_0003_0163.uasset" 9795
"../../../Engine/Content/EngineMaterials/Substrate/Glints2/dict_0003_0162.uasset" 9796
"../../../Engine/Content/EngineMaterials/Substrate/Glints2/dict_0003_0161.uasset" 9797
"../../../Engine/Content/EngineMaterials/Substrate/Glints2/dict_0003_0160.uasset" 9798
"/Engine/EngineMaterials/Substrate/Glints2/dict_0003_0181" 9799
"/Engine/EngineMaterials/Substrate/Glints2/dict_0003_0182" 9800
"/Engine/EngineMaterials/Substrate/Glints2/dict_0003_0183" 9801
"/Engine/EngineMaterials/Substrate/Glints2/dict_0003_0184" 9802
"/Engine/EngineMaterials/Substrate/Glints2/dict_0003_0185" 9803
"/Engine/EngineMaterials/Substrate/Glints2/dict_0003_0186" 9804
"/Engine/EngineMaterials/Substrate/Glints2/dict_0003_0187" 9805
"/Engine/EngineMaterials/Substrate/Glints2/dict_0003_0188" 9806
"/Engine/EngineMaterials/Substrate/Glints2/dict_0003_0189" 9807
"/Engine/EngineMaterials/Substrate/Glints2/dict_0003_0190" 9808
"/Engine/EngineMaterials/Substrate/Glints2/dict_0003_0191" 9809
"../../../Engine/Content/EngineMaterials/Substrate/Glints2/dict_0003_0159.uasset" 9810
"../../../Engine/Content/EngineMaterials/Substrate/Glints2/dict_0003_0158.uasset" 9811
"../../../Engine/Content/EngineMaterials/Substrate/Glints2/dict_0003_0157.uasset" 9812
"../../../Engine/Content/EngineMaterials/Substrate/Glints2/dict_0003_0156.uasset" 9813
"../../../Engine/Content/EngineMaterials/Substrate/Glints2/dict_0003_0155.uasset" 9814
"../../../Engine/Content/EngineMaterials/Substrate/Glints2/dict_0003_0151.uasset" 9815
"/Engine/EngineMaterials/Substrate/Glints2/dict_0003_0160" 9816
"../../../Engine/Content/EngineMaterials/Substrate/Glints2/dict_0003_0152.uasset" 9817
"../../../Engine/Content/EngineMaterials/Substrate/Glints2/dict_0003_0154.uasset" 9818
"../../../Engine/Content/EngineMaterials/Substrate/Glints2/dict_0003_0153.uasset" 9819
"../../../Engine/Content/EngineMaterials/Substrate/Glints2/dict_0003_0149.uasset" 9820
"../../../Engine/Content/EngineMaterials/Substrate/Glints2/dict_0003_0150.uasset" 9821
"../../../Engine/Content/EngineMaterials/Substrate/Glints2/dict_0003_0148.uasset" 9822
"../../../Engine/Content/EngineMaterials/Substrate/Glints2/dict_0003_0147.uasset" 9823
"/Engine/EngineMaterials/Substrate/Glints2/dict_0003_0161" 9824
"/Engine/EngineMaterials/Substrate/Glints2/dict_0003_0162" 9825
"/Engine/EngineMaterials/Substrate/Glints2/dict_0003_0163" 9826
"/Engine/EngineMaterials/Substrate/Glints2/dict_0003_0164" 9827
"/Engine/EngineMaterials/Substrate/Glints2/dict_0003_0165" 9828
"/Engine/EngineMaterials/Substrate/Glints2/dict_0003_0166" 9829
"/Engine/EngineMaterials/Substrate/Glints2/dict_0003_0167" 9830
"/Engine/EngineMaterials/Substrate/Glints2/dict_0003_0168" 9831
"/Engine/EngineMaterials/Substrate/Glints2/dict_0003_0169" 9832
"/Engine/EngineMaterials/Substrate/Glints2/dict_0003_0170" 9833
"/Engine/EngineMaterials/Substrate/Glints2/dict_0003_0171" 9834
"/Engine/EngineMaterials/Substrate/Glints2/dict_0003_0172" 9835
"/Engine/EngineMaterials/Substrate/Glints2/dict_0003_0173" 9836
"/Engine/EngineMaterials/Substrate/Glints2/dict_0003_0174" 9837
"/Engine/EngineMaterials/Substrate/Glints2/dict_0003_0175" 9838
"/Engine/EngineMaterials/Substrate/Glints2/dict_0003_0176" 9839
"/Engine/EngineMaterials/Substrate/Glints2/dict_0003_0177" 9840
"/Engine/EngineMaterials/Substrate/Glints2/dict_0003_0178" 9841
"../../../Engine/Content/EngineMaterials/Substrate/Glints2/dict_0003_0145.uasset" 9842
"../../../Engine/Content/EngineMaterials/Substrate/Glints2/dict_0003_0140.uasset" 9843
"../../../Engine/Content/EngineMaterials/Substrate/Glints2/dict_0003_0138.uasset" 9844
"/Engine/EngineMaterials/Substrate/Glints2/dict_0003_0147" 9845
"../../../Engine/Content/EngineMaterials/Substrate/Glints2/dict_0003_0144.uasset" 9846
"../../../Engine/Content/EngineMaterials/Substrate/Glints2/dict_0003_0143.uasset" 9847
"../../../Engine/Content/EngineMaterials/Substrate/Glints2/dict_0003_0135.uasset" 9848
"../../../Engine/Content/EngineMaterials/Substrate/Glints2/dict_0003_0139.uasset" 9849
"../../../Engine/Content/EngineMaterials/Substrate/Glints2/dict_0003_0137.uasset" 9850
"../../../Engine/Content/EngineMaterials/Substrate/Glints2/dict_0003_0142.uasset" 9851
"../../../Engine/Content/EngineMaterials/Substrate/Glints2/dict_0003_0136.uasset" 9852
"../../../Engine/Content/EngineMaterials/Substrate/Glints2/dict_0003_0146.uasset" 9853
"../../../Engine/Content/EngineMaterials/Substrate/Glints2/dict_0003_0141.uasset" 9854
"../../../Engine/Content/EngineMaterials/Substrate/Glints2/dict_0003_0134.uasset" 9855
"../../../Engine/Content/EngineMaterials/Substrate/Glints2/dict_0003_0133.uasset" 9856
"/Engine/EngineMaterials/Substrate/Glints2/dict_0003_0148" 9857
"../../../Engine/Content/EngineMaterials/Substrate/Glints2/dict_0003_0132.uasset" 9858
"../../../Engine/Content/EngineMaterials/Substrate/Glints2/dict_0003_0131.uasset" 9859
"../../../Engine/Content/EngineMaterials/Substrate/Glints2/dict_0003_0128.uasset" 9860
"../../../Engine/Content/EngineMaterials/Substrate/Glints2/dict_0003_0130.uasset" 9861
"../../../Engine/Content/EngineMaterials/Substrate/Glints2/dict_0003_0129.uasset" 9862
"/Engine/EngineMaterials/Substrate/Glints2/dict_0003_0149" 9863
"/Engine/EngineMaterials/Substrate/Glints2/dict_0003_0150" 9864
"/Engine/EngineMaterials/Substrate/Glints2/dict_0003_0151" 9865
"/Engine/EngineMaterials/Substrate/Glints2/dict_0003_0152" 9866
"/Engine/EngineMaterials/Substrate/Glints2/dict_0003_0153" 9867
"/Engine/EngineMaterials/Substrate/Glints2/dict_0003_0154" 9868
"/Engine/EngineMaterials/Substrate/Glints2/dict_0003_0155" 9869
"/Engine/EngineMaterials/Substrate/Glints2/dict_0003_0156" 9870
"/Engine/EngineMaterials/Substrate/Glints2/dict_0003_0157" 9871
"/Engine/EngineMaterials/Substrate/Glints2/dict_0003_0158" 9872
"/Engine/EngineMaterials/Substrate/Glints2/dict_0003_0159" 9873
"../../../Engine/Content/EngineMaterials/Substrate/Glints2/dict_0003_0127.uasset" 9874
"../../../Engine/Content/EngineMaterials/Substrate/Glints2/dict_0003_0126.uasset" 9875
"../../../Engine/Content/EngineMaterials/Substrate/Glints2/dict_0003_0123.uasset" 9876
"../../../Engine/Content/EngineMaterials/Substrate/Glints2/dict_0003_0120.uasset" 9877
"../../../Engine/Content/EngineMaterials/Substrate/Glints2/dict_0003_0118.uasset" 9878
"../../../Engine/Content/EngineMaterials/Substrate/Glints2/dict_0003_0124.uasset" 9879
"/Engine/EngineMaterials/Substrate/Glints2/dict_0003_0128" 9880
"../../../Engine/Content/EngineMaterials/Substrate/Glints2/dict_0003_0125.uasset" 9881
"../../../Engine/Content/EngineMaterials/Substrate/Glints2/dict_0003_0122.uasset" 9882
"../../../Engine/Content/EngineMaterials/Substrate/Glints2/dict_0003_0121.uasset" 9883
"../../../Engine/Content/EngineMaterials/Substrate/Glints2/dict_0003_0119.uasset" 9884
"../../../Engine/Content/EngineMaterials/Substrate/Glints2/dict_0003_0117.uasset" 9885
"../../../Engine/Content/EngineMaterials/Substrate/Glints2/dict_0003_0116.uasset" 9886
"../../../Engine/Content/EngineMaterials/Substrate/Glints2/dict_0003_0115.uasset" 9887
"/Engine/EngineMaterials/Substrate/Glints2/dict_0003_0129" 9888
"/Engine/EngineMaterials/Substrate/Glints2/dict_0003_0130" 9889
"/Engine/EngineMaterials/Substrate/Glints2/dict_0003_0131" 9890
"/Engine/EngineMaterials/Substrate/Glints2/dict_0003_0132" 9891
"/Engine/EngineMaterials/Substrate/Glints2/dict_0003_0133" 9892
"/Engine/EngineMaterials/Substrate/Glints2/dict_0003_0134" 9893
"/Engine/EngineMaterials/Substrate/Glints2/dict_0003_0135" 9894
"/Engine/EngineMaterials/Substrate/Glints2/dict_0003_0136" 9895
"/Engine/EngineMaterials/Substrate/Glints2/dict_0003_0137" 9896
"/Engine/EngineMaterials/Substrate/Glints2/dict_0003_0138" 9897
"/Engine/EngineMaterials/Substrate/Glints2/dict_0003_0139" 9898
"/Engine/EngineMaterials/Substrate/Glints2/dict_0003_0140" 9899
"/Engine/EngineMaterials/Substrate/Glints2/dict_0003_0141" 9900
"/Engine/EngineMaterials/Substrate/Glints2/dict_0003_0142" 9901
"/Engine/EngineMaterials/Substrate/Glints2/dict_0003_0143" 9902
"/Engine/EngineMaterials/Substrate/Glints2/dict_0003_0144" 9903
"/Engine/EngineMaterials/Substrate/Glints2/dict_0003_0145" 9904
"/Engine/EngineMaterials/Substrate/Glints2/dict_0003_0146" 9905
"../../../Engine/Content/EngineMaterials/Substrate/Glints2/dict_0003_0113.uasset" 9906
"../../../Engine/Content/EngineMaterials/Substrate/Glints2/dict_0003_0111.uasset" 9907
"../../../Engine/Content/EngineMaterials/Substrate/Glints2/dict_0003_0105.uasset" 9908
"../../../Engine/Content/EngineMaterials/Substrate/Glints2/dict_0003_0114.uasset" 9909
"../../../Engine/Content/EngineMaterials/Substrate/Glints2/dict_0003_0107.uasset" 9910
"/Engine/EngineMaterials/Substrate/Glints2/dict_0003_0115" 9911
"../../../Engine/Content/EngineMaterials/Substrate/Glints2/dict_0003_0106.uasset" 9912
"../../../Engine/Content/EngineMaterials/Substrate/Glints2/dict_0003_0104.uasset" 9913
"../../../Engine/Content/EngineMaterials/Substrate/Glints2/dict_0003_0109.uasset" 9914
"../../../Engine/Content/EngineMaterials/Substrate/Glints2/dict_0003_0103.uasset" 9915
"../../../Engine/Content/EngineMaterials/Substrate/Glints2/dict_0003_0101.uasset" 9916
"../../../Engine/Content/EngineMaterials/Substrate/Glints2/dict_0003_0102.uasset" 9917
"../../../Engine/Content/EngineMaterials/Substrate/Glints2/dict_0003_0108.uasset" 9918
"../../../Engine/Content/EngineMaterials/Substrate/Glints2/dict_0003_0112.uasset" 9919
"../../../Engine/Content/EngineMaterials/Substrate/Glints2/dict_0003_0110.uasset" 9920
"../../../Engine/Content/EngineMaterials/Substrate/Glints2/dict_0003_0100.uasset" 9921
"/Engine/EngineMaterials/Substrate/Glints2/dict_0003_0116" 9922
"../../../Engine/Content/EngineMaterials/Substrate/Glints2/dict_0003_0099.uasset" 9923
"../../../Engine/Content/EngineMaterials/Substrate/Glints2/dict_0003_0098.uasset" 9924
"../../../Engine/Content/EngineMaterials/Substrate/Glints2/dict_0003_0097.uasset" 9925
"../../../Engine/Content/EngineMaterials/Substrate/Glints2/dict_0003_0096.uasset" 9926
"/Engine/EngineMaterials/Substrate/Glints2/dict_0003_0117" 9927
"/Engine/EngineMaterials/Substrate/Glints2/dict_0003_0118" 9928
"/Engine/EngineMaterials/Substrate/Glints2/dict_0003_0119" 9929
"/Engine/EngineMaterials/Substrate/Glints2/dict_0003_0120" 9930
"/Engine/EngineMaterials/Substrate/Glints2/dict_0003_0121" 9931
"/Engine/EngineMaterials/Substrate/Glints2/dict_0003_0122" 9932
"/Engine/EngineMaterials/Substrate/Glints2/dict_0003_0123" 9933
"/Engine/EngineMaterials/Substrate/Glints2/dict_0003_0124" 9934
"/Engine/EngineMaterials/Substrate/Glints2/dict_0003_0125" 9935
"/Engine/EngineMaterials/Substrate/Glints2/dict_0003_0126" 9936
"/Engine/EngineMaterials/Substrate/Glints2/dict_0003_0127" 9937
"../../../Engine/Content/EngineMaterials/Substrate/Glints2/dict_0003_0094.uasset" 9938
"../../../Engine/Content/EngineMaterials/Substrate/Glints2/dict_0003_0095.uasset" 9939
"../../../Engine/Content/EngineMaterials/Substrate/Glints2/dict_0003_0089.uasset" 9940
"../../../Engine/Content/EngineMaterials/Substrate/Glints2/dict_0003_0087.uasset" 9941
"../../../Engine/Content/EngineMaterials/Substrate/Glints2/dict_0003_0092.uasset" 9942
"../../../Engine/Content/EngineMaterials/Substrate/Glints2/dict_0003_0088.uasset" 9943
"../../../Engine/Content/EngineMaterials/Substrate/Glints2/dict_0003_0091.uasset" 9944
"../../../Engine/Content/EngineMaterials/Substrate/Glints2/dict_0003_0090.uasset" 9945
"../../../Engine/Content/EngineMaterials/Substrate/Glints2/dict_0003_0086.uasset" 9946
"../../../Engine/Content/EngineMaterials/Substrate/Glints2/dict_0003_0084.uasset" 9947
"../../../Engine/Content/EngineMaterials/Substrate/Glints2/dict_0003_0093.uasset" 9948
"/Engine/EngineMaterials/Substrate/Glints2/dict_0003_0096" 9949
"../../../Engine/Content/EngineMaterials/Substrate/Glints2/dict_0003_0085.uasset" 9950
"/Engine/EngineMaterials/Substrate/Glints2/dict_0003_0097" 9951
"../../../Engine/Content/EngineMaterials/Substrate/Glints2/dict_0003_0083.uasset" 9952
"/Engine/EngineMaterials/Substrate/Glints2/dict_0003_0098" 9953
"/Engine/EngineMaterials/Substrate/Glints2/dict_0003_0099" 9954
"/Engine/EngineMaterials/Substrate/Glints2/dict_0003_0100" 9955
"/Engine/EngineMaterials/Substrate/Glints2/dict_0003_0101" 9956
"/Engine/EngineMaterials/Substrate/Glints2/dict_0003_0102" 9957
"/Engine/EngineMaterials/Substrate/Glints2/dict_0003_0103" 9958
"/Engine/EngineMaterials/Substrate/Glints2/dict_0003_0104" 9959
"/Engine/EngineMaterials/Substrate/Glints2/dict_0003_0105" 9960
"/Engine/EngineMaterials/Substrate/Glints2/dict_0003_0106" 9961
"/Engine/EngineMaterials/Substrate/Glints2/dict_0003_0107" 9962
"/Engine/EngineMaterials/Substrate/Glints2/dict_0003_0108" 9963
"/Engine/EngineMaterials/Substrate/Glints2/dict_0003_0109" 9964
"/Engine/EngineMaterials/Substrate/Glints2/dict_0003_0110" 9965
"/Engine/EngineMaterials/Substrate/Glints2/dict_0003_0111" 9966
"/Engine/EngineMaterials/Substrate/Glints2/dict_0003_0112" 9967
"/Engine/EngineMaterials/Substrate/Glints2/dict_0003_0113" 9968
"/Engine/EngineMaterials/Substrate/Glints2/dict_0003_0114" 9969
"../../../Engine/Content/EngineMaterials/Substrate/Glints2/dict_0003_0081.uasset" 9970
"../../../Engine/Content/EngineMaterials/Substrate/Glints2/dict_0003_0077.uasset" 9971
"../../../Engine/Content/EngineMaterials/Substrate/Glints2/dict_0003_0075.uasset" 9972
"../../../Engine/Content/EngineMaterials/Substrate/Glints2/dict_0003_0076.uasset" 9973
"/Engine/EngineMaterials/Substrate/Glints2/dict_0003_0083" 9974
"../../../Engine/Content/EngineMaterials/Substrate/Glints2/dict_0003_0082.uasset" 9975
"../../../Engine/Content/EngineMaterials/Substrate/Glints2/dict_0003_0074.uasset" 9976
"../../../Engine/Content/EngineMaterials/Substrate/Glints2/dict_0003_0079.uasset" 9977
"../../../Engine/Content/EngineMaterials/Substrate/Glints2/dict_0003_0072.uasset" 9978
"../../../Engine/Content/EngineMaterials/Substrate/Glints2/dict_0003_0070.uasset" 9979
"../../../Engine/Content/EngineMaterials/Substrate/Glints2/dict_0003_0071.uasset" 9980
"../../../Engine/Content/EngineMaterials/Substrate/Glints2/dict_0003_0073.uasset" 9981
"../../../Engine/Content/EngineMaterials/Substrate/Glints2/dict_0003_0080.uasset" 9982
"../../../Engine/Content/EngineMaterials/Substrate/Glints2/dict_0003_0078.uasset" 9983
"/Engine/EngineMaterials/Substrate/Glints2/dict_0003_0084" 9984
"../../../Engine/Content/EngineMaterials/Substrate/Glints2/dict_0003_0069.uasset" 9985
"/Engine/EngineMaterials/Substrate/Glints2/dict_0003_0085" 9986
"/Engine/EngineMaterials/Substrate/Glints2/dict_0003_0086" 9987
"../../../Engine/Content/EngineMaterials/Substrate/Glints2/dict_0003_0068.uasset" 9988
"/Engine/EngineMaterials/Substrate/Glints2/dict_0003_0087" 9989
"../../../Engine/Content/EngineMaterials/Substrate/Glints2/dict_0003_0067.uasset" 9990
"../../../Engine/Content/EngineMaterials/Substrate/Glints2/dict_0003_0066.uasset" 9991
"/Engine/EngineMaterials/Substrate/Glints2/dict_0003_0088" 9992
"../../../Engine/Content/EngineMaterials/Substrate/Glints2/dict_0003_0065.uasset" 9993
"../../../Engine/Content/EngineMaterials/Substrate/Glints2/dict_0003_0064.uasset" 9994
"/Engine/EngineMaterials/Substrate/Glints2/dict_0003_0089" 9995
"/Engine/EngineMaterials/Substrate/Glints2/dict_0003_0090" 9996
"/Engine/EngineMaterials/Substrate/Glints2/dict_0003_0091" 9997
"/Engine/EngineMaterials/Substrate/Glints2/dict_0003_0092" 9998
"/Engine/EngineMaterials/Substrate/Glints2/dict_0003_0093" 9999
"/Engine/EngineMaterials/Substrate/Glints2/dict_0003_0094" 10000
"/Engine/EngineMaterials/Substrate/Glints2/dict_0003_0095" 10001
"../../../Engine/Content/EngineMaterials/Substrate/Glints2/dict_0003_0063.uasset" 10002
"../../../Engine/Content/EngineMaterials/Substrate/Glints2/dict_0003_0059.uasset" 10003
"../../../Engine/Content/EngineMaterials/Substrate/Glints2/dict_0003_0056.uasset" 10004
"../../../Engine/Content/EngineMaterials/Substrate/Glints2/dict_0003_0061.uasset" 10005
"../../../Engine/Content/EngineMaterials/Substrate/Glints2/dict_0003_0062.uasset" 10006
"../../../Engine/Content/EngineMaterials/Substrate/Glints2/dict_0003_0058.uasset" 10007
"/Engine/EngineMaterials/Substrate/Glints2/dict_0003_0064" 10008
"../../../Engine/Content/EngineMaterials/Substrate/Glints2/dict_0003_0054.uasset" 10009
"../../../Engine/Content/EngineMaterials/Substrate/Glints2/dict_0003_0057.uasset" 10010
"../../../Engine/Content/EngineMaterials/Substrate/Glints2/dict_0003_0055.uasset" 10011
"../../../Engine/Content/EngineMaterials/Substrate/Glints2/dict_0003_0060.uasset" 10012
"/Engine/EngineMaterials/Substrate/Glints2/dict_0003_0066" 10013
"/Engine/EngineMaterials/Substrate/Glints2/dict_0003_0068" 10014
"/Engine/EngineMaterials/Substrate/Glints2/dict_0003_0069" 10015
"/Engine/EngineMaterials/Substrate/Glints2/dict_0003_0070" 10016
"/Engine/EngineMaterials/Substrate/Glints2/dict_0003_0071" 10017
"/Engine/EngineMaterials/Substrate/Glints2/dict_0003_0072" 10018
"/Engine/EngineMaterials/Substrate/Glints2/dict_0003_0073" 10019
"/Engine/EngineMaterials/Substrate/Glints2/dict_0003_0074" 10020
"/Engine/EngineMaterials/Substrate/Glints2/dict_0003_0075" 10021
"/Engine/EngineMaterials/Substrate/Glints2/dict_0003_0076" 10022
"/Engine/EngineMaterials/Substrate/Glints2/dict_0003_0077" 10023
"/Engine/EngineMaterials/Substrate/Glints2/dict_0003_0078" 10024
"/Engine/EngineMaterials/Substrate/Glints2/dict_0003_0079" 10025
"/Engine/EngineMaterials/Substrate/Glints2/dict_0003_0080" 10026
"/Engine/EngineMaterials/Substrate/Glints2/dict_0003_0081" 10027
"/Engine/EngineMaterials/Substrate/Glints2/dict_0003_0082" 10028
"/Engine/EngineMaterials/Substrate/Glints2/dict_0003_0065" 10029
"/Engine/EngineMaterials/Substrate/Glints2/dict_0003_0067" 10030
"/Engine/EngineMaterials/Substrate/Glints2/dict_0003_0054" 10031
"/Engine/EngineMaterials/Substrate/Glints2/dict_0003_0058" 10032
"/Engine/EngineMaterials/Substrate/Glints2/dict_0003_0055" 10033
"/Engine/EngineMaterials/Substrate/Glints2/dict_0003_0056" 10034
"/Engine/EngineMaterials/Substrate/Glints2/dict_0003_0057" 10035
"../../../Engine/Content/EngineMaterials/Substrate/Glints2/dict_0003_0053.uasset" 10036
"../../../Engine/Content/EngineMaterials/Substrate/Glints2/dict_0003_0052.uasset" 10037
"/Engine/EngineMaterials/Substrate/Glints2/dict_0003_0059" 10038
"/Engine/EngineMaterials/Substrate/Glints2/dict_0003_0060" 10039
"/Engine/EngineMaterials/Substrate/Glints2/dict_0003_0061" 10040
"../../../Engine/Content/EngineMaterials/Substrate/Glints2/dict_0003_0049.uasset" 10041
"../../../Engine/Content/EngineMaterials/Substrate/Glints2/dict_0003_0050.uasset" 10042
"/Engine/EngineMaterials/Substrate/Glints2/dict_0003_0062" 10043
"/Engine/EngineMaterials/Substrate/Glints2/dict_0003_0063" 10044
"../../../Engine/Content/EngineMaterials/Substrate/Glints2/dict_0003_0048.uasset" 10045
"../../../Engine/Content/EngineMaterials/Substrate/Glints2/dict_0003_0047.uasset" 10046
"../../../Engine/Content/EngineMaterials/Substrate/Glints2/dict_0003_0039.uasset" 10047
"../../../Engine/Content/EngineMaterials/Substrate/Glints2/dict_0003_0046.uasset" 10048
"../../../Engine/Content/EngineMaterials/Substrate/Glints2/dict_0003_0045.uasset" 10049
"../../../Engine/Content/EngineMaterials/Substrate/Glints2/dict_0003_0044.uasset" 10050
"../../../Engine/Content/EngineMaterials/Substrate/Glints2/dict_0003_0038.uasset" 10051
"../../../Engine/Content/EngineMaterials/Substrate/Glints2/dict_0003_0043.uasset" 10052
"../../../Engine/Content/EngineMaterials/Substrate/Glints2/dict_0003_0051.uasset" 10053
"../../../Engine/Content/EngineMaterials/Substrate/Glints2/dict_0003_0041.uasset" 10054
"../../../Engine/Content/EngineMaterials/Substrate/Glints2/dict_0003_0042.uasset" 10055
"../../../Engine/Content/EngineMaterials/Substrate/Glints2/dict_0003_0040.uasset" 10056
"../../../Engine/Content/EngineMaterials/Substrate/Glints2/dict_0003_0037.uasset" 10057
"../../../Engine/Content/EngineMaterials/Substrate/Glints2/dict_0003_0035.uasset" 10058
"../../../Engine/Content/EngineMaterials/Substrate/Glints2/dict_0003_0036.uasset" 10059
"../../../Engine/Content/EngineMaterials/Substrate/Glints2/dict_0003_0034.uasset" 10060
"../../../Engine/Content/EngineMaterials/Substrate/Glints2/dict_0003_0033.uasset" 10061
"../../../Engine/Content/EngineMaterials/Substrate/Glints2/dict_0003_0031.uasset" 10062
"../../../Engine/Content/EngineMaterials/Substrate/Glints2/dict_0003_0032.uasset" 10063
"../../../Engine/Content/EngineMaterials/Substrate/Glints2/dict_0003_0030.uasset" 10064
"../../../Engine/Content/EngineMaterials/Substrate/Glints2/dict_0003_0029.uasset" 10065
"../../../Engine/Content/EngineMaterials/Substrate/Glints2/dict_0003_0028.uasset" 10066
"../../../Engine/Content/EngineMaterials/Substrate/Glints2/dict_0003_0027.uasset" 10067
"../../../Engine/Content/EngineMaterials/Substrate/Glints2/dict_0003_0026.uasset" 10068
"../../../Engine/Content/EngineMaterials/Substrate/Glints2/dict_0003_0023.uasset" 10069
"../../../Engine/Content/EngineMaterials/Substrate/Glints2/dict_0003_0022.uasset" 10070
"../../../Engine/Content/EngineMaterials/Substrate/Glints2/dict_0003_0025.uasset" 10071
"../../../Engine/Content/EngineMaterials/Substrate/Glints2/dict_0003_0024.uasset" 10072
"/Engine/EngineMaterials/Substrate/Glints2/dict_0003_0034" 10073
"/Engine/EngineMaterials/Substrate/Glints2/dict_0003_0051" 10074
"/Engine/EngineMaterials/Substrate/Glints2/dict_0003_0052" 10075
"/Engine/EngineMaterials/Substrate/Glints2/dict_0003_0030" 10076
"/Engine/EngineMaterials/Substrate/Glints2/dict_0003_0035" 10077
"/Engine/EngineMaterials/Substrate/Glints2/dict_0003_0031" 10078
"/Engine/EngineMaterials/Substrate/Glints2/dict_0003_0053" 10079
"/Engine/EngineMaterials/Substrate/Glints2/dict_0003_0032" 10080
"/Engine/EngineMaterials/Substrate/Glints2/dict_0003_0027" 10081
"/Engine/EngineMaterials/Substrate/Glints2/dict_0003_0028" 10082
"/Engine/EngineMaterials/Substrate/Glints2/dict_0003_0029" 10083
"/Engine/EngineMaterials/Substrate/Glints2/dict_0003_0033" 10084
"/Engine/EngineMaterials/Substrate/Glints2/dict_0003_0022" 10085
"/Engine/EngineMaterials/Substrate/Glints2/dict_0003_0036" 10086
"/Engine/EngineMaterials/Substrate/Glints2/dict_0003_0023" 10087
"/Engine/EngineMaterials/Substrate/Glints2/dict_0003_0024" 10088
"/Engine/EngineMaterials/Substrate/Glints2/dict_0003_0025" 10089
"/Engine/EngineMaterials/Substrate/Glints2/dict_0003_0037" 10090
"/Engine/EngineMaterials/Substrate/Glints2/dict_0003_0038" 10091
"/Engine/EngineMaterials/Substrate/Glints2/dict_0003_0039" 10092
"/Engine/EngineMaterials/Substrate/Glints2/dict_0003_0026" 10093
"/Engine/EngineMaterials/Substrate/Glints2/dict_0003_0040" 10094
"/Engine/EngineMaterials/Substrate/Glints2/dict_0003_0041" 10095
"/Engine/EngineMaterials/Substrate/Glints2/dict_0003_0042" 10096
"/Engine/EngineMaterials/Substrate/Glints2/dict_0003_0043" 10097
"/Engine/EngineMaterials/Substrate/Glints2/dict_0003_0044" 10098
"/Engine/EngineMaterials/Substrate/Glints2/dict_0003_0045" 10099
"/Engine/EngineMaterials/Substrate/Glints2/dict_0003_0046" 10100
"/Engine/EngineMaterials/Substrate/Glints2/dict_0003_0047" 10101
"/Engine/EngineMaterials/Substrate/Glints2/dict_0003_0048" 10102
"/Engine/EngineMaterials/Substrate/Glints2/dict_0003_0049" 10103
"/Engine/EngineMaterials/Substrate/Glints2/dict_0003_0050" 10104
"../../../Engine/Content/EngineMaterials/Substrate/Glints2/dict_0003_0021.uasset" 10105
"../../../Engine/Content/EngineMaterials/Substrate/Glints2/dict_0003_0020.uasset" 10106
"../../../Engine/Content/EngineMaterials/Substrate/Glints2/dict_0003_0019.uasset" 10107
"../../../Engine/Content/EngineMaterials/Substrate/Glints2/dict_0003_0018.uasset" 10108
"../../../Engine/Content/EngineMaterials/Substrate/Glints2/dict_0003_0017.uasset" 10109
"../../../Engine/Content/EngineMaterials/Substrate/Glints2/dict_0003_0016.uasset" 10110
"../../../Engine/Content/EngineMaterials/Substrate/Glints2/dict_0003_0015.uasset" 10111
"../../../Engine/Content/EngineMaterials/Substrate/Glints2/dict_0003_0014.uasset" 10112
"../../../Engine/Content/EngineMaterials/Substrate/Glints2/dict_0003_0013.uasset" 10113
"../../../Engine/Content/EngineMaterials/Substrate/Glints2/dict_0003_0012.uasset" 10114
"../../../Engine/Content/EngineMaterials/Substrate/Glints2/dict_0003_0011.uasset" 10115
"../../../Engine/Content/EngineMaterials/Substrate/Glints2/dict_0003_0010.uasset" 10116
"../../../Engine/Content/EngineMaterials/Substrate/Glints2/dict_0003_0009.uasset" 10117
"../../../Engine/Content/EngineMaterials/Substrate/Glints2/dict_0003_0008.uasset" 10118
"../../../Engine/Content/EngineMaterials/Substrate/Glints2/dict_0003_0007.uasset" 10119
"../../../Engine/Content/EngineMaterials/Substrate/Glints2/dict_0003_0006.uasset" 10120
"../../../Engine/Content/EngineMaterials/Substrate/Glints2/dict_0003_0005.uasset" 10121
"../../../Engine/Content/EngineMaterials/Substrate/Glints2/dict_0003_0004.uasset" 10122
"../../../Engine/Content/EngineMaterials/Substrate/Glints2/dict_0003_0003.uasset" 10123
"../../../Engine/Content/EngineMaterials/Substrate/Glints2/dict_0003_0002.uasset" 10124
"../../../Engine/Content/EngineMaterials/Substrate/Glints2/dict_0003_0000.uasset" 10125
"../../../Engine/Content/EngineMaterials/Substrate/Glints2/dict_0003_0001.uasset" 10126
"../../../Engine/Content/EngineMaterials/Substrate/Glints2/dict_0002_0255.uasset" 10127
"../../../Engine/Content/EngineMaterials/Substrate/Glints2/dict_0002_0254.uasset" 10128
"../../../Engine/Content/EngineMaterials/Substrate/Glints2/dict_0002_0253.uasset" 10129
"../../../Engine/Content/EngineMaterials/Substrate/Glints2/dict_0002_0251.uasset" 10130
"../../../Engine/Content/EngineMaterials/Substrate/Glints2/dict_0002_0252.uasset" 10131
"../../../Engine/Content/EngineMaterials/Substrate/Glints2/dict_0002_0250.uasset" 10132
"../../../Engine/Content/EngineMaterials/Substrate/Glints2/dict_0002_0249.uasset" 10133
"../../../Engine/Content/EngineMaterials/Substrate/Glints2/dict_0002_0248.uasset" 10134
"../../../Engine/Content/EngineMaterials/Substrate/Glints2/dict_0002_0247.uasset" 10135
"../../../Engine/Content/EngineMaterials/Substrate/Glints2/dict_0002_0246.uasset" 10136
"/Engine/EngineMaterials/Substrate/Glints2/dict_0002_0246" 10137
"/Engine/EngineMaterials/Substrate/Glints2/dict_0002_0247" 10138
"/Engine/EngineMaterials/Substrate/Glints2/dict_0002_0248" 10139
"/Engine/EngineMaterials/Substrate/Glints2/dict_0002_0249" 10140
"/Engine/EngineMaterials/Substrate/Glints2/dict_0002_0250" 10141
"/Engine/EngineMaterials/Substrate/Glints2/dict_0002_0251" 10142
"/Engine/EngineMaterials/Substrate/Glints2/dict_0002_0252" 10143
"/Engine/EngineMaterials/Substrate/Glints2/dict_0002_0253" 10144
"/Engine/EngineMaterials/Substrate/Glints2/dict_0002_0254" 10145
"/Engine/EngineMaterials/Substrate/Glints2/dict_0002_0255" 10146
"/Engine/EngineMaterials/Substrate/Glints2/dict_0003_0000" 10147
"/Engine/EngineMaterials/Substrate/Glints2/dict_0003_0001" 10148
"/Engine/EngineMaterials/Substrate/Glints2/dict_0003_0002" 10149
"/Engine/EngineMaterials/Substrate/Glints2/dict_0003_0003" 10150
"/Engine/EngineMaterials/Substrate/Glints2/dict_0003_0004" 10151
"/Engine/EngineMaterials/Substrate/Glints2/dict_0003_0005" 10152
"/Engine/EngineMaterials/Substrate/Glints2/dict_0003_0006" 10153
"/Engine/EngineMaterials/Substrate/Glints2/dict_0003_0007" 10154
"/Engine/EngineMaterials/Substrate/Glints2/dict_0003_0008" 10155
"/Engine/EngineMaterials/Substrate/Glints2/dict_0003_0009" 10156
"/Engine/EngineMaterials/Substrate/Glints2/dict_0003_0010" 10157
"/Engine/EngineMaterials/Substrate/Glints2/dict_0003_0011" 10158
"/Engine/EngineMaterials/Substrate/Glints2/dict_0003_0012" 10159
"/Engine/EngineMaterials/Substrate/Glints2/dict_0003_0013" 10160
"/Engine/EngineMaterials/Substrate/Glints2/dict_0003_0014" 10161
"/Engine/EngineMaterials/Substrate/Glints2/dict_0003_0015" 10162
"/Engine/EngineMaterials/Substrate/Glints2/dict_0003_0016" 10163
"/Engine/EngineMaterials/Substrate/Glints2/dict_0003_0017" 10164
"/Engine/EngineMaterials/Substrate/Glints2/dict_0003_0018" 10165
"/Engine/EngineMaterials/Substrate/Glints2/dict_0003_0019" 10166
"/Engine/EngineMaterials/Substrate/Glints2/dict_0003_0020" 10167
"/Engine/EngineMaterials/Substrate/Glints2/dict_0003_0021" 10168
"../../../Engine/Content/EngineMaterials/Substrate/Glints2/dict_0002_0244.uasset" 10169
"../../../Engine/Content/EngineMaterials/Substrate/Glints2/dict_0002_0245.uasset" 10170
"../../../Engine/Content/EngineMaterials/Substrate/Glints2/dict_0002_0243.uasset" 10171
"../../../Engine/Content/EngineMaterials/Substrate/Glints2/dict_0002_0242.uasset" 10172
"../../../Engine/Content/EngineMaterials/Substrate/Glints2/dict_0002_0241.uasset" 10173
"../../../Engine/Content/EngineMaterials/Substrate/Glints2/dict_0002_0240.uasset" 10174
"../../../Engine/Content/EngineMaterials/Substrate/Glints2/dict_0002_0239.uasset" 10175
"../../../Engine/Content/EngineMaterials/Substrate/Glints2/dict_0002_0238.uasset" 10176
"../../../Engine/Content/EngineMaterials/Substrate/Glints2/dict_0002_0237.uasset" 10177
"../../../Engine/Content/EngineMaterials/Substrate/Glints2/dict_0002_0236.uasset" 10178
"../../../Engine/Content/EngineMaterials/Substrate/Glints2/dict_0002_0235.uasset" 10179
"../../../Engine/Content/EngineMaterials/Substrate/Glints2/dict_0002_0234.uasset" 10180
"../../../Engine/Content/EngineMaterials/Substrate/Glints2/dict_0002_0233.uasset" 10181
"../../../Engine/Content/EngineMaterials/Substrate/Glints2/dict_0002_0232.uasset" 10182
"../../../Engine/Content/EngineMaterials/Substrate/Glints2/dict_0002_0231.uasset" 10183
"../../../Engine/Content/EngineMaterials/Substrate/Glints2/dict_0002_0230.uasset" 10184
"../../../Engine/Content/EngineMaterials/Substrate/Glints2/dict_0002_0229.uasset" 10185
"../../../Engine/Content/EngineMaterials/Substrate/Glints2/dict_0002_0228.uasset" 10186
"../../../Engine/Content/EngineMaterials/Substrate/Glints2/dict_0002_0227.uasset" 10187
"../../../Engine/Content/EngineMaterials/Substrate/Glints2/dict_0002_0226.uasset" 10188
"../../../Engine/Content/EngineMaterials/Substrate/Glints2/dict_0002_0225.uasset" 10189
"../../../Engine/Content/EngineMaterials/Substrate/Glints2/dict_0002_0224.uasset" 10190
"/Engine/EngineMaterials/Substrate/Glints2/dict_0002_0229" 10191
"../../../Engine/Content/EngineMaterials/Substrate/Glints2/dict_0002_0223.uasset" 10192
"../../../Engine/Content/EngineMaterials/Substrate/Glints2/dict_0002_0221.uasset" 10193
"../../../Engine/Content/EngineMaterials/Substrate/Glints2/dict_0002_0222.uasset" 10194
"../../../Engine/Content/EngineMaterials/Substrate/Glints2/dict_0002_0220.uasset" 10195
"../../../Engine/Content/EngineMaterials/Substrate/Glints2/dict_0002_0219.uasset" 10196
"/Engine/EngineMaterials/Substrate/Glints2/dict_0002_0230" 10197
"/Engine/EngineMaterials/Substrate/Glints2/dict_0002_0231" 10198
"../../../Engine/Content/EngineMaterials/Substrate/Glints2/dict_0002_0218.uasset" 10199
"/Engine/EngineMaterials/Substrate/Glints2/dict_0002_0232" 10200
"../../../Engine/Content/EngineMaterials/Substrate/Glints2/dict_0002_0217.uasset" 10201
"/Engine/EngineMaterials/Substrate/Glints2/dict_0002_0233" 10202
"/Engine/EngineMaterials/Substrate/Glints2/dict_0002_0234" 10203
"/Engine/EngineMaterials/Substrate/Glints2/dict_0002_0235" 10204
"../../../Engine/Content/EngineMaterials/Substrate/Glints2/dict_0002_0216.uasset" 10205
"../../../Engine/Content/EngineMaterials/Substrate/Glints2/dict_0002_0215.uasset" 10206
"/Engine/EngineMaterials/Substrate/Glints2/dict_0002_0236" 10207
"/Engine/EngineMaterials/Substrate/Glints2/dict_0002_0237" 10208
"/Engine/EngineMaterials/Substrate/Glints2/dict_0002_0238" 10209
"/Engine/EngineMaterials/Substrate/Glints2/dict_0002_0239" 10210
"/Engine/EngineMaterials/Substrate/Glints2/dict_0002_0240" 10211
"/Engine/EngineMaterials/Substrate/Glints2/dict_0002_0241" 10212
"/Engine/EngineMaterials/Substrate/Glints2/dict_0002_0242" 10213
"../../../Engine/Content/EngineMaterials/Substrate/Glints2/dict_0002_0214.uasset" 10214
"/Engine/EngineMaterials/Substrate/Glints2/dict_0002_0243" 10215
"/Engine/EngineMaterials/Substrate/Glints2/dict_0002_0244" 10216
"/Engine/EngineMaterials/Substrate/Glints2/dict_0002_0245" 10217
"/Engine/EngineMaterials/Substrate/Glints2/dict_0002_0218" 10218
"/Engine/EngineMaterials/Substrate/Glints2/dict_0002_0220" 10219
"/Engine/EngineMaterials/Substrate/Glints2/dict_0002_0223" 10220
"/Engine/EngineMaterials/Substrate/Glints2/dict_0002_0224" 10221
"/Engine/EngineMaterials/Substrate/Glints2/dict_0002_0225" 10222
"/Engine/EngineMaterials/Substrate/Glints2/dict_0002_0226" 10223
"/Engine/EngineMaterials/Substrate/Glints2/dict_0002_0227" 10224
"/Engine/EngineMaterials/Substrate/Glints2/dict_0002_0228" 10225
"/Engine/EngineMaterials/Substrate/Glints2/dict_0002_0216" 10226
"/Engine/EngineMaterials/Substrate/Glints2/dict_0002_0219" 10227
"../../../Engine/Content/EngineMaterials/Substrate/Glints2/dict_0002_0212.uasset" 10228
"../../../Engine/Content/EngineMaterials/Substrate/Glints2/dict_0002_0206.uasset" 10229
"/Engine/EngineMaterials/Substrate/Glints2/dict_0002_0221" 10230
"/Engine/EngineMaterials/Substrate/Glints2/dict_0002_0222" 10231
"../../../Engine/Content/EngineMaterials/Substrate/Glints2/dict_0002_0211.uasset" 10232
"../../../Engine/Content/EngineMaterials/Substrate/Glints2/dict_0002_0205.uasset" 10233
"/Engine/EngineMaterials/Substrate/Glints2/dict_0002_0217" 10234
"../../../Engine/Content/EngineMaterials/Substrate/Glints2/dict_0002_0204.uasset" 10235
"../../../Engine/Content/EngineMaterials/Substrate/Glints2/dict_0002_0203.uasset" 10236
"../../../Engine/Content/EngineMaterials/Substrate/Glints2/dict_0002_0213.uasset" 10237
"../../../Engine/Content/EngineMaterials/Substrate/Glints2/dict_0002_0202.uasset" 10238
"../../../Engine/Content/EngineMaterials/Substrate/Glints2/dict_0002_0201.uasset" 10239
"../../../Engine/Content/EngineMaterials/Substrate/Glints2/dict_0002_0200.uasset" 10240
"../../../Engine/Content/EngineMaterials/Substrate/Glints2/dict_0002_0209.uasset" 10241
"../../../Engine/Content/EngineMaterials/Substrate/Glints2/dict_0002_0199.uasset" 10242
"../../../Engine/Content/EngineMaterials/Substrate/Glints2/dict_0002_0210.uasset" 10243
"../../../Engine/Content/EngineMaterials/Substrate/Glints2/dict_0002_0198.uasset" 10244
"../../../Engine/Content/EngineMaterials/Substrate/Glints2/dict_0002_0208.uasset" 10245
"../../../Engine/Content/EngineMaterials/Substrate/Glints2/dict_0002_0207.uasset" 10246
"../../../Engine/Content/EngineMaterials/Substrate/Glints2/dict_0002_0197.uasset" 10247
"/Engine/EngineMaterials/Substrate/Glints2/dict_0002_0214" 10248
"../../../Engine/Content/EngineMaterials/Substrate/Glints2/dict_0002_0193.uasset" 10249
"../../../Engine/Content/EngineMaterials/Substrate/Glints2/dict_0002_0192.uasset" 10250
"/Engine/EngineMaterials/Substrate/Glints2/dict_0002_0215" 10251
"../../../Engine/Content/EngineMaterials/Substrate/Glints2/dict_0002_0191.uasset" 10252
"../../../Engine/Content/EngineMaterials/Substrate/Glints2/dict_0002_0195.uasset" 10253
"/Engine/EngineMaterials/Substrate/Glints2/dict_0002_0201" 10254
"/Engine/EngineMaterials/Substrate/Glints2/dict_0002_0202" 10255
"../../../Engine/Content/EngineMaterials/Substrate/Glints2/dict_0002_0190.uasset" 10256
"../../../Engine/Content/EngineMaterials/Substrate/Glints2/dict_0002_0196.uasset" 10257
"/Engine/EngineMaterials/Substrate/Glints2/dict_0002_0204" 10258
"../../../Engine/Content/EngineMaterials/Substrate/Glints2/dict_0002_0194.uasset" 10259
"/Engine/EngineMaterials/Substrate/Glints2/dict_0002_0211" 10260
"/Engine/EngineMaterials/Substrate/Glints2/dict_0002_0212" 10261
"../../../Engine/Content/EngineMaterials/Substrate/Glints2/dict_0002_0189.uasset" 10262
"/Engine/EngineMaterials/Substrate/Glints2/dict_0002_0213" 10263
"/Engine/EngineMaterials/Substrate/Glints2/dict_0002_0198" 10264
"/Engine/EngineMaterials/Substrate/Glints2/dict_0002_0200" 10265
"/Engine/EngineMaterials/Substrate/Glints2/dict_0002_0206" 10266
"../../../Engine/Content/EngineMaterials/Substrate/Glints2/dict_0002_0188.uasset" 10267
"/Engine/EngineMaterials/Substrate/Glints2/dict_0002_0209" 10268
"/Engine/EngineMaterials/Substrate/Glints2/dict_0002_0210" 10269
"../../../Engine/Content/EngineMaterials/Substrate/Glints2/dict_0002_0187.uasset" 10270
"../../../Engine/Content/EngineMaterials/Substrate/Glints2/dict_0002_0186.uasset" 10271
"/Engine/EngineMaterials/Substrate/Glints2/dict_0002_0196" 10272
"../../../Engine/Content/EngineMaterials/Substrate/Glints2/dict_0002_0185.uasset" 10273
"../../../Engine/Content/EngineMaterials/Substrate/Glints2/dict_0002_0184.uasset" 10274
"../../../Engine/Content/EngineMaterials/Substrate/Glints2/dict_0002_0183.uasset" 10275
"../../../Engine/Content/EngineMaterials/Substrate/Glints2/dict_0002_0182.uasset" 10276
"/Engine/EngineMaterials/Substrate/Glints2/dict_0002_0203" 10277
"/Engine/EngineMaterials/Substrate/Glints2/dict_0002_0205" 10278
"/Engine/EngineMaterials/Substrate/Glints2/dict_0002_0192" 10279
"/Engine/EngineMaterials/Substrate/Glints2/dict_0002_0197" 10280
"/Engine/EngineMaterials/Substrate/Glints2/dict_0002_0199" 10281
"/Engine/EngineMaterials/Substrate/Glints2/dict_0002_0207" 10282
"/Engine/EngineMaterials/Substrate/Glints2/dict_0002_0208" 10283
"/Engine/EngineMaterials/Substrate/Glints2/dict_0002_0190" 10284
"../../../Engine/Content/EngineMaterials/Substrate/Glints2/dict_0002_0181.uasset" 10285
"/Engine/EngineMaterials/Substrate/Glints2/dict_0002_0185" 10286
"/Engine/EngineMaterials/Substrate/Glints2/dict_0002_0184" 10287
"../../../Engine/Content/EngineMaterials/Substrate/Glints2/dict_0002_0180.uasset" 10288
"/Engine/EngineMaterials/Substrate/Glints2/dict_0002_0189" 10289
"/Engine/EngineMaterials/Substrate/Glints2/dict_0002_0186" 10290
"../../../Engine/Content/EngineMaterials/Substrate/Glints2/dict_0002_0179.uasset" 10291
"/Engine/EngineMaterials/Substrate/Glints2/dict_0002_0187" 10292
"/Engine/EngineMaterials/Substrate/Glints2/dict_0002_0188" 10293
"../../../Engine/Content/EngineMaterials/Substrate/Glints2/dict_0002_0178.uasset" 10294
"/Engine/EngineMaterials/Substrate/Glints2/dict_0002_0191" 10295
"/Engine/EngineMaterials/Substrate/Glints2/dict_0002_0193" 10296
"/Engine/EngineMaterials/Substrate/Glints2/dict_0002_0194" 10297
"/Engine/EngineMaterials/Substrate/Glints2/dict_0002_0195" 10298
"/Engine/EngineMaterials/Substrate/Glints2/dict_0002_0182" 10299
"/Engine/EngineMaterials/Substrate/Glints2/dict_0002_0183" 10300
"../../../Engine/Content/EngineMaterials/Substrate/Glints2/dict_0002_0177.uasset" 10301
"../../../Engine/Content/EngineMaterials/Substrate/Glints2/dict_0002_0176.uasset" 10302
"../../../Engine/Content/EngineMaterials/Substrate/Glints2/dict_0002_0174.uasset" 10303
"../../../Engine/Content/EngineMaterials/Substrate/Glints2/dict_0002_0167.uasset" 10304
"../../../Engine/Content/EngineMaterials/Substrate/Glints2/dict_0002_0166.uasset" 10305
"/Engine/EngineMaterials/Substrate/Glints2/dict_0002_0176" 10306
"/Engine/EngineMaterials/Substrate/Glints2/dict_0002_0179" 10307
"/Engine/EngineMaterials/Substrate/Glints2/dict_0002_0180" 10308
"/Engine/EngineMaterials/Substrate/Glints2/dict_0002_0174" 10309
"/Engine/EngineMaterials/Substrate/Glints2/dict_0002_0166" 10310
"/Engine/EngineMaterials/Substrate/Glints2/dict_0002_0181" 10311
"/Engine/EngineMaterials/Substrate/Glints2/dict_0002_0178" 10312
"../../../Engine/Content/EngineMaterials/Substrate/Glints2/dict_0002_0175.uasset" 10313
"../../../Engine/Content/EngineMaterials/Substrate/Glints2/dict_0002_0173.uasset" 10314
"../../../Engine/Content/EngineMaterials/Substrate/Glints2/dict_0002_0169.uasset" 10315
"../../../Engine/Content/EngineMaterials/Substrate/Glints2/dict_0002_0171.uasset" 10316
"../../../Engine/Content/EngineMaterials/Substrate/Glints2/dict_0002_0172.uasset" 10317
"../../../Engine/Content/EngineMaterials/Substrate/Glints2/dict_0002_0168.uasset" 10318
"../../../Engine/Content/EngineMaterials/Substrate/Glints2/dict_0002_0170.uasset" 10319
"../../../Engine/Content/EngineMaterials/Substrate/Glints2/dict_0002_0165.uasset" 10320
"../../../Engine/Content/EngineMaterials/Substrate/Glints2/dict_0002_0164.uasset" 10321
"../../../Engine/Content/EngineMaterials/Substrate/Glints2/dict_0002_0163.uasset" 10322
"../../../Engine/Content/EngineMaterials/Substrate/Glints2/dict_0002_0158.uasset" 10323
"../../../Engine/Content/EngineMaterials/Substrate/Glints2/dict_0002_0157.uasset" 10324
"../../../Engine/Content/EngineMaterials/Substrate/Glints2/dict_0002_0156.uasset" 10325
"../../../Engine/Content/EngineMaterials/Substrate/Glints2/dict_0002_0162.uasset" 10326
"../../../Engine/Content/EngineMaterials/Substrate/Glints2/dict_0002_0161.uasset" 10327
"../../../Engine/Content/EngineMaterials/Substrate/Glints2/dict_0002_0155.uasset" 10328
"/Engine/EngineMaterials/Substrate/Glints2/dict_0002_0177" 10329
"/Engine/EngineMaterials/Substrate/Glints2/dict_0002_0158" 10330
"../../../Engine/Content/EngineMaterials/Substrate/Glints2/dict_0002_0160.uasset" 10331
"/Engine/EngineMaterials/Substrate/Glints2/dict_0002_0164" 10332
"../../../Engine/Content/EngineMaterials/Substrate/Glints2/dict_0002_0159.uasset" 10333
"../../../Engine/Content/EngineMaterials/Substrate/Glints2/dict_0002_0154.uasset" 10334
"/Engine/EngineMaterials/Substrate/Glints2/dict_0002_0165" 10335
"../../../Engine/Content/EngineMaterials/Substrate/Glints2/dict_0002_0153.uasset" 10336
"../../../Engine/Content/EngineMaterials/Substrate/Glints2/dict_0002_0152.uasset" 10337
"../../../Engine/Content/EngineMaterials/Substrate/Glints2/dict_0002_0151.uasset" 10338
"/Engine/EngineMaterials/Substrate/Glints2/dict_0002_0167" 10339
"/Engine/EngineMaterials/Substrate/Glints2/dict_0002_0175" 10340
"/Engine/EngineMaterials/Substrate/Glints2/dict_0002_0157" 10341
"/Engine/EngineMaterials/Substrate/Glints2/dict_0002_0171" 10342
"/Engine/EngineMaterials/Substrate/Glints2/dict_0002_0172" 10343
"/Engine/EngineMaterials/Substrate/Glints2/dict_0002_0173" 10344
"../../../Engine/Content/EngineMaterials/Substrate/Glints2/dict_0002_0150.uasset" 10345
"/Engine/EngineMaterials/Substrate/Glints2/dict_0002_0168" 10346
"/Engine/EngineMaterials/Substrate/Glints2/dict_0002_0169" 10347
"/Engine/EngineMaterials/Substrate/Glints2/dict_0002_0160" 10348
"/Engine/EngineMaterials/Substrate/Glints2/dict_0002_0153" 10349
"/Engine/EngineMaterials/Substrate/Glints2/dict_0002_0170" 10350
"../../../Engine/Content/EngineMaterials/Substrate/Glints2/dict_0002_0148.uasset" 10351
"../../../Engine/Content/EngineMaterials/Substrate/Glints2/dict_0002_0149.uasset" 10352
"../../../Engine/Content/EngineMaterials/Substrate/Glints2/dict_0002_0147.uasset" 10353
"../../../Engine/Content/EngineMaterials/Substrate/Glints2/dict_0002_0144.uasset" 10354
"../../../Engine/Content/EngineMaterials/Substrate/Glints2/dict_0002_0146.uasset" 10355
"../../../Engine/Content/EngineMaterials/Substrate/Glints2/dict_0002_0145.uasset" 10356
"../../../Engine/Content/EngineMaterials/Substrate/Glints2/dict_0002_0142.uasset" 10357
"../../../Engine/Content/EngineMaterials/Substrate/Glints2/dict_0002_0141.uasset" 10358
"../../../Engine/Content/EngineMaterials/Substrate/Glints2/dict_0002_0143.uasset" 10359
"../../../Engine/Content/EngineMaterials/Substrate/Glints2/dict_0002_0140.uasset" 10360
"../../../Engine/Content/EngineMaterials/Substrate/Glints2/dict_0002_0139.uasset" 10361
"../../../Engine/Content/EngineMaterials/Substrate/Glints2/dict_0002_0138.uasset" 10362
"../../../Engine/Content/EngineMaterials/Substrate/Glints2/dict_0002_0137.uasset" 10363
"../../../Engine/Content/EngineMaterials/Substrate/Glints2/dict_0002_0136.uasset" 10364
"../../../Engine/Content/EngineMaterials/Substrate/Glints2/dict_0002_0134.uasset" 10365
"../../../Engine/Content/EngineMaterials/Substrate/Glints2/dict_0002_0135.uasset" 10366
"../../../Engine/Content/EngineMaterials/Substrate/Glints2/dict_0002_0133.uasset" 10367
"../../../Engine/Content/EngineMaterials/Substrate/Glints2/dict_0002_0132.uasset" 10368
"../../../Engine/Content/EngineMaterials/Substrate/Glints2/dict_0002_0131.uasset" 10369
"../../../Engine/Content/EngineMaterials/Substrate/Glints2/dict_0002_0130.uasset" 10370
"../../../Engine/Content/EngineMaterials/Substrate/Glints2/dict_0002_0129.uasset" 10371
"/Engine/EngineMaterials/Substrate/Glints2/dict_0002_0150" 10372
"../../../Engine/Content/EngineMaterials/Substrate/Glints2/dict_0002_0128.uasset" 10373
"/Engine/EngineMaterials/Substrate/Glints2/dict_0002_0151" 10374
"/Engine/EngineMaterials/Substrate/Glints2/dict_0002_0154" 10375
"/Engine/EngineMaterials/Substrate/Glints2/dict_0002_0156" 10376
"/Engine/EngineMaterials/Substrate/Glints2/dict_0002_0163" 10377
"/Engine/EngineMaterials/Substrate/Glints2/dict_0002_0159" 10378
"/Engine/EngineMaterials/Substrate/Glints2/dict_0002_0139" 10379
"/Engine/EngineMaterials/Substrate/Glints2/dict_0002_0134" 10380
"/Engine/EngineMaterials/Substrate/Glints2/dict_0002_0143" 10381
"/Engine/EngineMaterials/Substrate/Glints2/dict_0002_0147" 10382
"/Engine/EngineMaterials/Substrate/Glints2/dict_0002_0148" 10383
"/Engine/EngineMaterials/Substrate/Glints2/dict_0002_0136" 10384
"/Engine/EngineMaterials/Substrate/Glints2/dict_0002_0144" 10385
"/Engine/EngineMaterials/Substrate/Glints2/dict_0002_0141" 10386
"/Engine/EngineMaterials/Substrate/Glints2/dict_0002_0149" 10387
"/Engine/EngineMaterials/Substrate/Glints2/dict_0002_0142" 10388
"/Engine/EngineMaterials/Substrate/Glints2/dict_0002_0145" 10389
"../../../Engine/Content/EngineMaterials/Substrate/Glints2/dict_0002_0126.uasset" 10390
"../../../Engine/Content/EngineMaterials/Substrate/Glints2/dict_0002_0127.uasset" 10391
"/Engine/EngineMaterials/Substrate/Glints2/dict_0002_0146" 10392
"/Engine/EngineMaterials/Substrate/Glints2/dict_0002_0137" 10393
"../../../Engine/Content/EngineMaterials/Substrate/Glints2/dict_0002_0125.uasset" 10394
"/Engine/EngineMaterials/Substrate/Glints2/dict_0002_0152" 10395
"/Engine/EngineMaterials/Substrate/Glints2/dict_0002_0128" 10396
"/Engine/EngineMaterials/Substrate/Glints2/dict_0002_0162" 10397
"/Engine/EngineMaterials/Substrate/Glints2/dict_0002_0155" 10398
"../../../Engine/Content/EngineMaterials/Substrate/Glints2/dict_0002_0124.uasset" 10399
"/Engine/EngineMaterials/Substrate/Glints2/dict_0002_0133" 10400
"/Engine/EngineMaterials/Substrate/Glints2/dict_0002_0138" 10401
"/Engine/EngineMaterials/Substrate/Glints2/dict_0002_0130" 10402
"../../../Engine/Content/EngineMaterials/Substrate/Glints2/dict_0002_0123.uasset" 10403
"/Engine/EngineMaterials/Substrate/Glints2/dict_0002_0140" 10404
"../../../Engine/Content/EngineMaterials/Substrate/Glints2/dict_0002_0122.uasset" 10405
"/Engine/EngineMaterials/Substrate/Glints2/dict_0002_0135" 10406
"/Engine/EngineMaterials/Substrate/Glints2/dict_0002_0131" 10407
"/Engine/EngineMaterials/Substrate/Glints2/dict_0002_0129" 10408
"/Engine/EngineMaterials/Substrate/Glints2/dict_0002_0132" 10409
"/Engine/EngineMaterials/Substrate/Glints2/dict_0002_0161" 10410
"/Engine/EngineMaterials/Substrate/Glints2/dict_0002_0122" 10411
"../../../Engine/Content/EngineMaterials/Substrate/Glints2/dict_0002_0121.uasset" 10412
"../../../Engine/Content/EngineMaterials/Substrate/Glints2/dict_0002_0120.uasset" 10413
"/Engine/EngineMaterials/Substrate/Glints2/dict_0002_0123" 10414
"../../../Engine/Content/EngineMaterials/Substrate/Glints2/dict_0002_0119.uasset" 10415
"/Engine/EngineMaterials/Substrate/Glints2/dict_0002_0125" 10416
"/Engine/EngineMaterials/Substrate/Glints2/dict_0002_0126" 10417
"../../../Engine/Content/EngineMaterials/Substrate/Glints2/dict_0002_0118.uasset" 10418
"/Engine/EngineMaterials/Substrate/Glints2/dict_0002_0127" 10419
"/Engine/EngineMaterials/Substrate/Glints2/dict_0002_0124" 10420
"/Engine/EngineMaterials/Substrate/Glints2/dict_0002_0118" 10421
"/Engine/EngineMaterials/Substrate/Glints2/dict_0002_0119" 10422
"/Engine/EngineMaterials/Substrate/Glints2/dict_0002_0120" 10423
"/Engine/EngineMaterials/Substrate/Glints2/dict_0002_0121" 10424
"../../../Engine/Content/EngineMaterials/Substrate/Glints2/dict_0002_0117.uasset" 10425
"../../../Engine/Content/EngineMaterials/Substrate/Glints2/dict_0002_0116.uasset" 10426
"../../../Engine/Content/EngineMaterials/Substrate/Glints2/dict_0002_0115.uasset" 10427
"../../../Engine/Content/EngineMaterials/Substrate/Glints2/dict_0002_0114.uasset" 10428
"../../../Engine/Content/EngineMaterials/Substrate/Glints2/dict_0002_0112.uasset" 10429
"../../../Engine/Content/EngineMaterials/Substrate/Glints2/dict_0002_0113.uasset" 10430
"../../../Engine/Content/EngineMaterials/Substrate/Glints2/dict_0002_0111.uasset" 10431
"../../../Engine/Content/EngineMaterials/Substrate/Glints2/dict_0002_0110.uasset" 10432
"../../../Engine/Content/EngineMaterials/Substrate/Glints2/dict_0002_0109.uasset" 10433
"../../../Engine/Content/EngineMaterials/Substrate/Glints2/dict_0002_0107.uasset" 10434
"../../../Engine/Content/EngineMaterials/Substrate/Glints2/dict_0002_0108.uasset" 10435
"../../../Engine/Content/EngineMaterials/Substrate/Glints2/dict_0002_0102.uasset" 10436
"../../../Engine/Content/EngineMaterials/Substrate/Glints2/dict_0002_0106.uasset" 10437
"../../../Engine/Content/EngineMaterials/Substrate/Glints2/dict_0002_0103.uasset" 10438
"../../../Engine/Content/EngineMaterials/Substrate/Glints2/dict_0002_0105.uasset" 10439
"../../../Engine/Content/EngineMaterials/Substrate/Glints2/dict_0002_0104.uasset" 10440
"../../../Engine/Content/EngineMaterials/Substrate/Glints2/dict_0002_0101.uasset" 10441
"../../../Engine/Content/EngineMaterials/Substrate/Glints2/dict_0002_0091.uasset" 10442
"../../../Engine/Content/EngineMaterials/Substrate/Glints2/dict_0002_0098.uasset" 10443
"../../../Engine/Content/EngineMaterials/Substrate/Glints2/dict_0002_0090.uasset" 10444
"../../../Engine/Content/EngineMaterials/Substrate/Glints2/dict_0002_0099.uasset" 10445
"../../../Engine/Content/EngineMaterials/Substrate/Glints2/dict_0002_0089.uasset" 10446
"../../../Engine/Content/EngineMaterials/Substrate/Glints2/dict_0002_0088.uasset" 10447
"../../../Engine/Content/EngineMaterials/Substrate/Glints2/dict_0002_0100.uasset" 10448
"/Engine/EngineMaterials/Substrate/Glints2/dict_0002_0111" 10449
"/Engine/EngineMaterials/Substrate/Glints2/dict_0002_0112" 10450
"../../../Engine/Content/EngineMaterials/Substrate/Glints2/dict_0002_0087.uasset" 10451
"../../../Engine/Content/EngineMaterials/Substrate/Glints2/dict_0002_0086.uasset" 10452
"/Engine/EngineMaterials/Substrate/Glints2/dict_0002_0113" 10453
"../../../Engine/Content/EngineMaterials/Substrate/Glints2/dict_0002_0097.uasset" 10454
"/Engine/EngineMaterials/Substrate/Glints2/dict_0002_0114" 10455
"/Engine/EngineMaterials/Substrate/Glints2/dict_0002_0115" 10456
"../../../Engine/Content/EngineMaterials/Substrate/Glints2/dict_0002_0096.uasset" 10457
"../../../Engine/Content/EngineMaterials/Substrate/Glints2/dict_0002_0095.uasset" 10458
"../../../Engine/Content/EngineMaterials/Substrate/Glints2/dict_0002_0094.uasset" 10459
"../../../Engine/Content/EngineMaterials/Substrate/Glints2/dict_0002_0093.uasset" 10460
"/Engine/EngineMaterials/Substrate/Glints2/dict_0002_0102" 10461
"../../../Engine/Content/EngineMaterials/Substrate/Glints2/dict_0002_0092.uasset" 10462
"/Engine/EngineMaterials/Substrate/Glints2/dict_0002_0103" 10463
"/Engine/EngineMaterials/Substrate/Glints2/dict_0002_0116" 10464
"/Engine/EngineMaterials/Substrate/Glints2/dict_0002_0104" 10465
"/Engine/EngineMaterials/Substrate/Glints2/dict_0002_0117" 10466
"/Engine/EngineMaterials/Substrate/Glints2/dict_0002_0105" 10467
"/Engine/EngineMaterials/Substrate/Glints2/dict_0002_0106" 10468
"/Engine/EngineMaterials/Substrate/Glints2/dict_0002_0107" 10469
"/Engine/EngineMaterials/Substrate/Glints2/dict_0002_0108" 10470
"/Engine/EngineMaterials/Substrate/Glints2/dict_0002_0109" 10471
"/Engine/EngineMaterials/Substrate/Glints2/dict_0002_0110" 10472
"/Engine/EngineMaterials/Substrate/Glints2/dict_0002_0096" 10473
"../../../Engine/Content/EngineMaterials/Substrate/Glints2/dict_0002_0085.uasset" 10474
"../../../Engine/Content/EngineMaterials/Substrate/Glints2/dict_0002_0084.uasset" 10475
"/Engine/EngineMaterials/Substrate/Glints2/dict_0002_0097" 10476
"../../../Engine/Content/EngineMaterials/Substrate/Glints2/dict_0002_0083.uasset" 10477
"/Engine/EngineMaterials/Substrate/Glints2/dict_0002_0098" 10478
"/Engine/EngineMaterials/Substrate/Glints2/dict_0002_0099" 10479
"../../../Engine/Content/EngineMaterials/Substrate/Glints2/dict_0002_0082.uasset" 10480
"/Engine/EngineMaterials/Substrate/Glints2/dict_0002_0100" 10481
"/Engine/EngineMaterials/Substrate/Glints2/dict_0002_0101" 10482
"/Engine/EngineMaterials/Substrate/Glints2/dict_0002_0086" 10483
"../../../Engine/Content/EngineMaterials/Substrate/Glints2/dict_0002_0081.uasset" 10484
"../../../Engine/Content/EngineMaterials/Substrate/Glints2/dict_0002_0080.uasset" 10485
"../../../Engine/Content/EngineMaterials/Substrate/Glints2/dict_0002_0079.uasset" 10486
"/Engine/EngineMaterials/Substrate/Glints2/dict_0002_0087" 10487
"/Engine/EngineMaterials/Substrate/Glints2/dict_0002_0088" 10488
"/Engine/EngineMaterials/Substrate/Glints2/dict_0002_0089" 10489
"/Engine/EngineMaterials/Substrate/Glints2/dict_0002_0091" 10490
"/Engine/EngineMaterials/Substrate/Glints2/dict_0002_0092" 10491
"/Engine/EngineMaterials/Substrate/Glints2/dict_0002_0090" 10492
"/Engine/EngineMaterials/Substrate/Glints2/dict_0002_0093" 10493
"/Engine/EngineMaterials/Substrate/Glints2/dict_0002_0094" 10494
"/Engine/EngineMaterials/Substrate/Glints2/dict_0002_0095" 10495
"/Engine/EngineMaterials/Substrate/Glints2/dict_0002_0082" 10496
"/Engine/EngineMaterials/Substrate/Glints2/dict_0002_0083" 10497
"../../../Engine/Content/EngineMaterials/Substrate/Glints2/dict_0002_0078.uasset" 10498
"/Engine/EngineMaterials/Substrate/Glints2/dict_0002_0084" 10499
"/Engine/EngineMaterials/Substrate/Glints2/dict_0002_0085" 10500
"../../../Engine/Content/EngineMaterials/Substrate/Glints2/dict_0002_0077.uasset" 10501
"/Engine/EngineMaterials/Substrate/Glints2/dict_0002_0079" 10502
"../../../Engine/Content/EngineMaterials/Substrate/Glints2/dict_0002_0076.uasset" 10503
"/Engine/EngineMaterials/Substrate/Glints2/dict_0002_0081" 10504
"/Engine/EngineMaterials/Substrate/Glints2/dict_0002_0080" 10505
"../../../Engine/Content/EngineMaterials/Substrate/Glints2/dict_0002_0075.uasset" 10506
"../../../Engine/Content/EngineMaterials/Substrate/Glints2/dict_0002_0074.uasset" 10507
"../../../Engine/Content/EngineMaterials/Substrate/Glints2/dict_0002_0073.uasset" 10508
"../../../Engine/Content/EngineMaterials/Substrate/Glints2/dict_0002_0072.uasset" 10509
"../../../Engine/Content/EngineMaterials/Substrate/Glints2/dict_0002_0071.uasset" 10510
"../../../Engine/Content/EngineMaterials/Substrate/Glints2/dict_0002_0070.uasset" 10511
"../../../Engine/Content/EngineMaterials/Substrate/Glints2/dict_0002_0069.uasset" 10512
"../../../Engine/Content/EngineMaterials/Substrate/Glints2/dict_0002_0067.uasset" 10513
"../../../Engine/Content/EngineMaterials/Substrate/Glints2/dict_0002_0064.uasset" 10514
"../../../Engine/Content/EngineMaterials/Substrate/Glints2/dict_0002_0065.uasset" 10515
"../../../Engine/Content/EngineMaterials/Substrate/Glints2/dict_0002_0066.uasset" 10516
"../../../Engine/Content/EngineMaterials/Substrate/Glints2/dict_0002_0063.uasset" 10517
"../../../Engine/Content/EngineMaterials/Substrate/Glints2/dict_0002_0068.uasset" 10518
"../../../Engine/Content/EngineMaterials/Substrate/Glints2/dict_0002_0062.uasset" 10519
"../../../Engine/Content/EngineMaterials/Substrate/Glints2/dict_0002_0061.uasset" 10520
"../../../Engine/Content/EngineMaterials/Substrate/Glints2/dict_0002_0060.uasset" 10521
"../../../Engine/Content/EngineMaterials/Substrate/Glints2/dict_0002_0059.uasset" 10522
"../../../Engine/Content/EngineMaterials/Substrate/Glints2/dict_0002_0058.uasset" 10523
"../../../Engine/Content/EngineMaterials/Substrate/Glints2/dict_0002_0057.uasset" 10524
"../../../Engine/Content/EngineMaterials/Substrate/Glints2/dict_0002_0055.uasset" 10525
"../../../Engine/Content/EngineMaterials/Substrate/Glints2/dict_0002_0056.uasset" 10526
"../../../Engine/Content/EngineMaterials/Substrate/Glints2/dict_0002_0054.uasset" 10527
"../../../Engine/Content/EngineMaterials/Substrate/Glints2/dict_0002_0053.uasset" 10528
"../../../Engine/Content/EngineMaterials/Substrate/Glints2/dict_0002_0047.uasset" 10529
"/Engine/EngineMaterials/Substrate/Glints2/dict_0002_0054" 10530
"../../../Engine/Content/EngineMaterials/Substrate/Glints2/dict_0002_0052.uasset" 10531
"../../../Engine/Content/EngineMaterials/Substrate/Glints2/dict_0002_0050.uasset" 10532
"../../../Engine/Content/EngineMaterials/Substrate/Glints2/dict_0002_0051.uasset" 10533
"../../../Engine/Content/EngineMaterials/Substrate/Glints2/dict_0002_0049.uasset" 10534
"../../../Engine/Content/EngineMaterials/Substrate/Glints2/dict_0002_0048.uasset" 10535
"/Engine/EngineMaterials/Substrate/Glints2/dict_0002_0055" 10536
"/Engine/EngineMaterials/Substrate/Glints2/dict_0002_0070" 10537
"/Engine/EngineMaterials/Substrate/Glints2/dict_0002_0071" 10538
"/Engine/EngineMaterials/Substrate/Glints2/dict_0002_0056" 10539
"/Engine/EngineMaterials/Substrate/Glints2/dict_0002_0057" 10540
"/Engine/EngineMaterials/Substrate/Glints2/dict_0002_0058" 10541
"/Engine/EngineMaterials/Substrate/Glints2/dict_0002_0072" 10542
"/Engine/EngineMaterials/Substrate/Glints2/dict_0002_0059" 10543
"/Engine/EngineMaterials/Substrate/Glints2/dict_0002_0073" 10544
"/Engine/EngineMaterials/Substrate/Glints2/dict_0002_0074" 10545
"/Engine/EngineMaterials/Substrate/Glints2/dict_0002_0075" 10546
"/Engine/EngineMaterials/Substrate/Glints2/dict_0002_0076" 10547
"/Engine/EngineMaterials/Substrate/Glints2/dict_0002_0077" 10548
"/Engine/EngineMaterials/Substrate/Glints2/dict_0002_0078" 10549
"/Engine/EngineMaterials/Substrate/Glints2/dict_0002_0060" 10550
"/Engine/EngineMaterials/Substrate/Glints2/dict_0002_0061" 10551
"/Engine/EngineMaterials/Substrate/Glints2/dict_0002_0062" 10552
"/Engine/EngineMaterials/Substrate/Glints2/dict_0002_0063" 10553
"/Engine/EngineMaterials/Substrate/Glints2/dict_0002_0064" 10554
"/Engine/EngineMaterials/Substrate/Glints2/dict_0002_0065" 10555
"/Engine/EngineMaterials/Substrate/Glints2/dict_0002_0066" 10556
"/Engine/EngineMaterials/Substrate/Glints2/dict_0002_0067" 10557
"/Engine/EngineMaterials/Substrate/Glints2/dict_0002_0068" 10558
"/Engine/EngineMaterials/Substrate/Glints2/dict_0002_0069" 10559
"/Engine/EngineMaterials/Substrate/Glints2/dict_0002_0053" 10560
"../../../Engine/Content/EngineMaterials/Substrate/Glints2/dict_0002_0045.uasset" 10561
"../../../Engine/Content/EngineMaterials/Substrate/Glints2/dict_0002_0046.uasset" 10562
"/Engine/EngineMaterials/Substrate/Glints2/dict_0002_0048" 10563
"/Engine/EngineMaterials/Substrate/Glints2/dict_0002_0047" 10564
"/Engine/EngineMaterials/Substrate/Glints2/dict_0002_0049" 10565
"/Engine/EngineMaterials/Substrate/Glints2/dict_0002_0050" 10566
"/Engine/EngineMaterials/Substrate/Glints2/dict_0002_0051" 10567
"/Engine/EngineMaterials/Substrate/Glints2/dict_0002_0052" 10568
"../../../Engine/Content/EngineMaterials/Substrate/Glints2/dict_0002_0044.uasset" 10569
"../../../Engine/Content/EngineMaterials/Substrate/Glints2/dict_0002_0043.uasset" 10570
"../../../Engine/Content/EngineMaterials/Substrate/Glints2/dict_0002_0042.uasset" 10571
"../../../Engine/Content/EngineMaterials/Substrate/Glints2/dict_0002_0041.uasset" 10572
"../../../Engine/Content/EngineMaterials/Substrate/Glints2/dict_0002_0040.uasset" 10573
"../../../Engine/Content/EngineMaterials/Substrate/Glints2/dict_0002_0038.uasset" 10574
"../../../Engine/Content/EngineMaterials/Substrate/Glints2/dict_0002_0039.uasset" 10575
"../../../Engine/Content/EngineMaterials/Substrate/Glints2/dict_0002_0035.uasset" 10576
"../../../Engine/Content/EngineMaterials/Substrate/Glints2/dict_0002_0037.uasset" 10577
"../../../Engine/Content/EngineMaterials/Substrate/Glints2/dict_0002_0036.uasset" 10578
"../../../Engine/Content/EngineMaterials/Substrate/Glints2/dict_0002_0034.uasset" 10579
"../../../Engine/Content/EngineMaterials/Substrate/Glints2/dict_0002_0033.uasset" 10580
"../../../Engine/Content/EngineMaterials/Substrate/Glints2/dict_0002_0032.uasset" 10581
"../../../Engine/Content/EngineMaterials/Substrate/Glints2/dict_0002_0031.uasset" 10582
"../../../Engine/Content/EngineMaterials/Substrate/Glints2/dict_0002_0030.uasset" 10583
"../../../Engine/Content/EngineMaterials/Substrate/Glints2/dict_0002_0029.uasset" 10584
"../../../Engine/Content/EngineMaterials/Substrate/Glints2/dict_0002_0028.uasset" 10585
"../../../Engine/Content/EngineMaterials/Substrate/Glints2/dict_0002_0027.uasset" 10586
"../../../Engine/Content/EngineMaterials/Substrate/Glints2/dict_0002_0026.uasset" 10587
"../../../Engine/Content/EngineMaterials/Substrate/Glints2/dict_0002_0025.uasset" 10588
"../../../Engine/Content/EngineMaterials/Substrate/Glints2/dict_0002_0024.uasset" 10589
"../../../Engine/Content/EngineMaterials/Substrate/Glints2/dict_0002_0023.uasset" 10590
"../../../Engine/Content/EngineMaterials/Substrate/Glints2/dict_0002_0022.uasset" 10591
"/Engine/EngineMaterials/Substrate/Glints2/dict_0002_0026" 10592
"../../../Engine/Content/EngineMaterials/Substrate/Glints2/dict_0002_0021.uasset" 10593
"/Engine/EngineMaterials/Substrate/Glints2/dict_0002_0027" 10594
"../../../Engine/Content/EngineMaterials/Substrate/Glints2/dict_0002_0018.uasset" 10595
"../../../Engine/Content/EngineMaterials/Substrate/Glints2/dict_0002_0017.uasset" 10596
"/Engine/EngineMaterials/Substrate/Glints2/dict_0002_0028" 10597
"../../../Engine/Content/EngineMaterials/Substrate/Glints2/dict_0002_0016.uasset" 10598
"../../../Engine/Content/EngineMaterials/Substrate/Glints2/dict_0002_0015.uasset" 10599
"/Engine/EngineMaterials/Substrate/Glints2/dict_0002_0029" 10600
"../../../Engine/Content/EngineMaterials/Substrate/Glints2/dict_0002_0020.uasset" 10601
"/Engine/EngineMaterials/Substrate/Glints2/dict_0002_0030" 10602
"/Engine/EngineMaterials/Substrate/Glints2/dict_0002_0031" 10603
"/Engine/EngineMaterials/Substrate/Glints2/dict_0002_0032" 10604
"/Engine/EngineMaterials/Substrate/Glints2/dict_0002_0033" 10605
"/Engine/EngineMaterials/Substrate/Glints2/dict_0002_0034" 10606
"/Engine/EngineMaterials/Substrate/Glints2/dict_0002_0035" 10607
"/Engine/EngineMaterials/Substrate/Glints2/dict_0002_0036" 10608
"/Engine/EngineMaterials/Substrate/Glints2/dict_0002_0037" 10609
"/Engine/EngineMaterials/Substrate/Glints2/dict_0002_0038" 10610
"/Engine/EngineMaterials/Substrate/Glints2/dict_0002_0039" 10611
"/Engine/EngineMaterials/Substrate/Glints2/dict_0002_0040" 10612
"/Engine/EngineMaterials/Substrate/Glints2/dict_0002_0041" 10613
"/Engine/EngineMaterials/Substrate/Glints2/dict_0002_0042" 10614
"/Engine/EngineMaterials/Substrate/Glints2/dict_0002_0043" 10615
"/Engine/EngineMaterials/Substrate/Glints2/dict_0002_0044" 10616
"/Engine/EngineMaterials/Substrate/Glints2/dict_0002_0045" 10617
"/Engine/EngineMaterials/Substrate/Glints2/dict_0002_0046" 10618
"/Engine/EngineMaterials/Substrate/Glints2/dict_0002_0022" 10619
"/Engine/EngineMaterials/Substrate/Glints2/dict_0002_0023" 10620
"/Engine/EngineMaterials/Substrate/Glints2/dict_0002_0024" 10621
"/Engine/EngineMaterials/Substrate/Glints2/dict_0002_0025" 10622
"../../../Engine/Content/EngineMaterials/Substrate/Glints2/dict_0002_0014.uasset" 10623
"../../../Engine/Content/EngineMaterials/Substrate/Glints2/dict_0002_0013.uasset" 10624
"../../../Engine/Content/EngineMaterials/Substrate/Glints2/dict_0002_0012.uasset" 10625
"../../../Engine/Content/EngineMaterials/Substrate/Glints2/dict_0002_0011.uasset" 10626
"../../../Engine/Content/EngineMaterials/Substrate/Glints2/dict_0002_0010.uasset" 10627
"../../../Engine/Content/EngineMaterials/Substrate/Glints2/dict_0002_0019.uasset" 10628
"../../../Engine/Content/EngineMaterials/Substrate/Glints2/dict_0002_0009.uasset" 10629
"/Engine/EngineMaterials/Substrate/Glints2/dict_0002_0010" 10630
"../../../Engine/Content/EngineMaterials/Substrate/Glints2/dict_0002_0008.uasset" 10631
"../../../Engine/Content/EngineMaterials/Substrate/Glints2/dict_0002_0007.uasset" 10632
"../../../Engine/Content/EngineMaterials/Substrate/Glints2/dict_0002_0006.uasset" 10633
"/Engine/EngineMaterials/Substrate/Glints2/dict_0002_0016" 10634
"/Engine/EngineMaterials/Substrate/Glints2/dict_0002_0011" 10635
"/Engine/EngineMaterials/Substrate/Glints2/dict_0002_0020" 10636
"/Engine/EngineMaterials/Substrate/Glints2/dict_0002_0021" 10637
"/Engine/EngineMaterials/Substrate/Glints2/dict_0002_0015" 10638
"/Engine/EngineMaterials/Substrate/Glints2/dict_0002_0017" 10639
"/Engine/EngineMaterials/Substrate/Glints2/dict_0002_0018" 10640
"/Engine/EngineMaterials/Substrate/Glints2/dict_0002_0012" 10641
"/Engine/EngineMaterials/Substrate/Glints2/dict_0002_0013" 10642
"/Engine/EngineMaterials/Substrate/Glints2/dict_0002_0014" 10643
"../../../Engine/Content/EngineMaterials/Substrate/Glints2/dict_0002_0004.uasset" 10644
"../../../Engine/Content/EngineMaterials/Substrate/Glints2/dict_0002_0005.uasset" 10645
"../../../Engine/Content/EngineMaterials/Substrate/Glints2/dict_0002_0003.uasset" 10646
"../../../Engine/Content/EngineMaterials/Substrate/Glints2/dict_0001_0253.uasset" 10647
"../../../Engine/Content/EngineMaterials/Substrate/Glints2/dict_0001_0252.uasset" 10648
"../../../Engine/Content/EngineMaterials/Substrate/Glints2/dict_0002_0002.uasset" 10649
"../../../Engine/Content/EngineMaterials/Substrate/Glints2/dict_0001_0250.uasset" 10650
"../../../Engine/Content/EngineMaterials/Substrate/Glints2/dict_0001_0251.uasset" 10651
"../../../Engine/Content/EngineMaterials/Substrate/Glints2/dict_0001_0249.uasset" 10652
"/Engine/EngineMaterials/Substrate/Glints2/dict_0002_0006" 10653
"/Engine/EngineMaterials/Substrate/Glints2/dict_0002_0007" 10654
"/Engine/EngineMaterials/Substrate/Glints2/dict_0002_0019" 10655
"/Engine/EngineMaterials/Substrate/Glints2/dict_0002_0008" 10656
"/Engine/EngineMaterials/Substrate/Glints2/dict_0002_0009" 10657
"../../../Engine/Content/EngineMaterials/Substrate/Glints2/dict_0002_0001.uasset" 10658
"../../../Engine/Content/EngineMaterials/Substrate/Glints2/dict_0001_0255.uasset" 10659
"../../../Engine/Content/EngineMaterials/Substrate/Glints2/dict_0002_0000.uasset" 10660
"../../../Engine/Content/EngineMaterials/Substrate/Glints2/dict_0001_0248.uasset" 10661
"/Engine/EngineMaterials/Substrate/Glints2/dict_0002_0002" 10662
"/Engine/EngineMaterials/Substrate/Glints2/dict_0002_0003" 10663
"../../../Engine/Content/EngineMaterials/Substrate/Glints2/dict_0001_0247.uasset" 10664
"../../../Engine/Content/EngineMaterials/Substrate/Glints2/dict_0001_0246.uasset" 10665
"../../../Engine/Content/EngineMaterials/Substrate/Glints2/dict_0001_0254.uasset" 10666
"../../../Engine/Content/EngineMaterials/Substrate/Glints2/dict_0001_0240.uasset" 10667
"../../../Engine/Content/EngineMaterials/Substrate/Glints2/dict_0001_0244.uasset" 10668
"../../../Engine/Content/EngineMaterials/Substrate/Glints2/dict_0001_0236.uasset" 10669
"../../../Engine/Content/EngineMaterials/Substrate/Glints2/dict_0001_0243.uasset" 10670
"../../../Engine/Content/EngineMaterials/Substrate/Glints2/dict_0001_0235.uasset" 10671
"../../../Engine/Content/EngineMaterials/Substrate/Glints2/dict_0001_0245.uasset" 10672
"../../../Engine/Content/EngineMaterials/Substrate/Glints2/dict_0001_0238.uasset" 10673
"../../../Engine/Content/EngineMaterials/Substrate/Glints2/dict_0001_0234.uasset" 10674
"../../../Engine/Content/EngineMaterials/Substrate/Glints2/dict_0001_0233.uasset" 10675
"../../../Engine/Content/EngineMaterials/Substrate/Glints2/dict_0001_0242.uasset" 10676
"../../../Engine/Content/EngineMaterials/Substrate/Glints2/dict_0001_0232.uasset" 10677
"../../../Engine/Content/EngineMaterials/Substrate/Glints2/dict_0001_0231.uasset" 10678
"../../../Engine/Content/EngineMaterials/Substrate/Glints2/dict_0001_0230.uasset" 10679
"../../../Engine/Content/EngineMaterials/Substrate/Glints2/dict_0001_0241.uasset" 10680
"../../../Engine/Content/EngineMaterials/Substrate/Glints2/dict_0001_0239.uasset" 10681
"../../../Engine/Content/EngineMaterials/Substrate/Glints2/dict_0001_0237.uasset" 10682
"../../../Engine/Content/EngineMaterials/Substrate/Glints2/dict_0001_0228.uasset" 10683
"../../../Engine/Content/EngineMaterials/Substrate/Glints2/dict_0001_0229.uasset" 10684
"/Engine/EngineMaterials/Substrate/Glints2/dict_0001_0238" 10685
"/Engine/EngineMaterials/Substrate/Glints2/dict_0001_0246" 10686
"/Engine/EngineMaterials/Substrate/Glints2/dict_0001_0247" 10687
"/Engine/EngineMaterials/Substrate/Glints2/dict_0001_0248" 10688
"/Engine/EngineMaterials/Substrate/Glints2/dict_0001_0249" 10689
"/Engine/EngineMaterials/Substrate/Glints2/dict_0001_0250" 10690
"/Engine/EngineMaterials/Substrate/Glints2/dict_0001_0251" 10691
"/Engine/EngineMaterials/Substrate/Glints2/dict_0001_0252" 10692
"/Engine/EngineMaterials/Substrate/Glints2/dict_0001_0253" 10693
"/Engine/EngineMaterials/Substrate/Glints2/dict_0001_0254" 10694
"/Engine/EngineMaterials/Substrate/Glints2/dict_0001_0255" 10695
"/Engine/EngineMaterials/Substrate/Glints2/dict_0002_0000" 10696
"/Engine/EngineMaterials/Substrate/Glints2/dict_0002_0001" 10697
"/Engine/EngineMaterials/Substrate/Glints2/dict_0001_0239" 10698
"/Engine/EngineMaterials/Substrate/Glints2/dict_0002_0004" 10699
"/Engine/EngineMaterials/Substrate/Glints2/dict_0001_0242" 10700
"/Engine/EngineMaterials/Substrate/Glints2/dict_0001_0240" 10701
"/Engine/EngineMaterials/Substrate/Glints2/dict_0002_0005" 10702
"/Engine/EngineMaterials/Substrate/Glints2/dict_0001_0230" 10703
"/Engine/EngineMaterials/Substrate/Glints2/dict_0001_0241" 10704
"/Engine/EngineMaterials/Substrate/Glints2/dict_0001_0231" 10705
"/Engine/EngineMaterials/Substrate/Glints2/dict_0001_0232" 10706
"/Engine/EngineMaterials/Substrate/Glints2/dict_0001_0233" 10707
"/Engine/EngineMaterials/Substrate/Glints2/dict_0001_0234" 10708
"/Engine/EngineMaterials/Substrate/Glints2/dict_0001_0245" 10709
"/Engine/EngineMaterials/Substrate/Glints2/dict_0001_0243" 10710
"/Engine/EngineMaterials/Substrate/Glints2/dict_0001_0235" 10711
"/Engine/EngineMaterials/Substrate/Glints2/dict_0001_0236" 10712
"/Engine/EngineMaterials/Substrate/Glints2/dict_0001_0244" 10713
"/Engine/EngineMaterials/Substrate/Glints2/dict_0001_0237" 10714
"../../../Engine/Content/EngineMaterials/Substrate/Glints2/dict_0001_0227.uasset" 10715
"../../../Engine/Content/EngineMaterials/Substrate/Glints2/dict_0001_0225.uasset" 10716
"../../../Engine/Content/EngineMaterials/Substrate/Glints2/dict_0001_0222.uasset" 10717
"../../../Engine/Content/EngineMaterials/Substrate/Glints2/dict_0001_0221.uasset" 10718
"../../../Engine/Content/EngineMaterials/Substrate/Glints2/dict_0001_0226.uasset" 10719
"../../../Engine/Content/EngineMaterials/Substrate/Glints2/dict_0001_0220.uasset" 10720
"/Engine/EngineMaterials/Substrate/Glints2/dict_0001_0229" 10721
"../../../Engine/Content/EngineMaterials/Substrate/Glints2/dict_0001_0224.uasset" 10722
"../../../Engine/Content/EngineMaterials/Substrate/Glints2/dict_0001_0223.uasset" 10723
"/Engine/EngineMaterials/Substrate/Glints2/dict_0001_0228" 10724
"../../../Engine/Content/EngineMaterials/Substrate/Glints2/dict_0001_0219.uasset" 10725
"../../../Engine/Content/EngineMaterials/Substrate/Glints2/dict_0001_0218.uasset" 10726
"../../../Engine/Content/EngineMaterials/Substrate/Glints2/dict_0001_0217.uasset" 10727
"../../../Engine/Content/EngineMaterials/Substrate/Glints2/dict_0001_0216.uasset" 10728
"../../../Engine/Content/EngineMaterials/Substrate/Glints2/dict_0001_0215.uasset" 10729
"../../../Engine/Content/EngineMaterials/Substrate/Glints2/dict_0001_0214.uasset" 10730
"/Engine/EngineMaterials/Substrate/Glints2/dict_0001_0219" 10731
"/Engine/EngineMaterials/Substrate/Glints2/dict_0001_0220" 10732
"../../../Engine/Content/EngineMaterials/Substrate/Glints2/dict_0001_0206.uasset" 10733
"../../../Engine/Content/EngineMaterials/Substrate/Glints2/dict_0001_0212.uasset" 10734
"../../../Engine/Content/EngineMaterials/Substrate/Glints2/dict_0001_0210.uasset" 10735
"../../../Engine/Content/EngineMaterials/Substrate/Glints2/dict_0001_0213.uasset" 10736
"../../../Engine/Content/EngineMaterials/Substrate/Glints2/dict_0001_0204.uasset" 10737
"../../../Engine/Content/EngineMaterials/Substrate/Glints2/dict_0001_0209.uasset" 10738
"/Engine/EngineMaterials/Substrate/Glints2/dict_0001_0221" 10739
"../../../Engine/Content/EngineMaterials/Substrate/Glints2/dict_0001_0203.uasset" 10740
"../../../Engine/Content/EngineMaterials/Substrate/Glints2/dict_0001_0207.uasset" 10741
"../../../Engine/Content/EngineMaterials/Substrate/Glints2/dict_0001_0202.uasset" 10742
"../../../Engine/Content/EngineMaterials/Substrate/Glints2/dict_0001_0201.uasset" 10743
"../../../Engine/Content/EngineMaterials/Substrate/Glints2/dict_0001_0208.uasset" 10744
"../../../Engine/Content/EngineMaterials/Substrate/Glints2/dict_0001_0211.uasset" 10745
"/Engine/EngineMaterials/Substrate/Glints2/dict_0001_0222" 10746
"../../../Engine/Content/EngineMaterials/Substrate/Glints2/dict_0001_0200.uasset" 10747
"/Engine/EngineMaterials/Substrate/Glints2/dict_0001_0223" 10748
"/Engine/EngineMaterials/Substrate/Glints2/dict_0001_0224" 10749
"/Engine/EngineMaterials/Substrate/Glints2/dict_0001_0225" 10750
"../../../Engine/Content/EngineMaterials/Substrate/Glints2/dict_0001_0199.uasset" 10751
"/Engine/EngineMaterials/Substrate/Glints2/dict_0001_0226" 10752
"/Engine/EngineMaterials/Substrate/Glints2/dict_0001_0227" 10753
"/Engine/EngineMaterials/Substrate/Glints2/dict_0001_0212" 10754
"../../../Engine/Content/EngineMaterials/Substrate/Glints2/dict_0001_0205.uasset" 10755
"../../../Engine/Content/EngineMaterials/Substrate/Glints2/dict_0001_0198.uasset" 10756
"/Engine/EngineMaterials/Substrate/Glints2/dict_0001_0214" 10757
"/Engine/EngineMaterials/Substrate/Glints2/dict_0001_0215" 10758
"/Engine/EngineMaterials/Substrate/Glints2/dict_0001_0216" 10759
"/Engine/EngineMaterials/Substrate/Glints2/dict_0001_0217" 10760
"/Engine/EngineMaterials/Substrate/Glints2/dict_0001_0218" 10761
"/Engine/EngineMaterials/Substrate/Glints2/dict_0001_0200" 10762
"/Engine/EngineMaterials/Substrate/Glints2/dict_0001_0203" 10763
"/Engine/EngineMaterials/Substrate/Glints2/dict_0001_0206" 10764
"/Engine/EngineMaterials/Substrate/Glints2/dict_0001_0208" 10765
"/Engine/EngineMaterials/Substrate/Glints2/dict_0001_0210" 10766
"/Engine/EngineMaterials/Substrate/Glints2/dict_0001_0213" 10767
"/Engine/EngineMaterials/Substrate/Glints2/dict_0001_0209" 10768
"/Engine/EngineMaterials/Substrate/Glints2/dict_0001_0202" 10769
"/Engine/EngineMaterials/Substrate/Glints2/dict_0001_0204" 10770
"/Engine/EngineMaterials/Substrate/Glints2/dict_0001_0207" 10771
"/Engine/EngineMaterials/Substrate/Glints2/dict_0001_0199" 10772
"/Engine/EngineMaterials/Substrate/Glints2/dict_0001_0201" 10773
"../../../Engine/Content/EngineMaterials/Substrate/Glints2/dict_0001_0197.uasset" 10774
"../../../Engine/Content/EngineMaterials/Substrate/Glints2/dict_0001_0195.uasset" 10775
"../../../Engine/Content/EngineMaterials/Substrate/Glints2/dict_0001_0194.uasset" 10776
"../../../Engine/Content/EngineMaterials/Substrate/Glints2/dict_0001_0196.uasset" 10777
"/Engine/EngineMaterials/Substrate/Glints2/dict_0001_0211" 10778
"/Engine/EngineMaterials/Substrate/Glints2/dict_0001_0205" 10779
"../../../Engine/Content/EngineMaterials/Substrate/Glints2/dict_0001_0184.uasset" 10780
"/Engine/EngineMaterials/Substrate/Glints2/dict_0001_0198" 10781
"../../../Engine/Content/EngineMaterials/Substrate/Glints2/dict_0001_0183.uasset" 10782
"../../../Engine/Content/EngineMaterials/Substrate/Glints2/dict_0001_0193.uasset" 10783
"../../../Engine/Content/EngineMaterials/Substrate/Glints2/dict_0001_0191.uasset" 10784
"../../../Engine/Content/EngineMaterials/Substrate/Glints2/dict_0001_0192.uasset" 10785
"../../../Engine/Content/EngineMaterials/Substrate/Glints2/dict_0001_0190.uasset" 10786
"../../../Engine/Content/EngineMaterials/Substrate/Glints2/dict_0001_0189.uasset" 10787
"../../../Engine/Content/EngineMaterials/Substrate/Glints2/dict_0001_0188.uasset" 10788
"../../../Engine/Content/EngineMaterials/Substrate/Glints2/dict_0001_0187.uasset" 10789
"../../../Engine/Content/EngineMaterials/Substrate/Glints2/dict_0001_0186.uasset" 10790
"../../../Engine/Content/EngineMaterials/Substrate/Glints2/dict_0001_0185.uasset" 10791
"../../../Engine/Content/EngineMaterials/Substrate/Glints2/dict_0001_0182.uasset" 10792
"../../../Engine/Content/EngineMaterials/Substrate/Glints2/dict_0001_0181.uasset" 10793
"../../../Engine/Content/EngineMaterials/Substrate/Glints2/dict_0001_0168.uasset" 10794
"../../../Engine/Content/EngineMaterials/Substrate/Glints2/dict_0001_0180.uasset" 10795
"../../../Engine/Content/EngineMaterials/Substrate/Glints2/dict_0001_0179.uasset" 10796
"../../../Engine/Content/EngineMaterials/Substrate/Glints2/dict_0001_0178.uasset" 10797
"../../../Engine/Content/EngineMaterials/Substrate/Glints2/dict_0001_0176.uasset" 10798
"../../../Engine/Content/EngineMaterials/Substrate/Glints2/dict_0001_0177.uasset" 10799
"../../../Engine/Content/EngineMaterials/Substrate/Glints2/dict_0001_0175.uasset" 10800
"../../../Engine/Content/EngineMaterials/Substrate/Glints2/dict_0001_0167.uasset" 10801
"../../../Engine/Content/EngineMaterials/Substrate/Glints2/dict_0001_0174.uasset" 10802
"../../../Engine/Content/EngineMaterials/Substrate/Glints2/dict_0001_0173.uasset" 10803
"../../../Engine/Content/EngineMaterials/Substrate/Glints2/dict_0001_0172.uasset" 10804
"../../../Engine/Content/EngineMaterials/Substrate/Glints2/dict_0001_0166.uasset" 10805
"../../../Engine/Content/EngineMaterials/Substrate/Glints2/dict_0001_0171.uasset" 10806
"../../../Engine/Content/EngineMaterials/Substrate/Glints2/dict_0001_0170.uasset" 10807
"../../../Engine/Content/EngineMaterials/Substrate/Glints2/dict_0001_0169.uasset" 10808
"/Engine/EngineMaterials/Substrate/Glints2/dict_0001_0166" 10809
"/Engine/EngineMaterials/Substrate/Glints2/dict_0001_0168" 10810
"/Engine/EngineMaterials/Substrate/Glints2/dict_0001_0175" 10811
"/Engine/EngineMaterials/Substrate/Glints2/dict_0001_0169" 10812
"/Engine/EngineMaterials/Substrate/Glints2/dict_0001_0171" 10813
"/Engine/EngineMaterials/Substrate/Glints2/dict_0001_0176" 10814
"/Engine/EngineMaterials/Substrate/Glints2/dict_0001_0172" 10815
"/Engine/EngineMaterials/Substrate/Glints2/dict_0001_0167" 10816
"/Engine/EngineMaterials/Substrate/Glints2/dict_0001_0177" 10817
"/Engine/EngineMaterials/Substrate/Glints2/dict_0001_0173" 10818
"/Engine/EngineMaterials/Substrate/Glints2/dict_0001_0178" 10819
"/Engine/EngineMaterials/Substrate/Glints2/dict_0001_0174" 10820
"/Engine/EngineMaterials/Substrate/Glints2/dict_0001_0179" 10821
"/Engine/EngineMaterials/Substrate/Glints2/dict_0001_0196" 10822
"/Engine/EngineMaterials/Substrate/Glints2/dict_0001_0197" 10823
"/Engine/EngineMaterials/Substrate/Glints2/dict_0001_0170" 10824
"/Engine/EngineMaterials/Substrate/Glints2/dict_0001_0181" 10825
"/Engine/EngineMaterials/Substrate/Glints2/dict_0001_0180" 10826
"/Engine/EngineMaterials/Substrate/Glints2/dict_0001_0182" 10827
"/Engine/EngineMaterials/Substrate/Glints2/dict_0001_0183" 10828
"/Engine/EngineMaterials/Substrate/Glints2/dict_0001_0184" 10829
"/Engine/EngineMaterials/Substrate/Glints2/dict_0001_0185" 10830
"/Engine/EngineMaterials/Substrate/Glints2/dict_0001_0186" 10831
"/Engine/EngineMaterials/Substrate/Glints2/dict_0001_0187" 10832
"/Engine/EngineMaterials/Substrate/Glints2/dict_0001_0188" 10833
"/Engine/EngineMaterials/Substrate/Glints2/dict_0001_0189" 10834
"/Engine/EngineMaterials/Substrate/Glints2/dict_0001_0190" 10835
"/Engine/EngineMaterials/Substrate/Glints2/dict_0001_0191" 10836
"/Engine/EngineMaterials/Substrate/Glints2/dict_0001_0192" 10837
"/Engine/EngineMaterials/Substrate/Glints2/dict_0001_0193" 10838
"/Engine/EngineMaterials/Substrate/Glints2/dict_0001_0194" 10839
"/Engine/EngineMaterials/Substrate/Glints2/dict_0001_0195" 10840
"../../../Engine/Content/EngineMaterials/Substrate/Glints2/dict_0001_0163.uasset" 10841
"../../../Engine/Content/EngineMaterials/Substrate/Glints2/dict_0001_0161.uasset" 10842
"../../../Engine/Content/EngineMaterials/Substrate/Glints2/dict_0001_0158.uasset" 10843
"../../../Engine/Content/EngineMaterials/Substrate/Glints2/dict_0001_0159.uasset" 10844
"../../../Engine/Content/EngineMaterials/Substrate/Glints2/dict_0001_0165.uasset" 10845
"../../../Engine/Content/EngineMaterials/Substrate/Glints2/dict_0001_0160.uasset" 10846
"../../../Engine/Content/EngineMaterials/Substrate/Glints2/dict_0001_0164.uasset" 10847
"../../../Engine/Content/EngineMaterials/Substrate/Glints2/dict_0001_0162.uasset" 10848
"../../../Engine/Content/EngineMaterials/Substrate/Glints2/dict_0001_0151.uasset" 10849
"../../../Engine/Content/EngineMaterials/Substrate/Glints2/dict_0001_0157.uasset" 10850
"../../../Engine/Content/EngineMaterials/Substrate/Glints2/dict_0001_0155.uasset" 10851
"../../../Engine/Content/EngineMaterials/Substrate/Glints2/dict_0001_0154.uasset" 10852
"../../../Engine/Content/EngineMaterials/Substrate/Glints2/dict_0001_0153.uasset" 10853
"../../../Engine/Content/EngineMaterials/Substrate/Glints2/dict_0001_0156.uasset" 10854
"../../../Engine/Content/EngineMaterials/Substrate/Glints2/dict_0001_0150.uasset" 10855
"../../../Engine/Content/EngineMaterials/Substrate/Glints2/dict_0001_0152.uasset" 10856
"../../../Engine/Content/EngineMaterials/Substrate/Glints2/dict_0001_0140.uasset" 10857
"../../../Engine/Content/EngineMaterials/Substrate/Glints2/dict_0001_0149.uasset" 10858
"../../../Engine/Content/EngineMaterials/Substrate/Glints2/dict_0001_0147.uasset" 10859
"../../../Engine/Content/EngineMaterials/Substrate/Glints2/dict_0001_0148.uasset" 10860
"../../../Engine/Content/EngineMaterials/Substrate/Glints2/dict_0001_0146.uasset" 10861
"../../../Engine/Content/EngineMaterials/Substrate/Glints2/dict_0001_0145.uasset" 10862
"../../../Engine/Content/EngineMaterials/Substrate/Glints2/dict_0001_0144.uasset" 10863
"../../../Engine/Content/EngineMaterials/Substrate/Glints2/dict_0001_0139.uasset" 10864
"../../../Engine/Content/EngineMaterials/Substrate/Glints2/dict_0001_0143.uasset" 10865
"../../../Engine/Content/EngineMaterials/Substrate/Glints2/dict_0001_0142.uasset" 10866
"../../../Engine/Content/EngineMaterials/Substrate/Glints2/dict_0001_0138.uasset" 10867
"../../../Engine/Content/EngineMaterials/Substrate/Glints2/dict_0001_0137.uasset" 10868
"../../../Engine/Content/EngineMaterials/Substrate/Glints2/dict_0001_0136.uasset" 10869
"../../../Engine/Content/EngineMaterials/Substrate/Glints2/dict_0001_0141.uasset" 10870
"../../../Engine/Content/EngineMaterials/Substrate/Glints2/dict_0001_0135.uasset" 10871
"../../../Engine/Content/EngineMaterials/Substrate/Glints2/dict_0001_0134.uasset" 10872
"/Engine/EngineMaterials/Substrate/Glints2/dict_0001_0134" 10873
"/Engine/EngineMaterials/Substrate/Glints2/dict_0001_0135" 10874
"/Engine/EngineMaterials/Substrate/Glints2/dict_0001_0136" 10875
"/Engine/EngineMaterials/Substrate/Glints2/dict_0001_0137" 10876
"/Engine/EngineMaterials/Substrate/Glints2/dict_0001_0138" 10877
"/Engine/EngineMaterials/Substrate/Glints2/dict_0001_0139" 10878
"/Engine/EngineMaterials/Substrate/Glints2/dict_0001_0140" 10879
"/Engine/EngineMaterials/Substrate/Glints2/dict_0001_0141" 10880
"/Engine/EngineMaterials/Substrate/Glints2/dict_0001_0142" 10881
"/Engine/EngineMaterials/Substrate/Glints2/dict_0001_0143" 10882
"/Engine/EngineMaterials/Substrate/Glints2/dict_0001_0144" 10883
"/Engine/EngineMaterials/Substrate/Glints2/dict_0001_0145" 10884
"/Engine/EngineMaterials/Substrate/Glints2/dict_0001_0146" 10885
"/Engine/EngineMaterials/Substrate/Glints2/dict_0001_0147" 10886
"/Engine/EngineMaterials/Substrate/Glints2/dict_0001_0148" 10887
"/Engine/EngineMaterials/Substrate/Glints2/dict_0001_0149" 10888
"/Engine/EngineMaterials/Substrate/Glints2/dict_0001_0150" 10889
"/Engine/EngineMaterials/Substrate/Glints2/dict_0001_0151" 10890
"/Engine/EngineMaterials/Substrate/Glints2/dict_0001_0152" 10891
"/Engine/EngineMaterials/Substrate/Glints2/dict_0001_0153" 10892
"/Engine/EngineMaterials/Substrate/Glints2/dict_0001_0154" 10893
"/Engine/EngineMaterials/Substrate/Glints2/dict_0001_0155" 10894
"/Engine/EngineMaterials/Substrate/Glints2/dict_0001_0156" 10895
"/Engine/EngineMaterials/Substrate/Glints2/dict_0001_0157" 10896
"/Engine/EngineMaterials/Substrate/Glints2/dict_0001_0158" 10897
"/Engine/EngineMaterials/Substrate/Glints2/dict_0001_0159" 10898
"/Engine/EngineMaterials/Substrate/Glints2/dict_0001_0160" 10899
"/Engine/EngineMaterials/Substrate/Glints2/dict_0001_0161" 10900
"/Engine/EngineMaterials/Substrate/Glints2/dict_0001_0162" 10901
"/Engine/EngineMaterials/Substrate/Glints2/dict_0001_0163" 10902
"/Engine/EngineMaterials/Substrate/Glints2/dict_0001_0164" 10903
"/Engine/EngineMaterials/Substrate/Glints2/dict_0001_0165" 10904
"../../../Engine/Content/EngineMaterials/Substrate/Glints2/dict_0001_0133.uasset" 10905
"../../../Engine/Content/EngineMaterials/Substrate/Glints2/dict_0001_0132.uasset" 10906
"../../../Engine/Content/EngineMaterials/Substrate/Glints2/dict_0001_0130.uasset" 10907
"../../../Engine/Content/EngineMaterials/Substrate/Glints2/dict_0001_0124.uasset" 10908
"../../../Engine/Content/EngineMaterials/Substrate/Glints2/dict_0001_0126.uasset" 10909
"../../../Engine/Content/EngineMaterials/Substrate/Glints2/dict_0001_0128.uasset" 10910
"../../../Engine/Content/EngineMaterials/Substrate/Glints2/dict_0001_0129.uasset" 10911
"../../../Engine/Content/EngineMaterials/Substrate/Glints2/dict_0001_0123.uasset" 10912
"../../../Engine/Content/EngineMaterials/Substrate/Glints2/dict_0001_0131.uasset" 10913
"../../../Engine/Content/EngineMaterials/Substrate/Glints2/dict_0001_0127.uasset" 10914
"../../../Engine/Content/EngineMaterials/Substrate/Glints2/dict_0001_0122.uasset" 10915
"../../../Engine/Content/EngineMaterials/Substrate/Glints2/dict_0001_0121.uasset" 10916
"../../../Engine/Content/EngineMaterials/Substrate/Glints2/dict_0001_0125.uasset" 10917
"../../../Engine/Content/EngineMaterials/Substrate/Glints2/dict_0001_0120.uasset" 10918
"../../../Engine/Content/EngineMaterials/Substrate/Glints2/dict_0001_0119.uasset" 10919
"../../../Engine/Content/EngineMaterials/Substrate/Glints2/dict_0001_0118.uasset" 10920
"../../../Engine/Content/EngineMaterials/Substrate/Glints2/dict_0001_0117.uasset" 10921
"../../../Engine/Content/EngineMaterials/Substrate/Glints2/dict_0001_0111.uasset" 10922
"../../../Engine/Content/EngineMaterials/Substrate/Glints2/dict_0001_0110.uasset" 10923
"../../../Engine/Content/EngineMaterials/Substrate/Glints2/dict_0001_0109.uasset" 10924
"../../../Engine/Content/EngineMaterials/Substrate/Glints2/dict_0001_0116.uasset" 10925
"../../../Engine/Content/EngineMaterials/Substrate/Glints2/dict_0001_0115.uasset" 10926
"../../../Engine/Content/EngineMaterials/Substrate/Glints2/dict_0001_0108.uasset" 10927
"../../../Engine/Content/EngineMaterials/Substrate/Glints2/dict_0001_0114.uasset" 10928
"../../../Engine/Content/EngineMaterials/Substrate/Glints2/dict_0001_0107.uasset" 10929
"../../../Engine/Content/EngineMaterials/Substrate/Glints2/dict_0001_0113.uasset" 10930
"../../../Engine/Content/EngineMaterials/Substrate/Glints2/dict_0001_0106.uasset" 10931
"../../../Engine/Content/EngineMaterials/Substrate/Glints2/dict_0001_0104.uasset" 10932
"../../../Engine/Content/EngineMaterials/Substrate/Glints2/dict_0001_0112.uasset" 10933
"../../../Engine/Content/EngineMaterials/Substrate/Glints2/dict_0001_0105.uasset" 10934
"../../../Engine/Content/EngineMaterials/Substrate/Glints2/dict_0001_0103.uasset" 10935
"../../../Engine/Content/EngineMaterials/Substrate/Glints2/dict_0001_0102.uasset" 10936
"/Engine/EngineMaterials/Substrate/Glints2/dict_0001_0102" 10937
"/Engine/EngineMaterials/Substrate/Glints2/dict_0001_0103" 10938
"/Engine/EngineMaterials/Substrate/Glints2/dict_0001_0104" 10939
"/Engine/EngineMaterials/Substrate/Glints2/dict_0001_0105" 10940
"/Engine/EngineMaterials/Substrate/Glints2/dict_0001_0106" 10941
"/Engine/EngineMaterials/Substrate/Glints2/dict_0001_0107" 10942
"/Engine/EngineMaterials/Substrate/Glints2/dict_0001_0108" 10943
"/Engine/EngineMaterials/Substrate/Glints2/dict_0001_0109" 10944
"/Engine/EngineMaterials/Substrate/Glints2/dict_0001_0110" 10945
"/Engine/EngineMaterials/Substrate/Glints2/dict_0001_0111" 10946
"/Engine/EngineMaterials/Substrate/Glints2/dict_0001_0112" 10947
"/Engine/EngineMaterials/Substrate/Glints2/dict_0001_0113" 10948
"/Engine/EngineMaterials/Substrate/Glints2/dict_0001_0114" 10949
"/Engine/EngineMaterials/Substrate/Glints2/dict_0001_0115" 10950
"/Engine/EngineMaterials/Substrate/Glints2/dict_0001_0116" 10951
"/Engine/EngineMaterials/Substrate/Glints2/dict_0001_0117" 10952
"/Engine/EngineMaterials/Substrate/Glints2/dict_0001_0118" 10953
"/Engine/EngineMaterials/Substrate/Glints2/dict_0001_0119" 10954
"/Engine/EngineMaterials/Substrate/Glints2/dict_0001_0120" 10955
"/Engine/EngineMaterials/Substrate/Glints2/dict_0001_0121" 10956
"/Engine/EngineMaterials/Substrate/Glints2/dict_0001_0122" 10957
"/Engine/EngineMaterials/Substrate/Glints2/dict_0001_0123" 10958
"/Engine/EngineMaterials/Substrate/Glints2/dict_0001_0124" 10959
"/Engine/EngineMaterials/Substrate/Glints2/dict_0001_0125" 10960
"/Engine/EngineMaterials/Substrate/Glints2/dict_0001_0126" 10961
"/Engine/EngineMaterials/Substrate/Glints2/dict_0001_0127" 10962
"/Engine/EngineMaterials/Substrate/Glints2/dict_0001_0128" 10963
"/Engine/EngineMaterials/Substrate/Glints2/dict_0001_0129" 10964
"/Engine/EngineMaterials/Substrate/Glints2/dict_0001_0130" 10965
"/Engine/EngineMaterials/Substrate/Glints2/dict_0001_0131" 10966
"/Engine/EngineMaterials/Substrate/Glints2/dict_0001_0132" 10967
"/Engine/EngineMaterials/Substrate/Glints2/dict_0001_0133" 10968
"../../../Engine/Content/EngineMaterials/Substrate/Glints2/dict_0001_0093.uasset" 10969
"../../../Engine/Content/EngineMaterials/Substrate/Glints2/dict_0001_0100.uasset" 10970
"../../../Engine/Content/EngineMaterials/Substrate/Glints2/dict_0001_0099.uasset" 10971
"../../../Engine/Content/EngineMaterials/Substrate/Glints2/dict_0001_0095.uasset" 10972
"../../../Engine/Content/EngineMaterials/Substrate/Glints2/dict_0001_0098.uasset" 10973
"../../../Engine/Content/EngineMaterials/Substrate/Glints2/dict_0001_0101.uasset" 10974
"../../../Engine/Content/EngineMaterials/Substrate/Glints2/dict_0001_0097.uasset" 10975
"../../../Engine/Content/EngineMaterials/Substrate/Glints2/dict_0001_0087.uasset" 10976
"../../../Engine/Content/EngineMaterials/Substrate/Glints2/dict_0001_0086.uasset" 10977
"../../../Engine/Content/EngineMaterials/Substrate/Glints2/dict_0001_0094.uasset" 10978
"../../../Engine/Content/EngineMaterials/Substrate/Glints2/dict_0001_0092.uasset" 10979
"../../../Engine/Content/EngineMaterials/Substrate/Glints2/dict_0001_0089.uasset" 10980
"../../../Engine/Content/EngineMaterials/Substrate/Glints2/dict_0001_0096.uasset" 10981
"../../../Engine/Content/EngineMaterials/Substrate/Glints2/dict_0001_0091.uasset" 10982
"../../../Engine/Content/EngineMaterials/Substrate/Glints2/dict_0001_0090.uasset" 10983
"../../../Engine/Content/EngineMaterials/Substrate/Glints2/dict_0001_0088.uasset" 10984
"../../../Engine/Content/EngineMaterials/Substrate/Glints2/dict_0001_0080.uasset" 10985
"../../../Engine/Content/EngineMaterials/Substrate/Glints2/dict_0001_0079.uasset" 10986
"../../../Engine/Content/EngineMaterials/Substrate/Glints2/dict_0001_0078.uasset" 10987
"../../../Engine/Content/EngineMaterials/Substrate/Glints2/dict_0001_0077.uasset" 10988
"../../../Engine/Content/EngineMaterials/Substrate/Glints2/dict_0001_0085.uasset" 10989
"../../../Engine/Content/EngineMaterials/Substrate/Glints2/dict_0001_0084.uasset" 10990
"../../../Engine/Content/EngineMaterials/Substrate/Glints2/dict_0001_0083.uasset" 10991
"../../../Engine/Content/EngineMaterials/Substrate/Glints2/dict_0001_0076.uasset" 10992
"../../../Engine/Content/EngineMaterials/Substrate/Glints2/dict_0001_0082.uasset" 10993
"../../../Engine/Content/EngineMaterials/Substrate/Glints2/dict_0001_0075.uasset" 10994
"../../../Engine/Content/EngineMaterials/Substrate/Glints2/dict_0001_0074.uasset" 10995
"../../../Engine/Content/EngineMaterials/Substrate/Glints2/dict_0001_0072.uasset" 10996
"../../../Engine/Content/EngineMaterials/Substrate/Glints2/dict_0001_0073.uasset" 10997
"../../../Engine/Content/EngineMaterials/Substrate/Glints2/dict_0001_0081.uasset" 10998
"../../../Engine/Content/EngineMaterials/Substrate/Glints2/dict_0001_0070.uasset" 10999
"../../../Engine/Content/EngineMaterials/Substrate/Glints2/dict_0001_0071.uasset" 11000
"/Engine/EngineMaterials/Substrate/Glints2/dict_0001_0070" 11001
"/Engine/EngineMaterials/Substrate/Glints2/dict_0001_0071" 11002
"/Engine/EngineMaterials/Substrate/Glints2/dict_0001_0072" 11003
"/Engine/EngineMaterials/Substrate/Glints2/dict_0001_0073" 11004
"/Engine/EngineMaterials/Substrate/Glints2/dict_0001_0074" 11005
"/Engine/EngineMaterials/Substrate/Glints2/dict_0001_0075" 11006
"/Engine/EngineMaterials/Substrate/Glints2/dict_0001_0076" 11007
"/Engine/EngineMaterials/Substrate/Glints2/dict_0001_0077" 11008
"/Engine/EngineMaterials/Substrate/Glints2/dict_0001_0078" 11009
"/Engine/EngineMaterials/Substrate/Glints2/dict_0001_0079" 11010
"/Engine/EngineMaterials/Substrate/Glints2/dict_0001_0080" 11011
"/Engine/EngineMaterials/Substrate/Glints2/dict_0001_0081" 11012
"/Engine/EngineMaterials/Substrate/Glints2/dict_0001_0082" 11013
"/Engine/EngineMaterials/Substrate/Glints2/dict_0001_0083" 11014
"/Engine/EngineMaterials/Substrate/Glints2/dict_0001_0084" 11015
"/Engine/EngineMaterials/Substrate/Glints2/dict_0001_0085" 11016
"/Engine/EngineMaterials/Substrate/Glints2/dict_0001_0086" 11017
"/Engine/EngineMaterials/Substrate/Glints2/dict_0001_0087" 11018
"/Engine/EngineMaterials/Substrate/Glints2/dict_0001_0088" 11019
"/Engine/EngineMaterials/Substrate/Glints2/dict_0001_0089" 11020
"/Engine/EngineMaterials/Substrate/Glints2/dict_0001_0090" 11021
"/Engine/EngineMaterials/Substrate/Glints2/dict_0001_0091" 11022
"/Engine/EngineMaterials/Substrate/Glints2/dict_0001_0092" 11023
"/Engine/EngineMaterials/Substrate/Glints2/dict_0001_0093" 11024
"/Engine/EngineMaterials/Substrate/Glints2/dict_0001_0094" 11025
"/Engine/EngineMaterials/Substrate/Glints2/dict_0001_0095" 11026
"/Engine/EngineMaterials/Substrate/Glints2/dict_0001_0096" 11027
"/Engine/EngineMaterials/Substrate/Glints2/dict_0001_0097" 11028
"/Engine/EngineMaterials/Substrate/Glints2/dict_0001_0098" 11029
"/Engine/EngineMaterials/Substrate/Glints2/dict_0001_0099" 11030
"/Engine/EngineMaterials/Substrate/Glints2/dict_0001_0100" 11031
"/Engine/EngineMaterials/Substrate/Glints2/dict_0001_0101" 11032
"../../../Engine/Content/EngineMaterials/Substrate/Glints2/dict_0001_0066.uasset" 11033
"../../../Engine/Content/EngineMaterials/Substrate/Glints2/dict_0001_0063.uasset" 11034
"../../../Engine/Content/EngineMaterials/Substrate/Glints2/dict_0001_0060.uasset" 11035
"../../../Engine/Content/EngineMaterials/Substrate/Glints2/dict_0001_0069.uasset" 11036
"../../../Engine/Content/EngineMaterials/Substrate/Glints2/dict_0001_0064.uasset" 11037
"../../../Engine/Content/EngineMaterials/Substrate/Glints2/dict_0001_0065.uasset" 11038
"../../../Engine/Content/EngineMaterials/Substrate/Glints2/dict_0001_0061.uasset" 11039
"../../../Engine/Content/EngineMaterials/Substrate/Glints2/dict_0001_0062.uasset" 11040
"../../../Engine/Content/EngineMaterials/Substrate/Glints2/dict_0001_0068.uasset" 11041
"../../../Engine/Content/EngineMaterials/Substrate/Glints2/dict_0001_0067.uasset" 11042
"../../../Engine/Content/EngineMaterials/Substrate/Glints2/dict_0001_0055.uasset" 11043
"../../../Engine/Content/EngineMaterials/Substrate/Glints2/dict_0001_0059.uasset" 11044
"../../../Engine/Content/EngineMaterials/Substrate/Glints2/dict_0001_0056.uasset" 11045
"../../../Engine/Content/EngineMaterials/Substrate/Glints2/dict_0001_0057.uasset" 11046
"../../../Engine/Content/EngineMaterials/Substrate/Glints2/dict_0001_0054.uasset" 11047
"../../../Engine/Content/EngineMaterials/Substrate/Glints2/dict_0001_0058.uasset" 11048
"../../../Engine/Content/EngineMaterials/Substrate/Glints2/dict_0001_0053.uasset" 11049
"../../../Engine/Content/EngineMaterials/Substrate/Glints2/dict_0001_0050.uasset" 11050
"../../../Engine/Content/EngineMaterials/Substrate/Glints2/dict_0001_0052.uasset" 11051
"../../../Engine/Content/EngineMaterials/Substrate/Glints2/dict_0001_0048.uasset" 11052
"../../../Engine/Content/EngineMaterials/Substrate/Glints2/dict_0001_0049.uasset" 11053
"../../../Engine/Content/EngineMaterials/Substrate/Glints2/dict_0001_0047.uasset" 11054
"../../../Engine/Content/EngineMaterials/Substrate/Glints2/dict_0001_0051.uasset" 11055
"../../../Engine/Content/EngineMaterials/Substrate/Glints2/dict_0001_0046.uasset" 11056
"../../../Engine/Content/EngineMaterials/Substrate/Glints2/dict_0001_0045.uasset" 11057
"../../../Engine/Content/EngineMaterials/Substrate/Glints2/dict_0001_0044.uasset" 11058
"../../../Engine/Content/EngineMaterials/Substrate/Glints2/dict_0001_0043.uasset" 11059
"../../../Engine/Content/EngineMaterials/Substrate/Glints2/dict_0001_0042.uasset" 11060
"../../../Engine/Content/EngineMaterials/Substrate/Glints2/dict_0001_0041.uasset" 11061
"../../../Engine/Content/EngineMaterials/Substrate/Glints2/dict_0001_0040.uasset" 11062
"../../../Engine/Content/EngineMaterials/Substrate/Glints2/dict_0001_0039.uasset" 11063
"../../../Engine/Content/EngineMaterials/Substrate/Glints2/dict_0001_0038.uasset" 11064
"/Engine/EngineMaterials/Substrate/Glints2/dict_0001_0038" 11065
"/Engine/EngineMaterials/Substrate/Glints2/dict_0001_0039" 11066
"/Engine/EngineMaterials/Substrate/Glints2/dict_0001_0040" 11067
"/Engine/EngineMaterials/Substrate/Glints2/dict_0001_0041" 11068
"/Engine/EngineMaterials/Substrate/Glints2/dict_0001_0042" 11069
"/Engine/EngineMaterials/Substrate/Glints2/dict_0001_0043" 11070
"/Engine/EngineMaterials/Substrate/Glints2/dict_0001_0044" 11071
"/Engine/EngineMaterials/Substrate/Glints2/dict_0001_0045" 11072
"/Engine/EngineMaterials/Substrate/Glints2/dict_0001_0046" 11073
"/Engine/EngineMaterials/Substrate/Glints2/dict_0001_0047" 11074
"/Engine/EngineMaterials/Substrate/Glints2/dict_0001_0048" 11075
"/Engine/EngineMaterials/Substrate/Glints2/dict_0001_0049" 11076
"/Engine/EngineMaterials/Substrate/Glints2/dict_0001_0050" 11077
"/Engine/EngineMaterials/Substrate/Glints2/dict_0001_0051" 11078
"/Engine/EngineMaterials/Substrate/Glints2/dict_0001_0052" 11079
"/Engine/EngineMaterials/Substrate/Glints2/dict_0001_0053" 11080
"/Engine/EngineMaterials/Substrate/Glints2/dict_0001_0054" 11081
"/Engine/EngineMaterials/Substrate/Glints2/dict_0001_0055" 11082
"/Engine/EngineMaterials/Substrate/Glints2/dict_0001_0056" 11083
"/Engine/EngineMaterials/Substrate/Glints2/dict_0001_0057" 11084
"/Engine/EngineMaterials/Substrate/Glints2/dict_0001_0058" 11085
"/Engine/EngineMaterials/Substrate/Glints2/dict_0001_0059" 11086
"/Engine/EngineMaterials/Substrate/Glints2/dict_0001_0060" 11087
"/Engine/EngineMaterials/Substrate/Glints2/dict_0001_0061" 11088
"/Engine/EngineMaterials/Substrate/Glints2/dict_0001_0062" 11089
"/Engine/EngineMaterials/Substrate/Glints2/dict_0001_0063" 11090
"/Engine/EngineMaterials/Substrate/Glints2/dict_0001_0064" 11091
"/Engine/EngineMaterials/Substrate/Glints2/dict_0001_0065" 11092
"/Engine/EngineMaterials/Substrate/Glints2/dict_0001_0066" 11093
"/Engine/EngineMaterials/Substrate/Glints2/dict_0001_0067" 11094
"/Engine/EngineMaterials/Substrate/Glints2/dict_0001_0068" 11095
"/Engine/EngineMaterials/Substrate/Glints2/dict_0001_0069" 11096
"../../../Engine/Content/EngineMaterials/Substrate/Glints2/dict_0001_0029.uasset" 11097
"../../../Engine/Content/EngineMaterials/Substrate/Glints2/dict_0001_0037.uasset" 11098
"../../../Engine/Content/EngineMaterials/Substrate/Glints2/dict_0001_0032.uasset" 11099
"../../../Engine/Content/EngineMaterials/Substrate/Glints2/dict_0001_0035.uasset" 11100
"../../../Engine/Content/EngineMaterials/Substrate/Glints2/dict_0001_0028.uasset" 11101
"../../../Engine/Content/EngineMaterials/Substrate/Glints2/dict_0001_0034.uasset" 11102
"../../../Engine/Content/EngineMaterials/Substrate/Glints2/dict_0001_0036.uasset" 11103
"../../../Engine/Content/EngineMaterials/Substrate/Glints2/dict_0001_0030.uasset" 11104
"../../../Engine/Content/EngineMaterials/Substrate/Glints2/dict_0001_0023.uasset" 11105
"../../../Engine/Content/EngineMaterials/Substrate/Glints2/dict_0001_0033.uasset" 11106
"../../../Engine/Content/EngineMaterials/Substrate/Glints2/dict_0001_0022.uasset" 11107
"../../../Engine/Content/EngineMaterials/Substrate/Glints2/dict_0001_0031.uasset" 11108
"../../../Engine/Content/EngineMaterials/Substrate/Glints2/dict_0001_0026.uasset" 11109
"../../../Engine/Content/EngineMaterials/Substrate/Glints2/dict_0001_0027.uasset" 11110
"../../../Engine/Content/EngineMaterials/Substrate/Glints2/dict_0001_0024.uasset" 11111
"../../../Engine/Content/EngineMaterials/Substrate/Glints2/dict_0001_0025.uasset" 11112
"../../../Engine/Content/EngineMaterials/Substrate/Glints2/dict_0001_0021.uasset" 11113
"../../../Engine/Content/EngineMaterials/Substrate/Glints2/dict_0001_0014.uasset" 11114
"../../../Engine/Content/EngineMaterials/Substrate/Glints2/dict_0001_0013.uasset" 11115
"../../../Engine/Content/EngineMaterials/Substrate/Glints2/dict_0001_0019.uasset" 11116
"../../../Engine/Content/EngineMaterials/Substrate/Glints2/dict_0001_0012.uasset" 11117
"../../../Engine/Content/EngineMaterials/Substrate/Glints2/dict_0001_0020.uasset" 11118
"../../../Engine/Content/EngineMaterials/Substrate/Glints2/dict_0001_0017.uasset" 11119
"../../../Engine/Content/EngineMaterials/Substrate/Glints2/dict_0001_0018.uasset" 11120
"../../../Engine/Content/EngineMaterials/Substrate/Glints2/dict_0001_0016.uasset" 11121
"../../../Engine/Content/EngineMaterials/Substrate/Glints2/dict_0001_0011.uasset" 11122
"../../../Engine/Content/EngineMaterials/Substrate/Glints2/dict_0001_0015.uasset" 11123
"../../../Engine/Content/EngineMaterials/Substrate/Glints2/dict_0001_0010.uasset" 11124
"../../../Engine/Content/EngineMaterials/Substrate/Glints2/dict_0001_0009.uasset" 11125
"../../../Engine/Content/EngineMaterials/Substrate/Glints2/dict_0001_0008.uasset" 11126
"../../../Engine/Content/EngineMaterials/Substrate/Glints2/dict_0001_0007.uasset" 11127
"../../../Engine/Content/EngineMaterials/Substrate/Glints2/dict_0001_0006.uasset" 11128
"/Engine/EngineMaterials/Substrate/Glints2/dict_0001_0006" 11129
"/Engine/EngineMaterials/Substrate/Glints2/dict_0001_0007" 11130
"/Engine/EngineMaterials/Substrate/Glints2/dict_0001_0008" 11131
"/Engine/EngineMaterials/Substrate/Glints2/dict_0001_0009" 11132
"/Engine/EngineMaterials/Substrate/Glints2/dict_0001_0010" 11133
"/Engine/EngineMaterials/Substrate/Glints2/dict_0001_0011" 11134
"/Engine/EngineMaterials/Substrate/Glints2/dict_0001_0012" 11135
"/Engine/EngineMaterials/Substrate/Glints2/dict_0001_0013" 11136
"/Engine/EngineMaterials/Substrate/Glints2/dict_0001_0014" 11137
"/Engine/EngineMaterials/Substrate/Glints2/dict_0001_0015" 11138
"/Engine/EngineMaterials/Substrate/Glints2/dict_0001_0016" 11139
"/Engine/EngineMaterials/Substrate/Glints2/dict_0001_0017" 11140
"/Engine/EngineMaterials/Substrate/Glints2/dict_0001_0018" 11141
"/Engine/EngineMaterials/Substrate/Glints2/dict_0001_0019" 11142
"/Engine/EngineMaterials/Substrate/Glints2/dict_0001_0020" 11143
"/Engine/EngineMaterials/Substrate/Glints2/dict_0001_0021" 11144
"/Engine/EngineMaterials/Substrate/Glints2/dict_0001_0022" 11145
"/Engine/EngineMaterials/Substrate/Glints2/dict_0001_0023" 11146
"/Engine/EngineMaterials/Substrate/Glints2/dict_0001_0024" 11147
"/Engine/EngineMaterials/Substrate/Glints2/dict_0001_0025" 11148
"/Engine/EngineMaterials/Substrate/Glints2/dict_0001_0026" 11149
"/Engine/EngineMaterials/Substrate/Glints2/dict_0001_0027" 11150
"/Engine/EngineMaterials/Substrate/Glints2/dict_0001_0028" 11151
"/Engine/EngineMaterials/Substrate/Glints2/dict_0001_0029" 11152
"/Engine/EngineMaterials/Substrate/Glints2/dict_0001_0030" 11153
"/Engine/EngineMaterials/Substrate/Glints2/dict_0001_0031" 11154
"/Engine/EngineMaterials/Substrate/Glints2/dict_0001_0032" 11155
"/Engine/EngineMaterials/Substrate/Glints2/dict_0001_0033" 11156
"/Engine/EngineMaterials/Substrate/Glints2/dict_0001_0034" 11157
"/Engine/EngineMaterials/Substrate/Glints2/dict_0001_0035" 11158
"/Engine/EngineMaterials/Substrate/Glints2/dict_0001_0036" 11159
"/Engine/EngineMaterials/Substrate/Glints2/dict_0001_0037" 11160
"../../../Engine/Content/EngineMaterials/Substrate/Glints2/dict_0001_0004.uasset" 11161
"../../../Engine/Content/EngineMaterials/Substrate/Glints2/dict_0000_0253.uasset" 11162
"../../../Engine/Content/EngineMaterials/Substrate/Glints2/dict_0001_0005.uasset" 11163
"../../../Engine/Content/EngineMaterials/Substrate/Glints2/dict_0000_0255.uasset" 11164
"../../../Engine/Content/EngineMaterials/Substrate/Glints2/dict_0001_0002.uasset" 11165
"../../../Engine/Content/EngineMaterials/Substrate/Glints2/dict_0000_0252.uasset" 11166
"../../../Engine/Content/EngineMaterials/Substrate/Glints2/dict_0000_0251.uasset" 11167
"../../../Engine/Content/EngineMaterials/Substrate/Glints2/dict_0001_0003.uasset" 11168
"../../../Engine/Content/EngineMaterials/Substrate/Glints2/dict_0001_0000.uasset" 11169
"../../../Engine/Content/EngineMaterials/Substrate/Glints2/dict_0000_0254.uasset" 11170
"../../../Engine/Content/EngineMaterials/Substrate/Glints2/dict_0000_0248.uasset" 11171
"../../../Engine/Content/EngineMaterials/Substrate/Glints2/dict_0000_0250.uasset" 11172
"../../../Engine/Content/EngineMaterials/Substrate/Glints2/dict_0000_0247.uasset" 11173
"../../../Engine/Content/EngineMaterials/Substrate/Glints2/dict_0001_0001.uasset" 11174
"../../../Engine/Content/EngineMaterials/Substrate/Glints2/dict_0000_0249.uasset" 11175
"../../../Engine/Content/EngineMaterials/Substrate/Glints2/dict_0000_0246.uasset" 11176
"../../../Engine/Content/EngineMaterials/Substrate/Glints2/dict_0000_0245.uasset" 11177
"../../../Engine/Content/EngineMaterials/Substrate/Glints2/dict_0000_0244.uasset" 11178
"../../../Engine/Content/EngineMaterials/Substrate/Glints2/dict_0000_0243.uasset" 11179
"../../../Engine/Content/EngineMaterials/Substrate/Glints2/dict_0000_0242.uasset" 11180
"../../../Engine/Content/EngineMaterials/Substrate/Glints2/dict_0000_0241.uasset" 11181
"../../../Engine/Content/EngineMaterials/Substrate/Glints2/dict_0000_0235.uasset" 11182
"../../../Engine/Content/EngineMaterials/Substrate/Glints2/dict_0000_0240.uasset" 11183
"../../../Engine/Content/EngineMaterials/Substrate/Glints2/dict_0000_0239.uasset" 11184
"../../../Engine/Content/EngineMaterials/Substrate/Glints2/dict_0000_0238.uasset" 11185
"../../../Engine/Content/EngineMaterials/Substrate/Glints2/dict_0000_0234.uasset" 11186
"../../../Engine/Content/EngineMaterials/Substrate/Glints2/dict_0000_0237.uasset" 11187
"../../../Engine/Content/EngineMaterials/Substrate/Glints2/dict_0000_0236.uasset" 11188
"../../../Engine/Content/EngineMaterials/Substrate/Glints2/dict_0000_0233.uasset" 11189
"../../../Engine/Content/EngineMaterials/Substrate/Glints2/dict_0000_0232.uasset" 11190
"../../../Engine/Content/EngineMaterials/Substrate/Glints2/dict_0000_0231.uasset" 11191
"../../../Engine/Content/EngineMaterials/Substrate/Glints2/dict_0000_0230.uasset" 11192
"/Engine/EngineMaterials/Substrate/Glints2/dict_0000_0230" 11193
"/Engine/EngineMaterials/Substrate/Glints2/dict_0000_0231" 11194
"/Engine/EngineMaterials/Substrate/Glints2/dict_0000_0232" 11195
"/Engine/EngineMaterials/Substrate/Glints2/dict_0000_0233" 11196
"/Engine/EngineMaterials/Substrate/Glints2/dict_0000_0234" 11197
"/Engine/EngineMaterials/Substrate/Glints2/dict_0000_0235" 11198
"/Engine/EngineMaterials/Substrate/Glints2/dict_0000_0236" 11199
"/Engine/EngineMaterials/Substrate/Glints2/dict_0000_0237" 11200
"/Engine/EngineMaterials/Substrate/Glints2/dict_0000_0238" 11201
"/Engine/EngineMaterials/Substrate/Glints2/dict_0000_0239" 11202
"/Engine/EngineMaterials/Substrate/Glints2/dict_0000_0240" 11203
"/Engine/EngineMaterials/Substrate/Glints2/dict_0000_0241" 11204
"/Engine/EngineMaterials/Substrate/Glints2/dict_0000_0242" 11205
"/Engine/EngineMaterials/Substrate/Glints2/dict_0000_0243" 11206
"/Engine/EngineMaterials/Substrate/Glints2/dict_0000_0244" 11207
"/Engine/EngineMaterials/Substrate/Glints2/dict_0000_0245" 11208
"/Engine/EngineMaterials/Substrate/Glints2/dict_0000_0246" 11209
"/Engine/EngineMaterials/Substrate/Glints2/dict_0000_0247" 11210
"/Engine/EngineMaterials/Substrate/Glints2/dict_0000_0248" 11211
"/Engine/EngineMaterials/Substrate/Glints2/dict_0000_0249" 11212
"/Engine/EngineMaterials/Substrate/Glints2/dict_0000_0250" 11213
"/Engine/EngineMaterials/Substrate/Glints2/dict_0000_0251" 11214
"/Engine/EngineMaterials/Substrate/Glints2/dict_0000_0252" 11215
"/Engine/EngineMaterials/Substrate/Glints2/dict_0000_0253" 11216
"/Engine/EngineMaterials/Substrate/Glints2/dict_0000_0254" 11217
"/Engine/EngineMaterials/Substrate/Glints2/dict_0000_0255" 11218
"/Engine/EngineMaterials/Substrate/Glints2/dict_0001_0000" 11219
"/Engine/EngineMaterials/Substrate/Glints2/dict_0001_0001" 11220
"/Engine/EngineMaterials/Substrate/Glints2/dict_0001_0002" 11221
"/Engine/EngineMaterials/Substrate/Glints2/dict_0001_0003" 11222
"/Engine/EngineMaterials/Substrate/Glints2/dict_0001_0004" 11223
"/Engine/EngineMaterials/Substrate/Glints2/dict_0001_0005" 11224
"../../../Engine/Content/EngineMaterials/Substrate/Glints2/dict_0000_0228.uasset" 11225
"../../../Engine/Content/EngineMaterials/Substrate/Glints2/dict_0000_0226.uasset" 11226
"../../../Engine/Content/EngineMaterials/Substrate/Glints2/dict_0000_0224.uasset" 11227
"../../../Engine/Content/EngineMaterials/Substrate/Glints2/dict_0000_0227.uasset" 11228
"../../../Engine/Content/EngineMaterials/Substrate/Glints2/dict_0000_0225.uasset" 11229
"../../../Engine/Content/EngineMaterials/Substrate/Glints2/dict_0000_0229.uasset" 11230
"../../../Engine/Content/EngineMaterials/Substrate/Glints2/dict_0000_0222.uasset" 11231
"../../../Engine/Content/EngineMaterials/Substrate/Glints2/dict_0000_0221.uasset" 11232
"../../../Engine/Content/EngineMaterials/Substrate/Glints2/dict_0000_0219.uasset" 11233
"../../../Engine/Content/EngineMaterials/Substrate/Glints2/dict_0000_0223.uasset" 11234
"../../../Engine/Content/EngineMaterials/Substrate/Glints2/dict_0000_0215.uasset" 11235
"../../../Engine/Content/EngineMaterials/Substrate/Glints2/dict_0000_0218.uasset" 11236
"../../../Engine/Content/EngineMaterials/Substrate/Glints2/dict_0000_0216.uasset" 11237
"../../../Engine/Content/EngineMaterials/Substrate/Glints2/dict_0000_0220.uasset" 11238
"../../../Engine/Content/EngineMaterials/Substrate/Glints2/dict_0000_0214.uasset" 11239
"../../../Engine/Content/EngineMaterials/Substrate/Glints2/dict_0000_0217.uasset" 11240
"../../../Engine/Content/EngineMaterials/Substrate/Glints2/dict_0000_0213.uasset" 11241
"../../../Engine/Content/EngineMaterials/Substrate/Glints2/dict_0000_0212.uasset" 11242
"../../../Engine/Content/EngineMaterials/Substrate/Glints2/dict_0000_0211.uasset" 11243
"../../../Engine/Content/EngineMaterials/Substrate/Glints2/dict_0000_0210.uasset" 11244
"../../../Engine/Content/EngineMaterials/Substrate/Glints2/dict_0000_0209.uasset" 11245
"../../../Engine/Content/EngineMaterials/Substrate/Glints2/dict_0000_0203.uasset" 11246
"../../../Engine/Content/EngineMaterials/Substrate/Glints2/dict_0000_0202.uasset" 11247
"../../../Engine/Content/EngineMaterials/Substrate/Glints2/dict_0000_0208.uasset" 11248
"../../../Engine/Content/EngineMaterials/Substrate/Glints2/dict_0000_0207.uasset" 11249
"../../../Engine/Content/EngineMaterials/Substrate/Glints2/dict_0000_0201.uasset" 11250
"../../../Engine/Content/EngineMaterials/Substrate/Glints2/dict_0000_0206.uasset" 11251
"../../../Engine/Content/EngineMaterials/Substrate/Glints2/dict_0000_0200.uasset" 11252
"../../../Engine/Content/EngineMaterials/Substrate/Glints2/dict_0000_0205.uasset" 11253
"../../../Engine/Content/EngineMaterials/Substrate/Glints2/dict_0000_0204.uasset" 11254
"../../../Engine/Content/EngineMaterials/Substrate/Glints2/dict_0000_0199.uasset" 11255
"../../../Engine/Content/EngineMaterials/Substrate/Glints2/dict_0000_0198.uasset" 11256
"/Engine/EngineMaterials/Substrate/Glints2/dict_0000_0198" 11257
"/Engine/EngineMaterials/Substrate/Glints2/dict_0000_0199" 11258
"/Engine/EngineMaterials/Substrate/Glints2/dict_0000_0200" 11259
"/Engine/EngineMaterials/Substrate/Glints2/dict_0000_0201" 11260
"/Engine/EngineMaterials/Substrate/Glints2/dict_0000_0202" 11261
"/Engine/EngineMaterials/Substrate/Glints2/dict_0000_0203" 11262
"/Engine/EngineMaterials/Substrate/Glints2/dict_0000_0204" 11263
"/Engine/EngineMaterials/Substrate/Glints2/dict_0000_0205" 11264
"/Engine/EngineMaterials/Substrate/Glints2/dict_0000_0206" 11265
"/Engine/EngineMaterials/Substrate/Glints2/dict_0000_0207" 11266
"/Engine/EngineMaterials/Substrate/Glints2/dict_0000_0208" 11267
"/Engine/EngineMaterials/Substrate/Glints2/dict_0000_0209" 11268
"/Engine/EngineMaterials/Substrate/Glints2/dict_0000_0210" 11269
"/Engine/EngineMaterials/Substrate/Glints2/dict_0000_0211" 11270
"/Engine/EngineMaterials/Substrate/Glints2/dict_0000_0212" 11271
"/Engine/EngineMaterials/Substrate/Glints2/dict_0000_0213" 11272
"/Engine/EngineMaterials/Substrate/Glints2/dict_0000_0214" 11273
"/Engine/EngineMaterials/Substrate/Glints2/dict_0000_0215" 11274
"/Engine/EngineMaterials/Substrate/Glints2/dict_0000_0216" 11275
"/Engine/EngineMaterials/Substrate/Glints2/dict_0000_0217" 11276
"/Engine/EngineMaterials/Substrate/Glints2/dict_0000_0218" 11277
"/Engine/EngineMaterials/Substrate/Glints2/dict_0000_0219" 11278
"/Engine/EngineMaterials/Substrate/Glints2/dict_0000_0220" 11279
"/Engine/EngineMaterials/Substrate/Glints2/dict_0000_0221" 11280
"/Engine/EngineMaterials/Substrate/Glints2/dict_0000_0222" 11281
"/Engine/EngineMaterials/Substrate/Glints2/dict_0000_0223" 11282
"/Engine/EngineMaterials/Substrate/Glints2/dict_0000_0224" 11283
"/Engine/EngineMaterials/Substrate/Glints2/dict_0000_0225" 11284
"/Engine/EngineMaterials/Substrate/Glints2/dict_0000_0226" 11285
"/Engine/EngineMaterials/Substrate/Glints2/dict_0000_0227" 11286
"/Engine/EngineMaterials/Substrate/Glints2/dict_0000_0228" 11287
"/Engine/EngineMaterials/Substrate/Glints2/dict_0000_0229" 11288
"../../../Engine/Content/EngineMaterials/Substrate/Glints2/dict_0000_0197.uasset" 11289
"../../../Engine/Content/EngineMaterials/Substrate/Glints2/dict_0000_0189.uasset" 11290
"../../../Engine/Content/EngineMaterials/Substrate/Glints2/dict_0000_0186.uasset" 11291
"../../../Engine/Content/EngineMaterials/Substrate/Glints2/dict_0000_0188.uasset" 11292
"../../../Engine/Content/EngineMaterials/Substrate/Glints2/dict_0000_0195.uasset" 11293
"../../../Engine/Content/EngineMaterials/Substrate/Glints2/dict_0000_0196.uasset" 11294
"../../../Engine/Content/EngineMaterials/Substrate/Glints2/dict_0000_0194.uasset" 11295
"../../../Engine/Content/EngineMaterials/Substrate/Glints2/dict_0000_0192.uasset" 11296
"../../../Engine/Content/EngineMaterials/Substrate/Glints2/dict_0000_0190.uasset" 11297
"../../../Engine/Content/EngineMaterials/Substrate/Glints2/dict_0000_0187.uasset" 11298
"../../../Engine/Content/EngineMaterials/Substrate/Glints2/dict_0000_0183.uasset" 11299
"../../../Engine/Content/EngineMaterials/Substrate/Glints2/dict_0000_0185.uasset" 11300
"../../../Engine/Content/EngineMaterials/Substrate/Glints2/dict_0000_0191.uasset" 11301
"../../../Engine/Content/EngineMaterials/Substrate/Glints2/dict_0000_0182.uasset" 11302
"../../../Engine/Content/EngineMaterials/Substrate/Glints2/dict_0000_0193.uasset" 11303
"../../../Engine/Content/EngineMaterials/Substrate/Glints2/dict_0000_0184.uasset" 11304
"../../../Engine/Content/EngineMaterials/Substrate/Glints2/dict_0000_0179.uasset" 11305
"../../../Engine/Content/EngineMaterials/Substrate/Glints2/dict_0000_0170.uasset" 11306
"../../../Engine/Content/EngineMaterials/Substrate/Glints2/dict_0000_0175.uasset" 11307
"../../../Engine/Content/EngineMaterials/Substrate/Glints2/dict_0000_0177.uasset" 11308
"../../../Engine/Content/EngineMaterials/Substrate/Glints2/dict_0000_0180.uasset" 11309
"../../../Engine/Content/EngineMaterials/Substrate/Glints2/dict_0000_0181.uasset" 11310
"../../../Engine/Content/EngineMaterials/Substrate/Glints2/dict_0000_0174.uasset" 11311
"../../../Engine/Content/EngineMaterials/Substrate/Glints2/dict_0000_0178.uasset" 11312
"../../../Engine/Content/EngineMaterials/Substrate/Glints2/dict_0000_0176.uasset" 11313
"../../../Engine/Content/EngineMaterials/Substrate/Glints2/dict_0000_0169.uasset" 11314
"../../../Engine/Content/EngineMaterials/Substrate/Glints2/dict_0000_0173.uasset" 11315
"../../../Engine/Content/EngineMaterials/Substrate/Glints2/dict_0000_0168.uasset" 11316
"../../../Engine/Content/EngineMaterials/Substrate/Glints2/dict_0000_0171.uasset" 11317
"../../../Engine/Content/EngineMaterials/Substrate/Glints2/dict_0000_0172.uasset" 11318
"../../../Engine/Content/EngineMaterials/Substrate/Glints2/dict_0000_0166.uasset" 11319
"../../../Engine/Content/EngineMaterials/Substrate/Glints2/dict_0000_0167.uasset" 11320
"/Engine/EngineMaterials/Substrate/Glints2/dict_0000_0166" 11321
"/Engine/EngineMaterials/Substrate/Glints2/dict_0000_0167" 11322
"/Engine/EngineMaterials/Substrate/Glints2/dict_0000_0168" 11323
"/Engine/EngineMaterials/Substrate/Glints2/dict_0000_0169" 11324
"/Engine/EngineMaterials/Substrate/Glints2/dict_0000_0170" 11325
"/Engine/EngineMaterials/Substrate/Glints2/dict_0000_0171" 11326
"/Engine/EngineMaterials/Substrate/Glints2/dict_0000_0172" 11327
"/Engine/EngineMaterials/Substrate/Glints2/dict_0000_0173" 11328
"/Engine/EngineMaterials/Substrate/Glints2/dict_0000_0174" 11329
"/Engine/EngineMaterials/Substrate/Glints2/dict_0000_0175" 11330
"/Engine/EngineMaterials/Substrate/Glints2/dict_0000_0176" 11331
"/Engine/EngineMaterials/Substrate/Glints2/dict_0000_0177" 11332
"/Engine/EngineMaterials/Substrate/Glints2/dict_0000_0178" 11333
"/Engine/EngineMaterials/Substrate/Glints2/dict_0000_0179" 11334
"/Engine/EngineMaterials/Substrate/Glints2/dict_0000_0180" 11335
"/Engine/EngineMaterials/Substrate/Glints2/dict_0000_0181" 11336
"/Engine/EngineMaterials/Substrate/Glints2/dict_0000_0182" 11337
"/Engine/EngineMaterials/Substrate/Glints2/dict_0000_0183" 11338
"/Engine/EngineMaterials/Substrate/Glints2/dict_0000_0184" 11339
"/Engine/EngineMaterials/Substrate/Glints2/dict_0000_0185" 11340
"/Engine/EngineMaterials/Substrate/Glints2/dict_0000_0186" 11341
"/Engine/EngineMaterials/Substrate/Glints2/dict_0000_0187" 11342
"/Engine/EngineMaterials/Substrate/Glints2/dict_0000_0188" 11343
"/Engine/EngineMaterials/Substrate/Glints2/dict_0000_0189" 11344
"/Engine/EngineMaterials/Substrate/Glints2/dict_0000_0190" 11345
"/Engine/EngineMaterials/Substrate/Glints2/dict_0000_0191" 11346
"/Engine/EngineMaterials/Substrate/Glints2/dict_0000_0192" 11347
"/Engine/EngineMaterials/Substrate/Glints2/dict_0000_0193" 11348
"/Engine/EngineMaterials/Substrate/Glints2/dict_0000_0194" 11349
"/Engine/EngineMaterials/Substrate/Glints2/dict_0000_0195" 11350
"/Engine/EngineMaterials/Substrate/Glints2/dict_0000_0196" 11351
"/Engine/EngineMaterials/Substrate/Glints2/dict_0000_0197" 11352
"../../../Engine/Content/EngineMaterials/Substrate/Glints2/dict_0000_0162.uasset" 11353
"../../../Engine/Content/EngineMaterials/Substrate/Glints2/dict_0000_0154.uasset" 11354
"../../../Engine/Content/EngineMaterials/Substrate/Glints2/dict_0000_0156.uasset" 11355
"../../../Engine/Content/EngineMaterials/Substrate/Glints2/dict_0000_0152.uasset" 11356
"../../../Engine/Content/EngineMaterials/Substrate/Glints2/dict_0000_0153.uasset" 11357
"../../../Engine/Content/EngineMaterials/Substrate/Glints2/dict_0000_0157.uasset" 11358
"../../../Engine/Content/EngineMaterials/Substrate/Glints2/dict_0000_0158.uasset" 11359
"../../../Engine/Content/EngineMaterials/Substrate/Glints2/dict_0000_0164.uasset" 11360
"../../../Engine/Content/EngineMaterials/Substrate/Glints2/dict_0000_0155.uasset" 11361
"../../../Engine/Content/EngineMaterials/Substrate/Glints2/dict_0000_0159.uasset" 11362
"../../../Engine/Content/EngineMaterials/Substrate/Glints2/dict_0000_0163.uasset" 11363
"../../../Engine/Content/EngineMaterials/Substrate/Glints2/dict_0000_0160.uasset" 11364
"../../../Engine/Content/EngineMaterials/Substrate/Glints2/dict_0000_0161.uasset" 11365
"../../../Engine/Content/EngineMaterials/Substrate/Glints2/dict_0000_0165.uasset" 11366
"../../../Engine/Content/EngineMaterials/Substrate/Glints2/dict_0000_0151.uasset" 11367
"../../../Engine/Content/EngineMaterials/Substrate/Glints2/dict_0000_0150.uasset" 11368
"../../../Engine/Content/EngineMaterials/Substrate/Glints2/dict_0000_0149.uasset" 11369
"../../../Engine/Content/EngineMaterials/Substrate/Glints2/dict_0000_0144.uasset" 11370
"../../../Engine/Content/EngineMaterials/Substrate/Glints2/dict_0000_0148.uasset" 11371
"../../../Engine/Content/EngineMaterials/Substrate/Glints2/dict_0000_0147.uasset" 11372
"../../../Engine/Content/EngineMaterials/Substrate/Glints2/dict_0000_0146.uasset" 11373
"../../../Engine/Content/EngineMaterials/Substrate/Glints2/dict_0000_0143.uasset" 11374
"../../../Engine/Content/EngineMaterials/Substrate/Glints2/dict_0000_0140.uasset" 11375
"../../../Engine/Content/EngineMaterials/Substrate/Glints2/dict_0000_0142.uasset" 11376
"../../../Engine/Content/EngineMaterials/Substrate/Glints2/dict_0000_0138.uasset" 11377
"../../../Engine/Content/EngineMaterials/Substrate/Glints2/dict_0000_0141.uasset" 11378
"../../../Engine/Content/EngineMaterials/Substrate/Glints2/dict_0000_0145.uasset" 11379
"../../../Engine/Content/EngineMaterials/Substrate/Glints2/dict_0000_0136.uasset" 11380
"../../../Engine/Content/EngineMaterials/Substrate/Glints2/dict_0000_0135.uasset" 11381
"../../../Engine/Content/EngineMaterials/Substrate/Glints2/dict_0000_0139.uasset" 11382
"../../../Engine/Content/EngineMaterials/Substrate/Glints2/dict_0000_0134.uasset" 11383
"../../../Engine/Content/EngineMaterials/Substrate/Glints2/dict_0000_0137.uasset" 11384
"/Engine/EngineMaterials/Substrate/Glints2/dict_0000_0134" 11385
"/Engine/EngineMaterials/Substrate/Glints2/dict_0000_0135" 11386
"/Engine/EngineMaterials/Substrate/Glints2/dict_0000_0136" 11387
"/Engine/EngineMaterials/Substrate/Glints2/dict_0000_0137" 11388
"/Engine/EngineMaterials/Substrate/Glints2/dict_0000_0138" 11389
"/Engine/EngineMaterials/Substrate/Glints2/dict_0000_0139" 11390
"/Engine/EngineMaterials/Substrate/Glints2/dict_0000_0140" 11391
"/Engine/EngineMaterials/Substrate/Glints2/dict_0000_0141" 11392
"/Engine/EngineMaterials/Substrate/Glints2/dict_0000_0142" 11393
"/Engine/EngineMaterials/Substrate/Glints2/dict_0000_0143" 11394
"/Engine/EngineMaterials/Substrate/Glints2/dict_0000_0144" 11395
"/Engine/EngineMaterials/Substrate/Glints2/dict_0000_0145" 11396
"/Engine/EngineMaterials/Substrate/Glints2/dict_0000_0146" 11397
"/Engine/EngineMaterials/Substrate/Glints2/dict_0000_0147" 11398
"/Engine/EngineMaterials/Substrate/Glints2/dict_0000_0148" 11399
"/Engine/EngineMaterials/Substrate/Glints2/dict_0000_0149" 11400
"/Engine/EngineMaterials/Substrate/Glints2/dict_0000_0150" 11401
"/Engine/EngineMaterials/Substrate/Glints2/dict_0000_0151" 11402
"/Engine/EngineMaterials/Substrate/Glints2/dict_0000_0152" 11403
"/Engine/EngineMaterials/Substrate/Glints2/dict_0000_0153" 11404
"/Engine/EngineMaterials/Substrate/Glints2/dict_0000_0154" 11405
"/Engine/EngineMaterials/Substrate/Glints2/dict_0000_0155" 11406
"/Engine/EngineMaterials/Substrate/Glints2/dict_0000_0156" 11407
"/Engine/EngineMaterials/Substrate/Glints2/dict_0000_0157" 11408
"/Engine/EngineMaterials/Substrate/Glints2/dict_0000_0158" 11409
"/Engine/EngineMaterials/Substrate/Glints2/dict_0000_0159" 11410
"/Engine/EngineMaterials/Substrate/Glints2/dict_0000_0160" 11411
"/Engine/EngineMaterials/Substrate/Glints2/dict_0000_0161" 11412
"/Engine/EngineMaterials/Substrate/Glints2/dict_0000_0162" 11413
"/Engine/EngineMaterials/Substrate/Glints2/dict_0000_0163" 11414
"/Engine/EngineMaterials/Substrate/Glints2/dict_0000_0164" 11415
"/Engine/EngineMaterials/Substrate/Glints2/dict_0000_0165" 11416
"../../../Engine/Content/EngineMaterials/Substrate/Glints2/dict_0000_0130.uasset" 11417
"../../../Engine/Content/EngineMaterials/Substrate/Glints2/dict_0000_0121.uasset" 11418
"../../../Engine/Content/EngineMaterials/Substrate/Glints2/dict_0000_0133.uasset" 11419
"../../../Engine/Content/EngineMaterials/Substrate/Glints2/dict_0000_0132.uasset" 11420
"../../../Engine/Content/EngineMaterials/Substrate/Glints2/dict_0000_0120.uasset" 11421
"../../../Engine/Content/EngineMaterials/Substrate/Glints2/dict_0000_0129.uasset" 11422
"../../../Engine/Content/EngineMaterials/Substrate/Glints2/dict_0000_0131.uasset" 11423
"../../../Engine/Content/EngineMaterials/Substrate/Glints2/dict_0000_0127.uasset" 11424
"../../../Engine/Content/EngineMaterials/Substrate/Glints2/dict_0000_0128.uasset" 11425
"../../../Engine/Content/EngineMaterials/Substrate/Glints2/dict_0000_0125.uasset" 11426
"../../../Engine/Content/EngineMaterials/Substrate/Glints2/dict_0000_0126.uasset" 11427
"../../../Engine/Content/EngineMaterials/Substrate/Glints2/dict_0000_0122.uasset" 11428
"../../../Engine/Content/EngineMaterials/Substrate/Glints2/dict_0000_0119.uasset" 11429
"../../../Engine/Content/EngineMaterials/Substrate/Glints2/dict_0000_0123.uasset" 11430
"../../../Engine/Content/EngineMaterials/Substrate/Glints2/dict_0000_0118.uasset" 11431
"../../../Engine/Content/EngineMaterials/Substrate/Glints2/dict_0000_0124.uasset" 11432
"../../../Engine/Content/EngineMaterials/Substrate/Glints2/dict_0000_0117.uasset" 11433
"../../../Engine/Content/EngineMaterials/Substrate/Glints2/dict_0000_0108.uasset" 11434
"../../../Engine/Content/EngineMaterials/Substrate/Glints2/dict_0000_0116.uasset" 11435
"../../../Engine/Content/EngineMaterials/Substrate/Glints2/dict_0000_0115.uasset" 11436
"../../../Engine/Content/EngineMaterials/Substrate/Glints2/dict_0000_0107.uasset" 11437
"../../../Engine/Content/EngineMaterials/Substrate/Glints2/dict_0000_0114.uasset" 11438
"../../../Engine/Content/EngineMaterials/Substrate/Glints2/dict_0000_0113.uasset" 11439
"../../../Engine/Content/EngineMaterials/Substrate/Glints2/dict_0000_0112.uasset" 11440
"../../../Engine/Content/EngineMaterials/Substrate/Glints2/dict_0000_0106.uasset" 11441
"../../../Engine/Content/EngineMaterials/Substrate/Glints2/dict_0000_0111.uasset" 11442
"../../../Engine/Content/EngineMaterials/Substrate/Glints2/dict_0000_0105.uasset" 11443
"../../../Engine/Content/EngineMaterials/Substrate/Glints2/dict_0000_0110.uasset" 11444
"../../../Engine/Content/EngineMaterials/Substrate/Glints2/dict_0000_0104.uasset" 11445
"../../../Engine/Content/EngineMaterials/Substrate/Glints2/dict_0000_0109.uasset" 11446
"../../../Engine/Content/EngineMaterials/Substrate/Glints2/dict_0000_0103.uasset" 11447
"../../../Engine/Content/EngineMaterials/Substrate/Glints2/dict_0000_0102.uasset" 11448
"/Engine/EngineMaterials/Substrate/Glints2/dict_0000_0102" 11449
"/Engine/EngineMaterials/Substrate/Glints2/dict_0000_0103" 11450
"/Engine/EngineMaterials/Substrate/Glints2/dict_0000_0104" 11451
"/Engine/EngineMaterials/Substrate/Glints2/dict_0000_0105" 11452
"/Engine/EngineMaterials/Substrate/Glints2/dict_0000_0106" 11453
"/Engine/EngineMaterials/Substrate/Glints2/dict_0000_0107" 11454
"/Engine/EngineMaterials/Substrate/Glints2/dict_0000_0108" 11455
"/Engine/EngineMaterials/Substrate/Glints2/dict_0000_0109" 11456
"/Engine/EngineMaterials/Substrate/Glints2/dict_0000_0110" 11457
"/Engine/EngineMaterials/Substrate/Glints2/dict_0000_0111" 11458
"/Engine/EngineMaterials/Substrate/Glints2/dict_0000_0112" 11459
"/Engine/EngineMaterials/Substrate/Glints2/dict_0000_0113" 11460
"/Engine/EngineMaterials/Substrate/Glints2/dict_0000_0114" 11461
"/Engine/EngineMaterials/Substrate/Glints2/dict_0000_0115" 11462
"/Engine/EngineMaterials/Substrate/Glints2/dict_0000_0116" 11463
"/Engine/EngineMaterials/Substrate/Glints2/dict_0000_0117" 11464
"/Engine/EngineMaterials/Substrate/Glints2/dict_0000_0118" 11465
"/Engine/EngineMaterials/Substrate/Glints2/dict_0000_0119" 11466
"/Engine/EngineMaterials/Substrate/Glints2/dict_0000_0120" 11467
"/Engine/EngineMaterials/Substrate/Glints2/dict_0000_0121" 11468
"/Engine/EngineMaterials/Substrate/Glints2/dict_0000_0122" 11469
"/Engine/EngineMaterials/Substrate/Glints2/dict_0000_0123" 11470
"/Engine/EngineMaterials/Substrate/Glints2/dict_0000_0124" 11471
"/Engine/EngineMaterials/Substrate/Glints2/dict_0000_0125" 11472
"/Engine/EngineMaterials/Substrate/Glints2/dict_0000_0126" 11473
"/Engine/EngineMaterials/Substrate/Glints2/dict_0000_0127" 11474
"/Engine/EngineMaterials/Substrate/Glints2/dict_0000_0128" 11475
"/Engine/EngineMaterials/Substrate/Glints2/dict_0000_0129" 11476
"/Engine/EngineMaterials/Substrate/Glints2/dict_0000_0130" 11477
"/Engine/EngineMaterials/Substrate/Glints2/dict_0000_0131" 11478
"/Engine/EngineMaterials/Substrate/Glints2/dict_0000_0132" 11479
"/Engine/EngineMaterials/Substrate/Glints2/dict_0000_0133" 11480
"../../../Engine/Content/EngineMaterials/Substrate/Glints2/dict_0000_0096.uasset" 11481
"../../../Engine/Content/EngineMaterials/Substrate/Glints2/dict_0000_0099.uasset" 11482
"../../../Engine/Content/EngineMaterials/Substrate/Glints2/dict_0000_0100.uasset" 11483
"../../../Engine/Content/EngineMaterials/Substrate/Glints2/dict_0000_0093.uasset" 11484
"../../../Engine/Content/EngineMaterials/Substrate/Glints2/dict_0000_0098.uasset" 11485
"../../../Engine/Content/EngineMaterials/Substrate/Glints2/dict_0000_0090.uasset" 11486
"../../../Engine/Content/EngineMaterials/Substrate/Glints2/dict_0000_0094.uasset" 11487
"../../../Engine/Content/EngineMaterials/Substrate/Glints2/dict_0000_0097.uasset" 11488
"../../../Engine/Content/EngineMaterials/Substrate/Glints2/dict_0000_0088.uasset" 11489
"../../../Engine/Content/EngineMaterials/Substrate/Glints2/dict_0000_0095.uasset" 11490
"../../../Engine/Content/EngineMaterials/Substrate/Glints2/dict_0000_0092.uasset" 11491
"../../../Engine/Content/EngineMaterials/Substrate/Glints2/dict_0000_0091.uasset" 11492
"../../../Engine/Content/EngineMaterials/Substrate/Glints2/dict_0000_0089.uasset" 11493
"../../../Engine/Content/EngineMaterials/Substrate/Glints2/dict_0000_0101.uasset" 11494
"../../../Engine/Content/EngineMaterials/Substrate/Glints2/dict_0000_0086.uasset" 11495
"../../../Engine/Content/EngineMaterials/Substrate/Glints2/dict_0000_0087.uasset" 11496
"../../../Engine/Content/EngineMaterials/Substrate/Glints2/dict_0000_0085.uasset" 11497
"../../../Engine/Content/EngineMaterials/Substrate/Glints2/dict_0000_0084.uasset" 11498
"../../../Engine/Content/EngineMaterials/Substrate/Glints2/dict_0000_0080.uasset" 11499
"../../../Engine/Content/EngineMaterials/Substrate/Glints2/dict_0000_0079.uasset" 11500
"../../../Engine/Content/EngineMaterials/Substrate/Glints2/dict_0000_0083.uasset" 11501
"../../../Engine/Content/EngineMaterials/Substrate/Glints2/dict_0000_0078.uasset" 11502
"../../../Engine/Content/EngineMaterials/Substrate/Glints2/dict_0000_0082.uasset" 11503
"../../../Engine/Content/EngineMaterials/Substrate/Glints2/dict_0000_0077.uasset" 11504
"../../../Engine/Content/EngineMaterials/Substrate/Glints2/dict_0000_0081.uasset" 11505
"../../../Engine/Content/EngineMaterials/Substrate/Glints2/dict_0000_0076.uasset" 11506
"../../../Engine/Content/EngineMaterials/Substrate/Glints2/dict_0000_0075.uasset" 11507
"../../../Engine/Content/EngineMaterials/Substrate/Glints2/dict_0000_0074.uasset" 11508
"../../../Engine/Content/EngineMaterials/Substrate/Glints2/dict_0000_0073.uasset" 11509
"../../../Engine/Content/EngineMaterials/Substrate/Glints2/dict_0000_0072.uasset" 11510
"../../../Engine/Content/EngineMaterials/Substrate/Glints2/dict_0000_0071.uasset" 11511
"../../../Engine/Content/EngineMaterials/Substrate/Glints2/dict_0000_0070.uasset" 11512
"/Engine/EngineMaterials/Substrate/Glints2/dict_0000_0070" 11513
"/Engine/EngineMaterials/Substrate/Glints2/dict_0000_0071" 11514
"/Engine/EngineMaterials/Substrate/Glints2/dict_0000_0072" 11515
"/Engine/EngineMaterials/Substrate/Glints2/dict_0000_0073" 11516
"/Engine/EngineMaterials/Substrate/Glints2/dict_0000_0074" 11517
"/Engine/EngineMaterials/Substrate/Glints2/dict_0000_0075" 11518
"/Engine/EngineMaterials/Substrate/Glints2/dict_0000_0076" 11519
"/Engine/EngineMaterials/Substrate/Glints2/dict_0000_0077" 11520
"/Engine/EngineMaterials/Substrate/Glints2/dict_0000_0078" 11521
"/Engine/EngineMaterials/Substrate/Glints2/dict_0000_0079" 11522
"/Engine/EngineMaterials/Substrate/Glints2/dict_0000_0080" 11523
"/Engine/EngineMaterials/Substrate/Glints2/dict_0000_0081" 11524
"/Engine/EngineMaterials/Substrate/Glints2/dict_0000_0082" 11525
"/Engine/EngineMaterials/Substrate/Glints2/dict_0000_0083" 11526
"/Engine/EngineMaterials/Substrate/Glints2/dict_0000_0084" 11527
"/Engine/EngineMaterials/Substrate/Glints2/dict_0000_0085" 11528
"/Engine/EngineMaterials/Substrate/Glints2/dict_0000_0086" 11529
"/Engine/EngineMaterials/Substrate/Glints2/dict_0000_0087" 11530
"/Engine/EngineMaterials/Substrate/Glints2/dict_0000_0088" 11531
"/Engine/EngineMaterials/Substrate/Glints2/dict_0000_0089" 11532
"/Engine/EngineMaterials/Substrate/Glints2/dict_0000_0090" 11533
"/Engine/EngineMaterials/Substrate/Glints2/dict_0000_0091" 11534
"/Engine/EngineMaterials/Substrate/Glints2/dict_0000_0092" 11535
"/Engine/EngineMaterials/Substrate/Glints2/dict_0000_0093" 11536
"/Engine/EngineMaterials/Substrate/Glints2/dict_0000_0094" 11537
"/Engine/EngineMaterials/Substrate/Glints2/dict_0000_0095" 11538
"/Engine/EngineMaterials/Substrate/Glints2/dict_0000_0096" 11539
"/Engine/EngineMaterials/Substrate/Glints2/dict_0000_0097" 11540
"/Engine/EngineMaterials/Substrate/Glints2/dict_0000_0098" 11541
"/Engine/EngineMaterials/Substrate/Glints2/dict_0000_0099" 11542
"/Engine/EngineMaterials/Substrate/Glints2/dict_0000_0100" 11543
"/Engine/EngineMaterials/Substrate/Glints2/dict_0000_0101" 11544
"../../../Engine/Content/EngineMaterials/Substrate/Glints2/dict_0000_0069.uasset" 11545
"../../../Engine/Content/EngineMaterials/Substrate/Glints2/dict_0000_0063.uasset" 11546
"../../../Engine/Content/EngineMaterials/Substrate/Glints2/dict_0000_0068.uasset" 11547
"../../../Engine/Content/EngineMaterials/Substrate/Glints2/dict_0000_0066.uasset" 11548
"../../../Engine/Content/EngineMaterials/Substrate/Glints2/dict_0000_0060.uasset" 11549
"../../../Engine/Content/EngineMaterials/Substrate/Glints2/dict_0000_0064.uasset" 11550
"../../../Engine/Content/EngineMaterials/Substrate/Glints2/dict_0000_0065.uasset" 11551
"../../../Engine/Content/EngineMaterials/Substrate/Glints2/dict_0000_0062.uasset" 11552
"../../../Engine/Content/EngineMaterials/Substrate/Glints2/dict_0000_0055.uasset" 11553
"../../../Engine/Content/EngineMaterials/Substrate/Glints2/dict_0000_0059.uasset" 11554
"../../../Engine/Content/EngineMaterials/Substrate/Glints2/dict_0000_0061.uasset" 11555
"../../../Engine/Content/EngineMaterials/Substrate/Glints2/dict_0000_0067.uasset" 11556
"../../../Engine/Content/EngineMaterials/Substrate/Glints2/dict_0000_0054.uasset" 11557
"../../../Engine/Content/EngineMaterials/Substrate/Glints2/dict_0000_0057.uasset" 11558
"../../../Engine/Content/EngineMaterials/Substrate/Glints2/dict_0000_0058.uasset" 11559
"../../../Engine/Content/EngineMaterials/Substrate/Glints2/dict_0000_0056.uasset" 11560
"../../../Engine/Content/EngineMaterials/Substrate/Glints2/dict_0000_0053.uasset" 11561
"../../../Engine/Content/EngineMaterials/Substrate/Glints2/dict_0000_0045.uasset" 11562
"../../../Engine/Content/EngineMaterials/Substrate/Glints2/dict_0000_0052.uasset" 11563
"../../../Engine/Content/EngineMaterials/Substrate/Glints2/dict_0000_0051.uasset" 11564
"../../../Engine/Content/EngineMaterials/Substrate/Glints2/dict_0000_0049.uasset" 11565
"../../../Engine/Content/EngineMaterials/Substrate/Glints2/dict_0000_0050.uasset" 11566
"../../../Engine/Content/EngineMaterials/Substrate/Glints2/dict_0000_0044.uasset" 11567
"../../../Engine/Content/EngineMaterials/Substrate/Glints2/dict_0000_0048.uasset" 11568
"../../../Engine/Content/EngineMaterials/Substrate/Glints2/dict_0000_0047.uasset" 11569
"../../../Engine/Content/EngineMaterials/Substrate/Glints2/dict_0000_0046.uasset" 11570
"../../../Engine/Content/EngineMaterials/Substrate/Glints2/dict_0000_0043.uasset" 11571
"../../../Engine/Content/EngineMaterials/Substrate/Glints2/dict_0000_0042.uasset" 11572
"../../../Engine/Content/EngineMaterials/Substrate/Glints2/dict_0000_0041.uasset" 11573
"../../../Engine/Content/EngineMaterials/Substrate/Glints2/dict_0000_0040.uasset" 11574
"../../../Engine/Content/EngineMaterials/Substrate/Glints2/dict_0000_0039.uasset" 11575
"../../../Engine/Content/EngineMaterials/Substrate/Glints2/dict_0000_0038.uasset" 11576
"/Engine/EngineMaterials/Substrate/Glints2/dict_0000_0038" 11577
"/Engine/EngineMaterials/Substrate/Glints2/dict_0000_0039" 11578
"/Engine/EngineMaterials/Substrate/Glints2/dict_0000_0040" 11579
"/Engine/EngineMaterials/Substrate/Glints2/dict_0000_0041" 11580
"/Engine/EngineMaterials/Substrate/Glints2/dict_0000_0042" 11581
"/Engine/EngineMaterials/Substrate/Glints2/dict_0000_0043" 11582
"/Engine/EngineMaterials/Substrate/Glints2/dict_0000_0044" 11583
"/Engine/EngineMaterials/Substrate/Glints2/dict_0000_0045" 11584
"/Engine/EngineMaterials/Substrate/Glints2/dict_0000_0046" 11585
"/Engine/EngineMaterials/Substrate/Glints2/dict_0000_0047" 11586
"/Engine/EngineMaterials/Substrate/Glints2/dict_0000_0048" 11587
"/Engine/EngineMaterials/Substrate/Glints2/dict_0000_0049" 11588
"/Engine/EngineMaterials/Substrate/Glints2/dict_0000_0050" 11589
"/Engine/EngineMaterials/Substrate/Glints2/dict_0000_0051" 11590
"/Engine/EngineMaterials/Substrate/Glints2/dict_0000_0052" 11591
"/Engine/EngineMaterials/Substrate/Glints2/dict_0000_0053" 11592
"/Engine/EngineMaterials/Substrate/Glints2/dict_0000_0054" 11593
"/Engine/EngineMaterials/Substrate/Glints2/dict_0000_0055" 11594
"/Engine/EngineMaterials/Substrate/Glints2/dict_0000_0056" 11595
"/Engine/EngineMaterials/Substrate/Glints2/dict_0000_0057" 11596
"/Engine/EngineMaterials/Substrate/Glints2/dict_0000_0058" 11597
"/Engine/EngineMaterials/Substrate/Glints2/dict_0000_0059" 11598
"/Engine/EngineMaterials/Substrate/Glints2/dict_0000_0060" 11599
"/Engine/EngineMaterials/Substrate/Glints2/dict_0000_0061" 11600
"/Engine/EngineMaterials/Substrate/Glints2/dict_0000_0062" 11601
"/Engine/EngineMaterials/Substrate/Glints2/dict_0000_0063" 11602
"/Engine/EngineMaterials/Substrate/Glints2/dict_0000_0064" 11603
"/Engine/EngineMaterials/Substrate/Glints2/dict_0000_0065" 11604
"/Engine/EngineMaterials/Substrate/Glints2/dict_0000_0066" 11605
"/Engine/EngineMaterials/Substrate/Glints2/dict_0000_0067" 11606
"/Engine/EngineMaterials/Substrate/Glints2/dict_0000_0068" 11607
"/Engine/EngineMaterials/Substrate/Glints2/dict_0000_0069" 11608
"../../../Engine/Content/EngineMaterials/Substrate/Glints2/dict_0000_0037.uasset" 11609
"../../../Engine/Content/EngineMaterials/Substrate/Glints2/dict_0000_0031.uasset" 11610
"../../../Engine/Content/EngineMaterials/Substrate/Glints2/dict_0000_0029.uasset" 11611
"../../../Engine/Content/EngineMaterials/Substrate/Glints2/dict_0000_0028.uasset" 11612
"../../../Engine/Content/EngineMaterials/Substrate/Glints2/dict_0000_0034.uasset" 11613
"../../../Engine/Content/EngineMaterials/Substrate/Glints2/dict_0000_0036.uasset" 11614
"../../../Engine/Content/EngineMaterials/Substrate/Glints2/dict_0000_0030.uasset" 11615
"../../../Engine/Content/EngineMaterials/Substrate/Glints2/dict_0000_0025.uasset" 11616
"../../../Engine/Content/EngineMaterials/Substrate/Glints2/dict_0000_0026.uasset" 11617
"../../../Engine/Content/EngineMaterials/Substrate/Glints2/dict_0000_0033.uasset" 11618
"../../../Engine/Content/EngineMaterials/Substrate/Glints2/dict_0000_0035.uasset" 11619
"../../../Engine/Content/EngineMaterials/Substrate/Glints2/dict_0000_0027.uasset" 11620
"../../../Engine/Content/EngineMaterials/Substrate/Glints2/dict_0000_0024.uasset" 11621
"../../../Engine/Content/EngineMaterials/Substrate/Glints2/dict_0000_0023.uasset" 11622
"../../../Engine/Content/EngineMaterials/Substrate/Glints2/dict_0000_0032.uasset" 11623
"../../../Engine/Content/EngineMaterials/Substrate/Glints2/dict_0000_0022.uasset" 11624
"../../../Engine/Content/EngineMaterials/Substrate/Glints2/dict_0000_0013.uasset" 11625
"../../../Engine/Content/EngineMaterials/Substrate/Glints2/dict_0000_0021.uasset" 11626
"../../../Engine/Content/EngineMaterials/Substrate/Glints2/dict_0000_0020.uasset" 11627
"../../../Engine/Content/EngineMaterials/Substrate/Glints2/dict_0000_0019.uasset" 11628
"../../../Engine/Content/EngineMaterials/Substrate/Glints2/dict_0000_0012.uasset" 11629
"../../../Engine/Content/EngineMaterials/Substrate/Glints2/dict_0000_0018.uasset" 11630
"../../../Engine/Content/EngineMaterials/Substrate/Glints2/dict_0000_0017.uasset" 11631
"../../../Engine/Content/EngineMaterials/Substrate/Glints2/dict_0000_0011.uasset" 11632
"../../../Engine/Content/EngineMaterials/Substrate/Glints2/dict_0000_0015.uasset" 11633
"../../../Engine/Content/EngineMaterials/Substrate/Glints2/dict_0000_0009.uasset" 11634
"../../../Engine/Content/EngineMaterials/Substrate/Glints2/dict_0000_0010.uasset" 11635
"../../../Engine/Content/EngineMaterials/Substrate/Glints2/dict_0000_0016.uasset" 11636
"../../../Engine/Content/EngineMaterials/Substrate/Glints2/dict_0000_0007.uasset" 11637
"../../../Engine/Content/EngineMaterials/Substrate/Glints2/dict_0000_0008.uasset" 11638
"../../../Engine/Content/EngineMaterials/Substrate/Glints2/dict_0000_0014.uasset" 11639
"../../../Engine/Content/EngineMaterials/Substrate/Glints2/dict_0000_0006.uasset" 11640
"/Engine/EngineMaterials/Substrate/Glints2/dict_0000_0006" 11641
"/Engine/EngineMaterials/Substrate/Glints2/dict_0000_0007" 11642
"/Engine/EngineMaterials/Substrate/Glints2/dict_0000_0008" 11643
"/Engine/EngineMaterials/Substrate/Glints2/dict_0000_0009" 11644
"/Engine/EngineMaterials/Substrate/Glints2/dict_0000_0010" 11645
"/Engine/EngineMaterials/Substrate/Glints2/dict_0000_0011" 11646
"/Engine/EngineMaterials/Substrate/Glints2/dict_0000_0012" 11647
"/Engine/EngineMaterials/Substrate/Glints2/dict_0000_0013" 11648
"/Engine/EngineMaterials/Substrate/Glints2/dict_0000_0014" 11649
"/Engine/EngineMaterials/Substrate/Glints2/dict_0000_0015" 11650
"/Engine/EngineMaterials/Substrate/Glints2/dict_0000_0016" 11651
"/Engine/EngineMaterials/Substrate/Glints2/dict_0000_0017" 11652
"/Engine/EngineMaterials/Substrate/Glints2/dict_0000_0018" 11653
"/Engine/EngineMaterials/Substrate/Glints2/dict_0000_0019" 11654
"/Engine/EngineMaterials/Substrate/Glints2/dict_0000_0020" 11655
"/Engine/EngineMaterials/Substrate/Glints2/dict_0000_0021" 11656
"/Engine/EngineMaterials/Substrate/Glints2/dict_0000_0022" 11657
"/Engine/EngineMaterials/Substrate/Glints2/dict_0000_0023" 11658
"/Engine/EngineMaterials/Substrate/Glints2/dict_0000_0024" 11659
"/Engine/EngineMaterials/Substrate/Glints2/dict_0000_0025" 11660
"/Engine/EngineMaterials/Substrate/Glints2/dict_0000_0026" 11661
"/Engine/EngineMaterials/Substrate/Glints2/dict_0000_0027" 11662
"/Engine/EngineMaterials/Substrate/Glints2/dict_0000_0028" 11663
"/Engine/EngineMaterials/Substrate/Glints2/dict_0000_0029" 11664
"/Engine/EngineMaterials/Substrate/Glints2/dict_0000_0030" 11665
"/Engine/EngineMaterials/Substrate/Glints2/dict_0000_0031" 11666
"/Engine/EngineMaterials/Substrate/Glints2/dict_0000_0032" 11667
"/Engine/EngineMaterials/Substrate/Glints2/dict_0000_0033" 11668
"/Engine/EngineMaterials/Substrate/Glints2/dict_0000_0034" 11669
"/Engine/EngineMaterials/Substrate/Glints2/dict_0000_0035" 11670
"/Engine/EngineMaterials/Substrate/Glints2/dict_0000_0036" 11671
"/Engine/EngineMaterials/Substrate/Glints2/dict_0000_0037" 11672
"../../../Engine/Content/EngineMaterials/Substrate/Volume/SubstrateSimpleVolumeLUT2D.uasset" 11673
"../../../Engine/Content/EngineMaterials/Substrate/Volume/SubstrateSimpleVolumeEnvLUT2D.uasset" 11674
"../../../Engine/Content/EngineMaterials/Substrate/Volume/SubstrateSimpleVolumeLUT3D.uasset" 11675
"../../../Engine/Content/EngineMaterials/Substrate/Volume/SubstrateSimpleVolumeEnvLUT3D.uasset" 11676
"../../../Engine/Content/EngineMaterials/DefaultCalibrationColor.uasset" 11677
"../../../Engine/Content/EngineMaterials/PPM_DefaultCalibrationColor.uasset" 11678
"../../../Engine/Content/EngineMaterials/Substrate/Glints2/dict_0000_0003.uasset" 11679
"../../../Engine/Content/EngineMaterials/Substrate/Glints2/dict_0000_0005.uasset" 11680
"../../../Engine/Content/Functions/MaterialLayerFunctions/MatLayerBlend_OverrideOpacity.uasset" 11681
"../../../Engine/Content/EngineMaterials/Substrate/Glints2/dict_0000_0000.uasset" 11682
"../../../Engine/Content/EngineMaterials/Substrate/Glints2/dict_0000_0004.uasset" 11683
"../../../Engine/Content/EngineMaterials/DefaultCalibrationGrayscale.uasset" 11684
"../../../Engine/Content/EngineMaterials/PPM_DefaultCalibrationGrayscale.uasset" 11685
"../../../Engine/Content/EngineMaterials/Substrate/Glints2/dict_0000_0001.uasset" 11686
"../../../Engine/Plugins/Interchange/Assets/Content/Functions/MX_Surface.uasset" 11687
"../../../Engine/Content/EngineMaterials/Substrate/Glints2/dict_0000_0002.uasset" 11688
"../../../Engine/Content/EngineMaterials/Substrate/Glints2/AGlintTex2dArray2.uasset" 11689
"../../../Engine/Content/Functions/Engine_MaterialFunctions03/Procedurals/HeightToNormalSmooth.uasset" 11690
"../../../Engine/Plugins/Interchange/Assets/Content/Functions/MX_Displacement.uasset" 11691
"../../../Engine/Plugins/NNE/NNEDenoiser/Content/NNEDIM_ColorAlbedoNormal_Default.uasset" 11692
"../../../Engine/Plugins/NNE/NNEDenoiser/Content/NNEDIM_ColorAlbedoNormal_Alpha.uasset" 11693
"../../../Engine/Plugins/NNE/NNEDenoiser/Content/NNEDIM_HighQuality_Alpha.uasset" 11694
"../../../Engine/Plugins/NNE/NNEDenoiser/Content/NNEDIM_HighQuality_Default.uasset" 11695
"../../../Engine/Plugins/NNE/NNEDenoiser/Content/NNEDOM_Output_Alpha.uasset" 11696
"../../../Engine/Plugins/NNE/NNEDenoiser/Content/NNEDOM_Output_Default.uasset" 11697
"../../../Engine/Plugins/NNE/NNEDenoiser/Content/NNEDTIM_ColorAlbedoNormal_Alpha.uasset" 11698
"../../../Engine/Plugins/NNE/NNEDenoiser/Content/NNEDTIM_ColorAlbedoNormal_Default.uasset" 11699
"../../../Engine/Plugins/NNE/NNEDenoiser/Content/NNEDTOM_Output_Alpha.uasset" 11700
"../../../Engine/Plugins/NNE/NNEDenoiser/Content/NNEDTOM_Output_Default.uasset" 11701
"../../../Engine/Plugins/NNE/NNEDenoiser/Content/NNEDT_Oidn2-3_Balanced.uasset" 11702
"../../../Engine/Plugins/NNE/NNEDenoiser/Content/NNEDT_Oidn2-3_Balanced_Alpha.uasset" 11703
"../../../Engine/Plugins/NNE/NNEDenoiser/Content/NNED_Oidn2-3_Balanced.uasset" 11704
"/NNEDenoiser/NNED_Oidn2-3_Balanced" 11705
"/NNEDenoiser/NNEDT_Oidn2-3_Balanced_Alpha" 11706
"/NNEDenoiser/NNEDT_Oidn2-3_Balanced" 11707
"/NNEDenoiser/NNEDTOM_Output_Default" 11708
"/NNEDenoiser/NNEDTOM_Output_Alpha" 11709
"/NNEDenoiser/NNEDTIM_ColorAlbedoNormal_Default" 11710
"/NNEDenoiser/NNEDTIM_ColorAlbedoNormal_Alpha" 11711
"/NNEDenoiser/NNEDOM_Output_Default" 11712
"/NNEDenoiser/NNEDOM_Output_Alpha" 11713
"/NNEDenoiser/NNEDIM_HighQuality_Default" 11714
"/NNEDenoiser/NNEDIM_HighQuality_Alpha" 11715
"/NNEDenoiser/NNEDIM_ColorAlbedoNormal_Default" 11716
"/NNEDenoiser/NNEDIM_ColorAlbedoNormal_Alpha" 11717
"/InterchangeAssets/Functions/MX_Displacement" 11718
"/InterchangeAssets/Functions/MX_Surface" 11719
"/Engine/EngineMaterials/PPM_DefaultCalibrationGrayscale" 11720
"/Engine/EngineMaterials/PPM_DefaultCalibrationColor" 11721
"/Engine/EngineMaterials/Substrate/Volume/SubstrateSimpleVolumeEnvLUT3D" 11722
"/Engine/EngineMaterials/Substrate/Volume/SubstrateSimpleVolumeLUT3D" 11723
"/Engine/EngineMaterials/Substrate/Glints2/AGlintTex2dArray2" 11724
"../../../Engine/Plugins/FX/Niagara/Content/ParameterDefinitions/DecalRenderer.uasset" 11725
"../../../Engine/Plugins/NNE/NNEDenoiser/Content/NNED_Oidn2-3_Fast.uasset" 11726
"../../../Engine/Plugins/NNE/NNEDenoiser/Content/NNED_Oidn2-3_Fast_Alpha.uasset" 11727
"../../../Engine/Plugins/NNE/NNEDenoiser/Content/NNED_Oidn2-3_HighQuality_Alpha.uasset" 11728
"../../../Engine/Content/EditorResources/BSPVertex.uasset" 11729
"../../../Engine/Plugins/NNE/NNEDenoiser/Content/NNE_oidn2-3-0_rt_hdr_alb_nrm_small__dyn__fp16_opset11_DenoiseAlpha.uasset" 11730
"../../../Engine/Plugins/NNE/NNEDenoiser/Content/NNE_oidn2-3-0_rt_hdr_calb_cnrm_large__dyn__fp16_opset11_ForwardAlpha.uasset" 11731
"../../../Engine/Plugins/NNE/NNEDenoiser/Content/NNE_oidn2-3-0_rt_hdr_calb_cnrm_large__dyn__fp16_opset11_DenoiseAlpha.uasset" 11732
"../../../Engine/Plugins/NNE/NNEDenoiser/Content/NNE_oidn2-3-0_rt_hdr_alb_nrm_small__dyn__fp16_opset11_ForwardAlpha.uasset" 11733
"../../../Engine/Plugins/NNE/NNEDenoiser/Content/NNE_oidn2-3-0_rt_hdr_alb_nrm__dyn__fp16_opset11_DenoiseAlpha.uasset" 11734
"../../../Engine/Content/EngineMaterials/DefaultBloomKernel.uasset" 11735
"../../../Engine/Plugins/FX/Niagara/Content/ParameterDefinitions/LightRenderer.uasset" 11736
"../../../Engine/Plugins/NNE/NNEDenoiser/Content/NNE_oidn2-3-0_rt_hdr_alb_nrm__dyn__fp16_opset11_ForwardAlpha.uasset" 11737
"../../../Engine/Plugins/NNE/NNEDenoiser/Content/NNED_Oidn2-3_Balanced_Alpha.uasset" 11738
"../../../Engine/Plugins/NNE/NNEDenoiser/Content/NNED_Oidn2-3_HighQuality.uasset" 11739
"../../../Engine/Content/EngineResources/FilmGrains/Marcie_Grain_v3_128_M2_000.uasset" 11740
"../../../Engine/Content/EngineDebugMaterials/DebugEditorMaterial.uasset" 11741
"../../../Engine/Content/EngineResources/Development/ZenLogo_64.uasset" 11742
"../../../Engine/Content/EngineMaterials/FastBlueNoise_scalar_128x128x64.uasset" 11743
"../../../Engine/Content/EngineMaterials/FastBlueNoise_scalar_128x128x8.uasset" 11744
"../../../Engine/Content/EngineMaterials/FastBlueNoise_vec2_128x128x64.uasset" 11745
"../../../Engine/Content/EngineMaterials/EnergyConservation/SheenLegacy_Energy.uasset" 11746
"../../../Engine/Content/EngineMaterials/SMAAAreaTex.uasset" 11747
"../../../Engine/Content/EngineMaterials/SMAASearchTex.uasset" 11748
"../../../Engine/Plugins/Interchange/Runtime/Content/Pipelines/DefaultAssetsPipeline.uasset" 11749
"../../../Engine/Plugins/Interchange/Runtime/Content/Pipelines/DefaultMaterialXPipeline.uasset" 11750
"../../../Engine/Plugins/Interchange/Runtime/Content/Pipelines/DefaultGLTFAssetsPipeline.uasset" 11751
"/Engine/EngineMaterials/FastBlueNoise_vec2_128x128x64" 11752
"../../../Engine/Plugins/Interchange/Runtime/Content/Pipelines/DefaultGLTFPipeline.uasset" 11753
"/Engine/EngineMaterials/FastBlueNoise_scalar_128x128x64" 11754
"/Engine/EngineDebugMaterials/DebugEditorMaterial" 11755
"../../../Engine/Plugins/Interchange/Runtime/Content/Pipelines/DefaultMaterialPipeline.uasset" 11756
"/Engine/EngineMaterials/DefaultBloomKernel" 11757
"../../../Engine/Plugins/Interchange/Runtime/Content/Pipelines/DefaultTexturePipeline.uasset" 11758
"/Engine/EditorResources/BSPVertex" 11759
"/NNEDenoiser/NNE_oidn2-3-0_rt_hdr_calb_cnrm_large__dyn__fp16_opset11_DenoiseAlpha" 11760
"../../../Engine/Plugins/Interchange/Runtime/Content/Pipelines/DefaultAudioPipeline.uasset" 11761
"../../../Engine/Plugins/Interchange/Runtime/Content/Pipelines/DefaultSceneAssetsPipeline.uasset" 11762
"/NNEDenoiser/NNE_oidn2-3-0_rt_hdr_alb_nrm_small__dyn__fp16_opset11_DenoiseAlpha" 11763
"/NNEDenoiser/NNED_Oidn2-3_HighQuality_Alpha" 11764
"/NNEDenoiser/NNED_Oidn2-3_Fast_Alpha" 11765
"/NNEDenoiser/NNED_Oidn2-3_Fast" 11766
"/NNEDenoiser/NNED_Oidn2-3_Balanced_Alpha" 11767
"../../../Engine/Plugins/Interchange/Runtime/Content/Pipelines/DefaultGLTFSceneAssetsPipeline.uasset" 11768
"../../../Engine/Plugins/Interchange/Assets/Content/Functions/MX_DielectricBSDF.uasset" 11769
"../../../Engine/Plugins/Interchange/Assets/Content/Functions/MX_BurleyDiffuseBSDF.uasset" 11770
"../../../Engine/Plugins/Interchange/Assets/Content/Functions/MX_ConductorBSDF.uasset" 11771
"../../../Engine/Plugins/Interchange/Assets/Content/Functions/MX_SubsurfaceBSDF.uasset" 11772
"/Interchange/Pipelines/DefaultSceneAssetsPipeline" 11773
"../../../Engine/Plugins/Interchange/Assets/Content/Functions/MX_GeneralizedSchlickBSDF.uasset" 11774
"../../../Engine/Plugins/Interchange/Assets/Content/Substrate/MX_SimpleVolume.uasset" 11775
"../../../Engine/Plugins/Interchange/Assets/Content/Functions/MX_SurfaceUnlit.uasset" 11776
"../../../Engine/Plugins/Interchange/Assets/Content/Functions/MX_TranslucentBSDF.uasset" 11777
"../../../Engine/Plugins/Interchange/Assets/Content/Functions/MX_OrenNayarBSDF.uasset" 11778
"../../../Engine/Plugins/Interchange/Runtime/Content/Pipelines/DefaultSceneLevelPipeline.uasset" 11779
"../../../Engine/Plugins/Interchange/Assets/Content/Functions/MX_SheenBSDF.uasset" 11780
"../../../Engine/Plugins/Interchange/Assets/Content/Functions/MX_UsdPreviewSurface.uasset" 11781
"/Interchange/Pipelines/DefaultAudioPipeline" 11782
"/Interchange/Pipelines/DefaultTexturePipeline" 11783
"C:/Tidy/TidyPrototype/Intermediate/ORTOptimizerPass_OptimizedA1C111A342452AB5D8483C8BFE497DB9.onnx" 11784
"C:/Tidy/TidyPrototype/Intermediate/ORTOptimizerPass_Optimized04B1306746756033B56434B6139F785C.onnx" 11785
"C:/Tidy/TidyPrototype/Intermediate/ORTOptimizerPass_Optimized53F83C5348716BB98968EF9352B243E8.onnx" 11786
"C:/Tidy/TidyPrototype/Intermediate/ORTOptimizerPass_Optimized653D334040AF25748B0C8BBC7BC13BFE.onnx" 11787
"/Interchange/Pipelines/DefaultMaterialPipeline" 11788
"/Interchange/Pipelines/DefaultGLTFPipeline" 11789
"/Interchange/Pipelines/DefaultGLTFAssetsPipeline" 11790
"/Interchange/Pipelines/DefaultMaterialXPipeline" 11791
"/Interchange/Pipelines/DefaultAssetsPipeline" 11792
"/Engine/EngineMaterials/SMAASearchTex" 11793
"/Engine/EngineMaterials/SMAAAreaTex" 11794
"/Engine/EngineMaterials/EnergyConservation/SheenLegacy_Energy" 11795
"/Engine/EngineMaterials/FastBlueNoise_scalar_128x128x8" 11796
"/Engine/EngineResources/Development/ZenLogo_64" 11797
"/Engine/EngineResources/FilmGrains/Marcie_Grain_v3_128_M2_000" 11798
"/NNEDenoiser/NNE_oidn2-3-0_rt_hdr_calb_cnrm_large__dyn__fp16_opset11_ForwardAlpha" 11799
"/NNEDenoiser/NNE_oidn2-3-0_rt_hdr_alb_nrm__dyn__fp16_opset11_ForwardAlpha" 11800
"/NNEDenoiser/NNE_oidn2-3-0_rt_hdr_alb_nrm__dyn__fp16_opset11_DenoiseAlpha" 11801
"/NNEDenoiser/NNE_oidn2-3-0_rt_hdr_alb_nrm_small__dyn__fp16_opset11_ForwardAlpha" 11802
"/NNEDenoiser/NNED_Oidn2-3_HighQuality" 11803
"C:/Tidy/TidyPrototype/Intermediate/ORTOptimizerPass_Optimized94117D7C4DF7FE204B47B48028D6DC2A.onnx" 11804
"C:/Tidy/TidyPrototype/Intermediate/ORTOptimizerPass_OptimizedD032D0D242F6AE430DF91584F7C496D1.onnx" 11805
"C:/Tidy/TidyPrototype/Intermediate/ORTOptimizerPass_Optimized039058244507D9D10514B187A4E99688.onnx" 11806
"C:/Tidy/TidyPrototype/Intermediate/ORTOptimizerPass_Optimized69DB71B7431AB42279C2008CF159232A.onnx" 11807
"C:/Tidy/TidyPrototype/Intermediate/ORTOptimizerPass_OptimizedD0C5EB664991CEB4B45A8B9BE9AD1076.onnx" 11808
"C:/Tidy/TidyPrototype/Intermediate/ORTOptimizerPass_Optimized8BFF00C74F110011968914951F4B4517.onnx" 11809
"../../../Engine/Plugins/Interchange/Assets/Content/Functions/MX_UniformEDF.uasset" 11810
"../../../Engine/Plugins/Interchange/Assets/Content/Functions/MX_ConicalEDF.uasset" 11811
"/InterchangeAssets/Functions/MX_SheenBSDF" 11812
"../../../Engine/Plugins/Interchange/Assets/Content/Functions/MX_MeasuredEDF.uasset" 11813
"../../../Engine/Plugins/Animation/ControlRig/Content/Controls/ControlRigGizmoMaterial.uasset" 11814
"../../../Engine/Plugins/Interchange/Assets/Content/Functions/MX_ChiangHairBSDF.uasset" 11815
"../../../Engine/Plugins/Interchange/Assets/Content/Functions/MX_AbsorptionVDF.uasset" 11816
"../../../Engine/Plugins/Interchange/Assets/Content/Functions/MX_AnisotropicVDF.uasset" 11817
"/InterchangeAssets/Functions/MX_SubsurfaceBSDF" 11818
"/InterchangeAssets/Functions/MX_GeneralizedSchlickBSDF" 11819
"/InterchangeAssets/Functions/MX_ConductorBSDF" 11820
"/InterchangeAssets/Functions/MX_DielectricBSDF" 11821
"/InterchangeAssets/Functions/MX_TranslucentBSDF" 11822
"/InterchangeAssets/Functions/MX_BurleyDiffuseBSDF" 11823
"/InterchangeAssets/Functions/MX_OrenNayarBSDF" 11824
"/InterchangeAssets/Substrate/MX_SimpleVolume" 11825
"/InterchangeAssets/Functions/MX_UsdPreviewSurface" 11826
"/InterchangeAssets/Functions/MX_SurfaceUnlit" 11827
"/Interchange/Pipelines/DefaultGLTFSceneAssetsPipeline" 11828
"C:/Tidy/TidyPrototype/Intermediate/ORTOptimizerPass_OptimizedC132B17A4474A43F498D00A86AFB9201.onnx" 11829
"C:/Tidy/TidyPrototype/Intermediate/ORTOptimizerPass_Optimized158BACB5416681CAE67BD1B450DE4A1A.onnx" 11830
"/Interchange/Pipelines/DefaultSceneLevelPipeline" 11831
"/ControlRig/Controls/ControlRigGizmoMaterial" 11832
"/InterchangeAssets/Functions/MX_AnisotropicVDF" 11833
"/InterchangeAssets/Functions/MX_AbsorptionVDF" 11834
"/InterchangeAssets/Functions/MX_MeasuredEDF" 11835
"/InterchangeAssets/Functions/MX_ConicalEDF" 11836
"/InterchangeAssets/Functions/MX_UniformEDF" 11837
"/InterchangeAssets/Functions/MX_ChiangHairBSDF" 11838
"C:/Tidy/TidyPrototype/Saved/Cooked/Windows/TidyPrototype/Metadata/CookedSettings.txt" 11839
